Region_ID,Date,lon,lat,ValidFrac_Land,WaterFrac_Valid,ValidPixCount,WaterPixCount,LandPixCount,WI_mean,NDWI_mean,DSWE_mean,system:index,Precip_mm,.geo,rain_sum_7,rain_sum_15,rain_sum_30,rain_sum_60,rain_sum_90,rain_days_7
1,2015-01-26,-13.75,9.25,0.0,0.0,0.0,0.0,859329,,,0.0,25_0,1.862645149230957e-06,"{""type"":""MultiPoint"",""coordinates"":[]}",0.16746111214160894,0.17131585627794227,0.17306581139564475,0.17306581139564475,0.17306581139564475,0.0
6,2015-01-26,-13.75,9.5,0.0695757021225617,0.9847722536831472,59852.915205146506,58941.490196078434,860256,0.5501841086113067,0.4664324494800956,0.2794014559899147,25_1,1.862645149230957e-06,"{""type"":""MultiPoint"",""coordinates"":[]}",0.22208690643310525,0.23356638848781544,0.23990031331777517,0.23990031331777517,0.23990031331777517,0.0
11,2015-01-26,-13.75,9.75,0.2801397340432124,0.1531260910363479,240732.1975156197,36862.38039215686,859329,-0.1967442363681529,-0.4014380113904463,0.1641981497503561,25_2,0.0003501772880554199,"{""type"":""MultiPoint"",""coordinates"":[]}",0.03794766962528217,0.042993575334548756,0.0449875369668004,0.0449875369668004,0.0449875369668004,0.0
2,2015-01-26,-13.5,9.25,0.0,0.0,0.0,0.0,860256,,,0.0,25_3,1.862645149230957e-06,"{""type"":""MultiPoint"",""coordinates"":[]}",0.15091244131326642,0.1558288931846615,0.1666033640503879,0.1666033640503879,0.1666033640503879,0.0
7,2015-01-26,-13.5,9.5,0.0,0.0,0.0,0.0,861184,,,0.0,25_4,1.862645149230957e-06,"{""type"":""MultiPoint"",""coordinates"":[]}",0.16008224338293053,0.16425922513008084,0.16540940850973093,0.16540940850973093,0.16540940850973093,0.0
12,2015-01-26,-13.5,9.75,0.0,0.0,0.0,0.0,860256,,,0.0,25_5,1.862645149230957e-06,"{""type"":""MultiPoint"",""coordinates"":[]}",0.0020982697606085547,0.014778226613998241,0.01478474587202055,0.01478474587202055,0.01478474587202055,0.0
3,2015-01-26,-13.25,9.25,0.0,0.0,0.0,0.0,860256,,,0.0,25_6,0.0017452985048294,"{""type"":""MultiPoint"",""coordinates"":[]}",0.34600123763084395,0.3460170701146124,0.34773908555507643,0.34773908555507643,0.34773908555507643,0.0
8,2015-01-26,-13.25,9.5,0.0,0.0,0.0,0.0,861184,,,0.0,25_7,0.1522460952401161,"{""type"":""MultiPoint"",""coordinates"":[]}",1.1437283828854559,1.1462094262242315,1.1462159454822538,1.1462159454822538,1.1462159454822538,0.0
13,2015-01-26,-13.25,9.75,0.0,0.0,0.0,0.0,860256,,,0.0,25_8,0.6736991927027702,"{""type"":""MultiPoint"",""coordinates"":[]}",0.41125621646642685,0.41689816862344725,0.41690468788146956,0.41690468788146956,0.41690468788146956,0.0
4,2015-01-26,-13.0,9.25,0.0,0.0,0.0,0.0,859329,,,0.0,25_9,0.6410097703337669,"{""type"":""MultiPoint"",""coordinates"":[]}",0.7543144747614858,0.7543303072452543,0.7554804906249044,0.7554804906249044,0.7554804906249044,0.0
9,2015-01-26,-13.0,9.5,0.0,0.0,0.0,0.0,860256,,,0.0,25_10,0.5338583141565323,"{""type"":""MultiPoint"",""coordinates"":[]}",1.1418368667364118,1.1427216231822965,1.1427281424403188,1.1427281424403188,1.1427281424403188,0.0
14,2015-01-26,-13.0,9.75,0.0,0.0,0.0,0.0,859329,,,0.0,25_11,0.1684259623289108,"{""type"":""MultiPoint"",""coordinates"":[]}",0.22765621542930597,0.22951886057853693,0.22952537983655924,0.22952537983655924,0.22952537983655924,0.0
5,2015-01-26,-12.75,9.25,0.0,0.0,0.0,0.0,860256,,,0.0,25_12,0.1820381730794906,"{""type"":""MultiPoint"",""coordinates"":[]}",0.4994478076696395,0.49946364015340794,0.49947015941143025,0.49947015941143025,0.49947015941143025,0.0
10,2015-01-26,-12.75,9.5,0.0,0.0,0.0,0.0,861184,,,0.0,25_13,0.1657875254750251,"{""type"":""MultiPoint"",""coordinates"":[]}",0.4972098395228385,0.49722567200660694,0.49723219126462925,0.49723219126462925,0.49723219126462925,0.0
15,2015-01-26,-12.75,9.75,0.0,0.0,0.0,0.0,860256,,,0.0,25_14,1.862645149230957e-06,"{""type"":""MultiPoint"",""coordinates"":[]}",0.16578659415245045,0.16678031533956517,0.16678683459758747,0.16678683459758747,0.16678683459758747,0.0
1,2015-02-04,-13.75,9.25,0.5798519370974258,0.9785070085012376,498283.58525399375,487573.9803921568,859329,0.5915595769710037,0.3630377688552527,2.304174089717994,34_0,0.0,"{""type"":""MultiPoint"",""coordinates"":[]}",0.03730040043592443,0.20558759570121732,0.21119136363267849,0.21119322627782772,0.21119322627782772,0.0
6,2015-02-04,-13.75,9.5,0.9795956337462188,0.5442530785126896,842703.0215039871,458643.7137254902,860256,0.2480630299967086,-0.0048763273512903,2.133027904982208,34_1,0.0,"{""type"":""MultiPoint"",""coordinates"":[]}",0.04133302718400943,0.2697519958019253,0.2875644713640206,0.2875663340091698,0.2875663340091698,0.0
11,2015-02-04,-13.75,9.75,0.979828238796496,0.1141817372488431,841994.8206167541,96140.43137254902,859329,-0.2804495305249566,-0.4697083121502722,0.4221070457646977,34_2,0.0,"{""type"":""MultiPoint"",""coordinates"":[]}",0.024395063519477758,0.06538163870573024,0.07242057472467384,0.07242243736982307,0.07242243736982307,0.0
2,2015-02-04,-13.5,9.25,0.7968425541179534,0.2556345584105775,685488.5882352941,175234.5725490196,860256,-0.1056474758701818,-0.3075086121301651,0.7795812889946192,34_3,0.0,"{""type"":""MultiPoint"",""coordinates"":[]}",0.05116965621709813,0.21343212574720338,0.23682788014411862,0.23682974278926786,0.23682974278926786,0.0
7,2015-02-04,-13.5,9.5,0.9789612722876008,0.0469778100957627,843065.7843137253,39605.384313725495,861184,-0.3556694675415078,-0.4764756989856109,0.1317500099717755,34_4,0.0,"{""type"":""MultiPoint"",""coordinates"":[]}",0.05108024924993505,0.21216832101345035,0.2174945548176761,0.21749641746282533,0.21749641746282533,0.0
12,2015-02-04,-13.5,9.75,0.9791329953198732,0.0001367722106782911,842305.0340218927,115.20392156862744,860256,-0.4934061421408682,-0.5266664752076645,0.00024496729643534205,34_5,0.0,"{""type"":""MultiPoint"",""coordinates"":[]}",0.055497512221336254,0.06138253957033134,0.07507950067520111,0.07508136332035034,0.07508136332035034,0.0
3,2015-02-04,-13.25,9.25,0.9662362375166672,0.0353517482813363,831210.5207411381,29384.745098039217,860256,-0.4127008801782413,-0.5384791840074137,0.0975724529843087,34_6,0.0,"{""type"":""MultiPoint"",""coordinates"":[]}",0.006453134119510556,0.3548022359609601,0.356539152562618,0.3565410152077672,0.3565410152077672,0.0
8,2015-02-04,-13.25,9.5,0.9792166753369004,5.2028047042245984e-05,843285.7333333333,43.87450980392157,861184,-0.5025297016808458,-0.572066691587508,6.848096359886614e-05,34_7,0.0,"{""type"":""MultiPoint"",""coordinates"":[]}",0.016551464796066156,1.3129226863384242,1.3154093176126476,1.3154111802577968,1.3154111802577968,0.0
13,2015-02-04,-13.25,9.75,0.979388430223218,0.00091748044019281,842524.7734301047,773.0,860256,-0.5028666479889804,-0.5376684509094275,0.0013219900902911,34_8,0.0,"{""type"":""MultiPoint"",""coordinates"":[]}",0.03497023135423646,1.12317968159914,1.128827221691608,1.1288290843367572,1.1288290843367572,0.0
4,2015-02-04,-13.0,9.25,0.9821274331250384,0.0011364070439373,843970.5849799061,959.0941176470589,859329,-0.4995214755126897,-0.6056437387567227,0.0011527652484781,34_9,0.0,"{""type"":""MultiPoint"",""coordinates"":[]}",2.3283064365386963e-05,1.3959528878331182,1.3971179723739622,1.3971198350191114,1.3971198350191114,0.0
9,2015-02-04,-13.0,9.5,0.980565393028468,0.00011617744031968614,843537.2627450977,98.0,860256,-0.4984463702848068,-0.5714504129167797,0.00011617744031968614,34_10,0.0,"{""type"":""MultiPoint"",""coordinates"":[]}",0.006193295121192856,1.6822852194309232,1.6831755638122556,1.6831774264574049,1.6831774264574049,0.0
14,2015-02-04,-13.0,9.75,0.980741642086394,0.0027444893430289,842779.7345524589,2313.0,859329,-0.510969642627971,-0.5515503269068284,0.0062461463313707,34_11,0.0,"{""type"":""MultiPoint"",""coordinates"":[]}",0.016771256923675357,0.4132501780986783,0.41511841118335696,0.4151202738285062,0.4151202738285062,0.0
5,2015-02-04,-12.75,9.25,0.9811651461823004,0.0016692424187212,844053.203994201,1408.929411764706,860256,-0.4744908975472801,-0.51693831897878,0.0017209484470825,34_12,0.0,"{""type"":""MultiPoint"",""coordinates"":[]}",0.006164424121379816,0.6888508796691891,0.6888723000884053,0.6888741627335545,0.6888741627335545,0.0
10,2015-02-04,-12.75,9.5,0.9795537885264508,0.0019617371903342,843576.049818363,1654.8745098039217,861184,-0.4724700154833999,-0.4895573461329688,0.0021626344735283,34_13,0.0,"{""type"":""MultiPoint"",""coordinates"":[]}",0.002785585820674853,0.6657904013991354,0.6658118218183515,0.6658136844635008,0.6658136844635008,0.0
15,2015-02-04,-12.75,9.75,0.9797961779557376,0.00024923550348691925,842875.540863491,210.0745098039216,860256,-0.472513765784241,-0.4837155851602655,0.0002946704035333028,34_14,0.0,"{""type"":""MultiPoint"",""coordinates"":[]}",0.006316229701042003,0.1725144684314725,0.1735137775540349,0.17351564019918414,0.17351564019918414,0.0
1,2015-03-08,-13.75,9.25,0.4306339183724061,0.97124819783242,370056.2144410414,359416.431372549,859329,0.4250016964652908,0.3270907477858882,1.552048719393001,66_0,0.0,"{""type"":""MultiPoint"",""coordinates"":[]}",0.008122995495796198,0.01012906432151793,3.889620304107666,4.101769998669623,4.101771861314773,0.0
6,2015-03-08,-13.75,9.5,0.6196719419588724,0.6181598299326099,533076.5061017717,329526.48235294106,860256,0.1992897765916614,0.0661061805380247,1.5058234474081176,66_1,0.0,"{""type"":""MultiPoint"",""coordinates"":[]}",0.012492761015891996,0.015759840607643044,2.208216115832329,2.495781518518924,2.495783381164073,0.0
11,2015-03-08,-13.75,9.75,0.8174807266732836,0.0983657239456829,702484.8953714261,69100.43529411765,859329,-0.2697610952493531,-0.4158860690920126,0.2586347760687131,66_2,0.0,"{""type"":""MultiPoint"",""coordinates"":[]}",0.012685544788837393,0.024508684873580853,0.5386332049965855,0.611054711043834,0.6110565736889833,0.0
2,2015-03-08,-13.5,9.25,0.5388249270805296,0.2694685436055342,463527.37647058815,124906.04705882352,860256,-0.1094959501158551,-0.2542576347476408,0.5319596970592012,66_3,0.0,"{""type"":""MultiPoint"",""coordinates"":[]}",0.007574446499347593,0.03193691372871375,7.524274289608002,7.761103101074695,7.761104963719844,0.0
7,2015-03-08,-13.5,9.5,0.6265468944898114,0.0008858870689421534,539572.1607843137,478.0,861184,-0.3970858078236146,-0.4495178980398487,0.0009975496760132342,66_4,0.0003390014171600342,"{""type"":""MultiPoint"",""coordinates"":[]}",0.004134140908718093,0.04062335938215253,1.6420874744653702,1.859582960605621,1.8595848232507701,0.0
12,2015-03-08,-13.5,9.75,0.9761403293884184,0.0,839730.5751983634,0.0,860256,-0.4431354747147277,-0.4753516136291585,0.0,66_5,0.0,"{""type"":""MultiPoint"",""coordinates"":[]}",0.024244189262390095,0.14467723667621601,1.1566765606403349,1.2317569926381107,1.23175885528326,0.0
3,2015-03-08,-13.25,9.25,0.8697635066107087,0.0110399009235481,748219.2751429018,8260.266666666666,860256,-0.3744355714715957,-0.4921830716696052,0.0172866878680356,66_6,0.0,"{""type"":""MultiPoint"",""coordinates"":[]}",8.381903171539307e-06,0.8479421958327293,9.9494569003582,10.305996984243393,10.305998846888542,0.0
8,2015-03-08,-13.25,9.5,0.9792085469926672,0.0,843278.7333333332,0.0,861184,-0.4350058185436112,-0.504974121528823,0.0,66_7,0.0,"{""type"":""MultiPoint"",""coordinates"":[]}",0.003009103238582593,0.8648857474327086,13.133441098034382,14.448851346969604,14.448853209614754,0.0
13,2015-03-08,-13.25,9.75,0.979388430223218,0.0,842524.7734301046,0.0,860256,-0.455210384512473,-0.4913503661603754,0.0,66_8,0.0,"{""type"":""MultiPoint"",""coordinates"":[]}",0.015525147318839992,0.02234056591987591,1.076400279998779,2.205228433012962,2.205230295658111,0.0
4,2015-03-08,-13.0,9.25,0.9820424831233512,0.0,843897.5849799062,0.0,859329,-0.4245639490204571,-0.5386415843090928,0.0,66_9,0.0181216746568679,"{""type"":""MultiPoint"",""coordinates"":[]}",8.381903171539307e-06,0.6377641111612318,9.94688458740711,11.344003491103647,11.344005353748797,0.0
9,2015-03-08,-13.0,9.5,0.980527032354436,0.0,843504.2627450977,0.0,860256,-0.4357179654170077,-0.5094462576192194,0.0,66_10,0.0470252707600593,"{""type"":""MultiPoint"",""coordinates"":[]}",0.003009103238582593,0.46515837311744673,13.964541256427767,15.647717751562597,15.647719614207746,0.0
14,2015-03-08,-13.0,9.75,0.9807404783877406,0.0,842778.7345524587,0.0,859329,-0.4539586966883971,-0.498969353371878,0.0,66_11,0.0,"{""type"":""MultiPoint"",""coordinates"":[]}",0.005926005542278193,0.09795930236577977,3.073978237807751,3.4890975803136826,3.489099442958832,0.0
5,2015-03-08,-12.75,9.25,0.9808737057060002,0.0,843802.4905758209,0.0,860256,-0.4238265595333564,-0.4663376148490941,0.0,66_12,0.0181216746568679,"{""type"":""MultiPoint"",""coordinates"":[]}",8.381903171539307e-06,0.42598694562911976,6.311080418527125,6.999953649938106,6.999955512583255,0.0
10,2015-03-08,-12.75,9.5,0.9795537885264508,0.0,843576.049818363,0.0,861184,-0.4124268991524754,-0.4284024189627307,0.0,66_13,0.0447314232587814,"{""type"":""MultiPoint"",""coordinates"":[]}",8.381903171539307e-06,0.18975045531988133,7.158004678785801,7.823817431926727,7.8238192945718765,0.0
15,2015-03-08,-12.75,9.75,0.9797961779557376,0.0,842875.5408634911,0.0,860256,-0.4091866624198237,-0.4183112579368339,0.0,66_14,0.0,"{""type"":""MultiPoint"",""coordinates"":[]}",0.001251697540283193,0.05490612238645544,1.2118471786379812,1.3853618875145908,1.38536375015974,0.0
1,2015-04-09,-13.75,9.25,0.5137212955850456,0.998043221721284,441455.6072138017,440591.7764705884,859329,0.3997071169792904,0.3671231585574827,1.7123274054554505,98_0,3.725290298461914e-06,"{""type"":""MultiPoint"",""coordinates"":[]}",0.15928596258163433,0.20467117428779577,0.4046810790896411,4.294300451874733,4.505109041929244,0.0
6,2015-04-09,-13.75,9.5,0.5521628977195994,0.7231225957550004,475001.4457406717,343484.2784313725,860256,0.2397856937870044,0.1596473702372296,1.586901851611786,98_1,3.725290298461914e-06,"{""type"":""MultiPoint"",""coordinates"":[]}",0.08798670023679704,0.12782029807567558,0.381196849048137,2.5888588279485694,2.8706472367048246,0.0
11,2015-04-09,-13.75,9.75,0.5970172906588782,0.0514146747466164,513034.27136460313,26377.490196078437,859329,-0.356850562621938,-0.4525648706245744,0.0881013717462454,98_2,3.725290298461914e-06,"{""type"":""MultiPoint"",""coordinates"":[]}",0.03249291330575933,0.042974948883056474,0.8428292348980897,1.381461508572101,1.451892778277396,0.0
2,2015-04-09,-13.5,9.25,0.5261186410173934,0.2603445011250677,452596.7176470588,117831.06666666668,860256,-0.1488899791061429,-0.2981689264555168,0.3960939897586432,98_3,3.725290298461914e-06,"{""type"":""MultiPoint"",""coordinates"":[]}",0.13816915452480283,0.17710682004690137,0.972703099250793,8.496976457536219,8.724731393158434,0.0
7,2015-04-09,-13.5,9.5,0.7151677453457603,0.001867640066956,615891.0196078432,1150.2627450980392,861184,-0.4086785866384594,-0.4712623920664247,0.0020544439173971,98_4,3.725290298461914e-06,"{""type"":""MultiPoint"",""coordinates"":[]}",0.16302615404129006,0.17669145017862287,2.0990278571844097,3.7414534017443652,3.958946093916892,0.0
12,2015-04-09,-13.5,9.75,0.9441625797645948,0.0,812221.5242179713,0.0,860256,-0.4650448123959764,-0.4942988833260168,0.0,98_5,3.725290298461914e-06,"{""type"":""MultiPoint"",""coordinates"":[]}",0.3656204789876935,0.36745518445968595,5.169556476175784,6.326232105493545,6.401309743523597,0.0
3,2015-04-09,-13.25,9.25,0.8162476319407584,0.0097880952294956,702181.9228628291,6873.023529411765,860256,-0.4329409993440841,-0.5452641277322156,0.0133968761612931,98_6,0.0052526593208312,"{""type"":""MultiPoint"",""coordinates"":[]}",1.3868454843759537,1.4008618891239166,4.85185720026493,14.801313169300556,15.157850459218025,0.0
8,2015-04-09,-13.25,9.5,0.944341442916346,0.0,813251.7411764705,0.0,861184,-0.4709190752955487,-0.5407875028369924,0.0,98_7,0.019247643649578,"{""type"":""MultiPoint"",""coordinates"":[]}",3.588447347283364,3.6341398954391484,10.892906226217747,24.02922511100769,25.34463256597519,1.0
13,2015-04-09,-13.25,9.75,0.9793721559978712,0.0,842510.7734301047,0.0,860256,-0.4837301024627696,-0.5210005258670324,0.0,98_8,3.725290298461914e-06,"{""type"":""MultiPoint"",""coordinates"":[]}",0.4390683025121688,0.4394473508000373,15.908687375485897,16.997432336211205,18.126257695257664,0.0
4,2015-04-09,-13.0,9.25,0.9821274331250384,0.0,843970.5849799061,0.0,859329,-0.4930884447320655,-0.6027506280209738,0.0,98_9,0.0406019389629364,"{""type"":""MultiPoint"",""coordinates"":[]}",4.932617768645287,5.19225187599659,12.032863683998585,22.04893436282873,23.446050472557545,3.0
9,2015-04-09,-13.0,9.5,0.9801794613988136,0.0,843205.2627450977,0.0,860256,-0.495159931906635,-0.5741150697705087,0.0,98_10,0.0144876539707183,"{""type"":""MultiPoint"",""coordinates"":[]}",8.336844854056835,9.001928381621838,20.554247312247753,34.6993887796998,36.38256248086691,3.0
14,2015-04-09,-13.0,9.75,0.9807416420863936,0.0,842779.7345524586,0.0,859329,-0.5013421789226221,-0.5516795095054002,0.0,98_11,3.725290298461914e-06,"{""type"":""MultiPoint"",""coordinates"":[]}",0.8862419053912162,0.8862521499395369,12.784195132553576,15.917162410914896,16.332278959453102,0.0
5,2015-04-09,-12.75,9.25,0.9811651461823004,0.0,844053.203994201,0.0,860256,-0.4950926345885202,-0.5465170472922407,0.0,98_12,0.0537084415555,"{""type"":""MultiPoint"",""coordinates"":[]}",4.088053479790688,4.347687587141991,10.665934532880783,17.196426168084145,17.8852966055274,2.0
10,2015-04-09,-12.75,9.5,0.9795526273344176,0.0,843575.049818363,0.0,861184,-0.4920419108227279,-0.5241875536909901,0.0,98_13,0.0057155266404151,"{""type"":""MultiPoint"",""coordinates"":[]}",4.668190144002438,4.9526141956448555,10.410385206341743,17.72331353276968,18.389123491942883,2.0
15,2015-04-09,-12.75,9.75,0.9797961779557376,0.0,842875.540863491,0.0,860256,-0.4727471714782973,-0.4898023381647391,0.0,98_14,3.725290298461914e-06,"{""type"":""MultiPoint"",""coordinates"":[]}",1.5332233160734177,1.5332335606217384,6.387951783835888,7.629500702023505,7.803012616932391,1.0
1,2015-05-11,-13.75,9.25,0.9724567043928012,0.98820026099019,835660.2473291614,825799.6745098039,859329,0.4786465648549341,0.423985839283271,3.4093862136148667,130_0,1.7461031675338743,"{""type"":""MultiPoint"",""coordinates"":[]}",4.028323106467724,7.270636968314648,8.96443985402584,9.369123727083204,13.25703877955675,1.0
6,2015-05-11,-13.75,9.5,0.5814198466936208,0.5970419504650445,500169.91163726745,298622.4196078431,860256,0.3260513222997723,0.208649363288276,1.3813876869204298,130_1,2.219501882791519,"{""type"":""MultiPoint"",""coordinates"":[]}",3.969769924879074,7.445023395121097,8.874977007508276,9.256176650524138,11.460223235189913,2.0
11,2015-05-11,-13.75,9.75,0.0,0.0,0.0,0.0,859329,,,0.0,130_2,0.7654717192053795,"{""type"":""MultiPoint"",""coordinates"":[]}",8.23299866169691,10.616282932460308,11.259724386036394,12.102556414902208,12.641189619898794,2.0
2,2015-05-11,-13.5,9.25,0.8743206381128018,0.3469860513920192,752139.5748603664,260981.94117647057,860256,-0.0619487004743959,-0.2077258733398401,1.146484366783864,130_3,1.4032339677214622,"{""type"":""MultiPoint"",""coordinates"":[]}",8.005826734006405,13.274477794766426,16.158378683030605,17.131084576249123,24.649707600474354,3.0
7,2015-05-11,-13.5,9.5,0.3597806795131847,0.0502014668593749,309837.36470588244,15554.290196078431,861184,-0.3215618725469055,-0.4416742154068125,0.0493182317431326,130_4,1.3386057689785955,"{""type"":""MultiPoint"",""coordinates"":[]}",10.72397455573082,16.298752278089523,17.790920101106167,19.8899507522583,21.53237722814083,3.0
12,2015-05-11,-13.5,9.75,0.0,0.0,0.0,0.0,860256,,,0.0,130_5,1.294874586164951,"{""type"":""MultiPoint"",""coordinates"":[]}",14.222667552530766,19.213518127799034,21.278337575495243,26.445829309523106,27.603577822446823,4.0
3,2015-05-11,-13.25,9.25,0.9484950829950376,0.0200097671033035,815948.5861169791,16326.941176470593,860256,-0.4450081041574783,-0.5747045649699616,0.0386742137928952,130_6,2.749805338680744,"{""type"":""MultiPoint"",""coordinates"":[]}",25.607583113014698,36.73659823834896,43.71173679828644,48.594930209219456,58.555718511343,3.0
8,2015-05-11,-13.25,9.5,0.1685180621371616,0.0,145125.0588235294,0.0,861184,-0.4899354226892883,-0.5905242345640517,0.0,130_7,4.130127839744091,"{""type"":""MultiPoint"",""coordinates"":[]}",27.892989106476307,45.8096107468009,56.3659705221653,67.44899414479733,80.62685746699572,4.0
13,2015-05-11,-13.25,9.75,0.0,0.0,0.0,0.0,860256,,,0.0,130_8,1.4127856120467186,"{""type"":""MultiPoint"",""coordinates"":[]}",23.324294947087765,39.14753906428814,45.69962993264198,61.962428502738476,63.05303983390331,4.0
4,2015-05-11,-13.0,9.25,0.930371383335256,2.501578776165376e-06,799495.1104701022,2.0,859329,-0.5044007038595347,-0.6217116125246397,2.369278012419923e-06,130_9,6.850973702967167,"{""type"":""MultiPoint"",""coordinates"":[]}",37.09424752742052,69.93123423308134,82.61491544544697,94.79619190096855,104.84242532402277,5.0
9,2015-05-11,-13.0,9.5,0.0122342560317658,0.0,10524.592156862744,0.0,860256,-0.5028807776894407,-0.6202469637108284,0.0,130_10,6.917690858244896,"{""type"":""MultiPoint"",""coordinates"":[]}",45.26238236576319,96.34978044778109,116.7236128821969,137.51326221972704,151.67209599167109,7.0
14,2015-05-11,-13.0,9.75,0.0,0.0,0.0,0.0,859329,,,0.0,130_11,2.9503973200917244,"{""type"":""MultiPoint"",""coordinates"":[]}",29.317310079932213,62.900238670408726,74.09027125686407,86.98342554271221,90.11728595942259,6.0
5,2015-05-11,-12.75,9.25,0.7255931742055068,0.0,624195.8816693325,0.0,860256,-0.5034393527982015,-0.5832303681251525,0.0,130_12,7.80218280851841,"{""type"":""MultiPoint"",""coordinates"":[]}",35.46883352100849,67.60934554040432,80.66564612090588,91.55611041933298,98.10482058674097,4.0
10,2015-05-11,-12.75,9.5,0.0,0.0,0.0,0.0,861184,,,0.0,130_13,4.702017642557621,"{""type"":""MultiPoint"",""coordinates"":[]}",31.706982292234898,65.38299284875393,77.13900227099657,87.61491626501083,94.93329748511314,5.0
15,2015-05-11,-12.75,9.75,0.0,0.0,0.0,0.0,860256,,,0.0,130_14,1.5012361109256744,"{""type"":""MultiPoint"",""coordinates"":[]}",15.646557323634624,39.586096070706844,46.15377075970173,52.54880432039499,53.790779784321785,3.0
1,2015-06-12,-13.75,9.25,0.2102873242709501,0.9880528286993916,180705.99607843132,178547.07058823528,859329,0.4038489123545353,0.2801092369599899,0.773277946937429,162_0,1.7859628424048424,"{""type"":""MultiPoint"",""coordinates"":[]}",35.82640923559666,100.93153640627861,143.37044395506382,154.3451976031065,154.78452015668154,7.0
6,2015-06-12,-13.75,9.5,0.3542155628193557,0.7300351060817991,304716.0632087277,222453.42352941167,860256,0.2727233925104576,0.1676116935279376,0.9224221997428428,162_1,2.455750480294228,"{""type"":""MultiPoint"",""coordinates"":[]}",38.05113863199949,86.8566446006298,125.62031764537096,137.5986561179161,138.01767211407423,7.0
11,2015-06-12,-13.75,9.75,0.2453164595850636,0.1050559920609003,210807.5478987731,22146.59607843137,859329,-0.1603323734259434,-0.4042794264578792,0.0529489742061249,162_2,3.142387606203556,"{""type"":""MultiPoint"",""coordinates"":[]}",56.90911039710045,104.15748879313469,138.19310069084167,151.94747410714626,152.81250700354576,7.0
2,2015-06-12,-13.5,9.25,0.2049349286268091,0.0998589319490462,176296.50196078428,17604.78039215686,860256,-0.198651767142924,-0.3722535591413299,0.0555784210461998,162_3,2.676660194993019,"{""type"":""MultiPoint"",""coordinates"":[]}",35.706606693565845,78.72630190104246,122.50497192144394,140.35497698932886,141.45104121416807,7.0
7,2015-06-12,-13.5,9.5,0.3916225823526498,0.0064098736630849,337259.10196078435,2161.788235294118,861184,-0.2908439897512792,-0.4785920734305557,0.0032533501967783,162_4,2.169059589505196,"{""type"":""MultiPoint"",""coordinates"":[]}",39.080411195755005,78.30992434173822,123.24730586260557,143.38715467602015,145.60000225901604,7.0
12,2015-06-12,-13.5,9.75,0.511938114152383,0.0,440397.8343282724,0.0,860256,-0.3944467785179038,-0.5684614208466915,0.0,162_5,3.062882460653782,"{""type"":""MultiPoint"",""coordinates"":[]}",65.06156921386719,105.33095896244049,159.49037857353687,184.8005596548319,190.41265733540058,7.0
3,2015-06-12,-13.25,9.25,0.2745375476736317,0.0024723197583467,236172.57261152775,583.8941176470588,860256,-0.3010326854295748,-0.5141875050090092,0.0006919104697695356,162_6,4.649292677640915,"{""type"":""MultiPoint"",""coordinates"":[]}",83.70666671544313,154.07188143581152,267.99460779875517,316.612359136343,322.209395468235,7.0
8,2015-06-12,-13.25,9.5,0.3307870759964212,0.0,284868.53725490207,0.0,861184,-0.3627326372107965,-0.5626953357565139,0.0,162_7,6.607187911868095,"{""type"":""MultiPoint"",""coordinates"":[]}",123.13412921503188,191.43588608130813,352.85168839618564,418.10175171121955,431.75003165379167,7.0
13,2015-06-12,-13.25,9.75,0.5614210302339094,0.0,482965.809784902,0.0,860256,-0.4182696611737567,-0.58401354196996,0.0,162_8,4.392467439174652,"{""type"":""MultiPoint"",""coordinates"":[]}",92.67583908513188,140.8153115771711,218.76244014129043,274.30363511666656,291.5469934232533,7.0
4,2015-06-12,-13.0,9.25,0.4822347990723891,0.0,414398.347652077,0.0,859329,-0.3811801445979524,-0.5817702116608405,0.0,162_9,2.739167772233486,"{""type"":""MultiPoint"",""coordinates"":[]}",93.21705251932144,170.14795169234276,304.6599542722106,399.5682680979371,412.23200876265764,7.0
9,2015-06-12,-13.0,9.5,0.5955330852721998,0.0,512310.9098039216,0.0,860256,-0.4128040750004308,-0.5992408124759414,0.0,162_10,2.094126306474209,"{""type"":""MultiPoint"",""coordinates"":[]}",101.22401732951403,179.05809357762337,325.8001171052456,458.0897483974695,479.50736805796623,7.0
14,2015-06-12,-13.0,9.75,0.6949488487626287,0.0,597189.699258341,0.0,859329,-0.423801993914686,-0.6034444419784973,0.0,162_11,1.837924122810364,"{""type"":""MultiPoint"",""coordinates"":[]}",84.44856898859143,138.9503781683743,235.8524170704186,322.774198371917,335.8813473023474,7.0
5,2015-06-12,-12.75,9.25,0.2383036978901096,0.0,205002.18593215413,0.0,860256,-0.3827627010653889,-0.5778272573868667,0.0,162_12,0.8100615814328194,"{""type"":""MultiPoint"",""coordinates"":[]}",63.92723321914673,116.31983891129494,217.0625221915543,308.34487779065967,319.9563077650964,7.0
10,2015-06-12,-12.75,9.5,0.663037870439138,0.0,570997.6054162586,0.0,861184,-0.391871532197472,-0.597238798669304,0.0,162_13,1.3254974037408829,"{""type"":""MultiPoint"",""coordinates"":[]}",58.51295869797469,101.15146636962892,185.1364141330123,269.99182533472776,280.61623126268387,7.0
15,2015-06-12,-12.75,9.75,0.9101672266466034,0.0,782976.8177261004,0.0,860256,-0.4233111769018992,-0.591057979039819,0.0,162_14,2.357576973736286,"{""type"":""MultiPoint"",""coordinates"":[]}",49.02482684701681,81.6789548844099,134.13069769740105,185.0106418132782,191.38804730027914,7.0
1,2015-07-05,-13.75,9.25,0.0,0.0,0.0,0.0,859329,,,0.0,185_0,5.686475895345211,"{""type"":""MultiPoint"",""coordinates"":[]}",59.36559196561575,126.30070745944977,221.3581968098879,334.87293031066656,340.0585474446416,7.0
6,2015-07-05,-13.75,9.5,0.0,0.0,0.0,0.0,860256,,,0.0,185_1,6.440239958465099,"{""type"":""MultiPoint"",""coordinates"":[]}",48.739624209702015,113.32873813807964,214.48128344491124,309.08238561823964,314.1465340740979,7.0
11,2015-07-05,-13.75,9.75,0.0005341376818424608,0.6884531590413944,459.0,316.0,859329,0.2533607941578915,-0.1522111440529817,0.000949824447997998,185_2,9.06300824135542,"{""type"":""MultiPoint"",""coordinates"":[]}",42.120748199522495,112.01153136789799,241.53700890019536,333.5654572583735,336.6543888114393,7.0
2,2015-07-05,-13.5,9.25,0.0,0.0,0.0,0.0,860256,,,0.0,185_3,3.809920512139797,"{""type"":""MultiPoint"",""coordinates"":[]}",45.81498494371772,99.80588452890515,199.51598485931754,296.0029146634042,304.32774452492595,7.0
7,2015-07-05,-13.5,9.5,0.0,0.0,0.0,0.0,861184,,,0.0,185_4,7.293490692973137,"{""type"":""MultiPoint"",""coordinates"":[]}",38.066815584897995,88.28762546181679,200.0007163733244,297.31902573257685,304.5429429039359,7.0
12,2015-07-05,-13.5,9.75,0.0,0.0,0.0,0.0,860256,,,0.0,185_5,10.388250462710856,"{""type"":""MultiPoint"",""coordinates"":[]}",46.116492711007595,116.91795429214835,250.9621293283999,364.08776557072997,371.50931218639016,7.0
3,2015-07-05,-13.25,9.25,0.0,0.0,0.0,0.0,860256,,,0.0,185_6,9.090078063309193,"{""type"":""MultiPoint"",""coordinates"":[]}",57.78067745268345,128.38299572467804,306.3888717442751,521.7244764789939,541.4188290014863,7.0
8,2015-07-05,-13.25,9.5,0.0,0.0,0.0,0.0,861184,,,0.0,185_7,11.967421509325504,"{""type"":""MultiPoint"",""coordinates"":[]}",80.73453325778245,188.96037619560957,413.1844933144748,681.4930778928101,714.6396622993052,7.0
13,2015-07-05,-13.25,9.75,0.0,0.0,0.0,0.0,860256,,,0.0,185_8,9.089425206184387,"{""type"":""MultiPoint"",""coordinates"":[]}",78.27161066234112,166.4087502285838,332.8442773781717,491.58657575026155,516.3635709322989,7.0
4,2015-07-05,-13.0,9.25,0.0,0.0,0.0,0.0,859329,,,0.0,185_9,11.746673844754696,"{""type"":""MultiPoint"",""coordinates"":[]}",70.55180426687002,150.86924843490124,322.1658952534199,581.1119340360165,634.1840224340558,7.0
9,2015-07-05,-13.0,9.5,0.0,0.0,0.0,0.0,860256,,,0.0,185_10,12.852709740400314,"{""type"":""MultiPoint"",""coordinates"":[]}",90.02894815057516,194.97640430927277,372.1836442127824,655.4340496659279,738.520254381001,7.0
14,2015-07-05,-13.0,9.75,0.0,0.0,0.0,0.0,859329,,,0.0,185_11,13.645773753523828,"{""type"":""MultiPoint"",""coordinates"":[]}",84.8395163193345,177.56590247154236,332.0437865331769,523.0464832857251,571.5695209801197,7.0
5,2015-07-05,-12.75,9.25,0.0,0.0,0.0,0.0,860256,,,0.0,185_12,9.160161949694157,"{""type"":""MultiPoint"",""coordinates"":[]}",66.2088617682457,132.90784321725368,244.8814297094941,443.23974708095193,494.43299090489745,7.0
10,2015-07-05,-12.75,9.5,0.0,0.0,0.0,0.0,861184,,,0.0,185_13,8.046241477131844,"{""type"":""MultiPoint"",""coordinates"":[]}",60.7086317613721,129.1109435260296,232.03927092254162,396.38918824493885,448.50652292370796,7.0
15,2015-07-05,-12.75,9.75,0.0,0.0,0.0,0.0,860256,,,0.0,185_14,6.423208862543106,"{""type"":""MultiPoint"",""coordinates"":[]}",53.96252404898406,117.05585755407812,210.41177585721016,314.5249616354704,347.91556280106306,7.0
1,2015-07-14,-13.75,9.25,0.33823102774772,0.97132827084159,290651.73084342055,282318.2431372549,859329,0.7250765603647893,0.6629457547826617,1.3093282658338712,194_0,8.532966487109661,"{""type"":""MultiPoint"",""coordinates"":[]}",114.37925370410085,175.11966405436397,304.4795938767493,451.70965092256665,468.52747024968266,7.0
6,2015-07-14,-13.75,9.5,0.167585699175198,0.6225426200753871,144166.60322965917,89749.85490196077,860256,0.2873970152612206,0.1389179275000746,0.4086844538607612,194_1,9.290809743106363,"{""type"":""MultiPoint"",""coordinates"":[]}",108.09749318286777,172.24570224061608,294.9997200630605,431.13486375659704,447.3698204383254,7.0
11,2015-07-14,-13.75,9.75,0.3881911086126146,0.0654656527754974,333583.8771729695,21838.286274509806,859329,-0.3323843305818365,-0.6077865829295923,0.0862875515947317,194_2,12.31172401458025,"{""type"":""MultiPoint"",""coordinates"":[]}",133.15433636307716,193.81781294941902,329.95313312858343,479.56944489851594,498.2084189541638,7.0
2,2015-07-14,-13.5,9.25,0.171220906061342,0.5579822024124546,147293.81176470584,82187.32549019608,860256,0.2079527933030729,-0.071280685426836,0.3212711382009576,194_3,6.82391133159399,"{""type"":""MultiPoint"",""coordinates"":[]}",79.37710639089346,129.78802574798465,241.95712292566895,372.4131132476032,396.8454007990658,7.0
7,2015-07-14,-13.5,9.5,0.3139721319376442,0.0269504438527307,270387.77647058823,7287.070588235294,861184,-0.3878070930922621,-0.6160294417904381,0.0193227774773001,194_4,7.459137588739395,"{""type"":""MultiPoint"",""coordinates"":[]}",84.898860193789,139.34705313295126,254.46520373225212,387.092431075871,414.6142853423953,7.0
12,2015-07-14,-13.5,9.75,0.2640251549567888,0.0,227129.22370250733,0.0,860256,-0.4685377417597283,-0.686711668164712,0.0,194_5,16.682452522218227,"{""type"":""MultiPoint"",""coordinates"":[]}",120.73736684396863,189.48752945289016,324.1871492937207,487.9466099664569,524.0181870758533,7.0
3,2015-07-14,-13.25,9.25,0.0,0.0,0.0,0.0,860256,,,0.0,194_6,10.760599747300148,"{""type"":""MultiPoint"",""coordinates"":[]}",110.59791967272758,182.60888941586018,339.42546509206295,612.0061744004488,676.9893942400813,7.0
8,2015-07-14,-13.25,9.5,0.3349760785333753,0.0,288476.03921568627,0.0,861184,-0.4556460279056425,-0.6748864043742301,0.0,194_7,12.510479427874088,"{""type"":""MultiPoint"",""coordinates"":[]}",163.1306791678071,260.19927952438593,473.162273876369,824.0806167013943,912.3234744183719,7.0
13,2015-07-14,-13.25,9.75,0.1513115186821013,0.0,130166.6418153898,0.0,860256,-0.4562889026339017,-0.691782988205267,0.0,194_8,11.688512284308672,"{""type"":""MultiPoint"",""coordinates"":[]}",201.3003984466195,284.54414242878556,468.3031034655869,686.347178183496,755.6773629039526,7.0
4,2015-07-14,-13.0,9.25,0.0006259238426771604,0.0,537.8745098039216,0.0,859329,-0.392487404590833,-0.6927970587129392,0.0,194_9,10.384749621152878,"{""type"":""MultiPoint"",""coordinates"":[]}",122.10034253075719,212.49192720279098,371.59976130351424,669.2270296625793,784.8612261004746,7.0
9,2015-07-14,-13.0,9.5,0.3252299224380449,0.0,279780.99215686275,0.0,860256,-0.4576587464353119,-0.6801884053718658,0.0,194_10,13.058858923614023,"{""type"":""MultiPoint"",""coordinates"":[]}",165.26990616694093,270.38557874038815,461.52694383636117,773.6666216515005,932.6858543790877,7.0
14,2015-07-14,-13.0,9.75,0.3534174623433795,2.6341622070069685e-05,303701.874498074,8.0,859329,-0.4651922755595272,-0.6787997642231399,1.1863525795575954e-05,194_11,6.411299109458923,"{""type"":""MultiPoint"",""coordinates"":[]}",186.81121105328202,278.7571498192847,458.6419342085719,688.1628870032728,793.8589635305107,7.0
5,2015-07-14,-12.75,9.25,0.0148407897548782,0.0,12766.87843137255,0.0,860256,-0.3946070947587077,-0.6780309203655214,0.0,194_12,7.748900912702084,"{""type"":""MultiPoint"",""coordinates"":[]}",91.82163700461388,169.6647210046649,289.5130105316639,498.0538501404226,605.5941530503333,7.0
10,2015-07-14,-12.75,9.5,0.07789816545449,0.000458361456805798,67084.6537187596,30.749019607843135,861184,-0.4243497091976619,-0.6778327138166872,5.777181378129772e-05,194_13,7.375077344477177,"{""type"":""MultiPoint"",""coordinates"":[]}",102.42327442392707,170.97871145233512,293.11396973207593,471.0323144681752,571.5867117978632,7.0
15,2015-07-14,-12.75,9.75,0.2552948703042584,2.390950569996892e-05,219618.94394846013,5.250980392156863,860256,-0.445621438345665,-0.6782903618863135,7.413384416295783e-06,194_14,2.8906194493174557,"{""type"":""MultiPoint"",""coordinates"":[]}",123.48249088972807,179.97389752417806,295.126642100513,428.2657690346241,490.25618378072977,7.0
1,2015-08-06,-13.75,9.25,0.0,0.0,0.0,0.0,859329,,,0.0,217_0,5.256504751741886,"{""type"":""MultiPoint"",""coordinates"":[]}",141.9387715868652,563.1873807869852,768.3363296091557,993.8181871548295,1117.2139383852482,7.0
6,2015-08-06,-13.75,9.5,0.0208634763434849,0.9995026288033484,17947.930705340965,17939.003921568627,860256,0.326751367815437,0.2198172615754,0.0609439226834569,217_1,5.035179667174816,"{""type"":""MultiPoint"",""coordinates"":[]}",136.43918000161648,533.3657278679311,731.2626615166664,960.7695532031357,1065.27408817783,7.0
11,2015-08-06,-13.75,9.75,0.1090800308390696,0.2449765413270969,93735.63382090688,22963.031372549023,859329,-0.1442704847739862,-0.4158579984260298,0.0790537491268075,217_2,3.491650335490704,"{""type"":""MultiPoint"",""coordinates"":[]}",124.53743536025286,431.2709644436836,668.6335494741797,920.399705413729,1029.9436994828284,7.0
2,2015-08-06,-13.5,9.25,0.0,0.0,0.0,0.0,860256,,,0.0,217_3,6.637699902057648,"{""type"":""MultiPoint"",""coordinates"":[]}",133.81655095145106,514.4081092439592,662.1682443656027,865.3731886297464,970.2425925061107,7.0
7,2015-08-06,-13.5,9.5,0.0,0.0,0.0,0.0,861184,,,0.0,217_4,5.142252892255783,"{""type"":""MultiPoint"",""coordinates"":[]}",106.94826813414693,396.9364813528955,556.022813078016,769.4096812047064,877.3027951829135,7.0
12,2015-08-06,-13.5,9.75,0.0,0.0,0.0,0.0,860256,,,0.0,217_5,7.31059443205595,"{""type"":""MultiPoint"",""coordinates"":[]}",86.51239704340696,286.8444253690541,505.4225046187639,762.6646081916988,900.3219683654606,7.0
3,2015-08-06,-13.25,9.25,0.0,0.0,0.0,0.0,860256,,,0.0,217_6,7.093371823430061,"{""type"":""MultiPoint"",""coordinates"":[]}",102.67405863851309,390.0744244456291,597.4070057272911,908.8024534285069,1139.2445843666792,7.0
8,2015-08-06,-13.25,9.5,0.0,0.0,0.0,0.0,861184,,,0.0,217_7,7.531724870204925,"{""type"":""MultiPoint"",""coordinates"":[]}",105.06310779601336,370.6665132194758,665.848289616406,1081.8700599484146,1383.0572343431413,7.0
13,2015-08-06,-13.25,9.75,0.0,0.0,0.0,0.0,860256,,,0.0,217_8,5.675573833286762,"{""type"":""MultiPoint"",""coordinates"":[]}",85.3725178167224,250.78636966645718,565.89539302513,900.9727700613439,1092.3947845585644,7.0
4,2015-08-06,-13.0,9.25,0.0,0.0,0.0,0.0,859329,,,0.0,217_9,10.039214976131916,"{""type"":""MultiPoint"",""coordinates"":[]}",105.76424188911915,337.32569590210915,563.6782227084041,890.7862175256014,1169.2781811580062,7.0
9,2015-08-06,-13.0,9.5,0.0,0.0,0.0,0.0,860256,,,0.0,217_10,8.810272440314293,"{""type"":""MultiPoint"",""coordinates"":[]}",109.14610885083675,307.8748523257673,582.339963875711,953.6342369392514,1261.4886360242963,7.0
14,2015-08-06,-13.0,9.75,0.0,0.0,0.0,0.0,859329,,,0.0,217_11,3.830044530332089,"{""type"":""MultiPoint"",""coordinates"":[]}",94.59328465163708,230.6121909059584,512.7779310569167,852.3296806961298,1065.6345961615443,7.0
5,2015-08-06,-12.75,9.25,0.0,0.0,0.0,0.0,860256,,,0.0,217_12,4.387139342725277,"{""type"":""MultiPoint"",""coordinates"":[]}",84.61715094745159,232.66044165939093,403.3081103116274,653.0142026022077,863.3285495452583,7.0
10,2015-08-06,-12.75,9.5,0.0,0.0,0.0,0.0,861184,,,0.0,217_13,5.862414836883545,"{""type"":""MultiPoint"",""coordinates"":[]}",90.41104279458523,220.56089621037245,394.3384080193937,628.3482224680483,807.5456623919308,7.0
15,2015-08-06,-12.75,9.75,0.0,0.0,0.0,0.0,860256,,,0.0,217_14,2.338285557925701,"{""type"":""MultiPoint"",""coordinates"":[]}",84.91545682772994,187.76109023019671,381.17357483133674,596.5238804928958,710.9493562020361,7.0
1,2015-08-15,-13.75,9.25,0.0,0.0,0.0,0.0,859329,,,0.0,226_0,7.476949132978916,"{""type"":""MultiPoint"",""coordinates"":[]}",206.4574067480862,347.90728334337473,852.9820898547769,1165.0025215931237,1319.3365731276572,7.0
6,2015-08-15,-13.75,9.5,0.24442471249004,0.5744261117602272,210267.82546783183,120783.32941176472,860256,0.2084764538471166,0.0375678988108169,0.537134748704844,226_1,8.466539904475212,"{""type"":""MultiPoint"",""coordinates"":[]}",231.43260646611452,360.74167117476463,844.3800830282271,1142.1463135629892,1291.964762378484,7.0
11,2015-08-15,-13.75,9.75,0.1127882650382915,0.2669367260710149,96922.22700709008,25872.101960784323,859329,-0.0019737951608297,-0.4109643162571912,0.1077664393415499,226_2,8.78045056015253,"{""type"":""MultiPoint"",""coordinates"":[]}",206.6385936923325,314.9475804530084,724.5564493350685,1056.8837118335068,1226.7227042466402,7.0
2,2015-08-15,-13.5,9.25,0.0064315419468386,0.1299529293188466,5532.772549019608,719.0,860256,-0.1149535974515649,-0.4230483528227134,0.0015717109981156,226_3,9.471178986132143,"{""type"":""MultiPoint"",""coordinates"":[]}",216.2684164941311,350.23185750469565,792.757558170706,1038.1310684606433,1178.4357838332653,7.0
7,2015-08-15,-13.5,9.5,0.1926600641743023,0.0566856746584375,165915.76470588235,9405.04705882353,861184,-0.300021877886201,-0.5411577649266298,0.0225421433979694,226_4,10.141072794795036,"{""type"":""MultiPoint"",""coordinates"":[]}",240.8786676824093,346.3225099258125,702.7550763450563,959.8836568184197,1104.1706413961947,7.0
12,2015-08-15,-13.5,9.75,0.0794260650545975,0.0,68326.74901960784,0.0,860256,-0.3902719003075036,-0.6463693876691549,0.0,226_5,8.11009667813778,"{""type"":""MultiPoint"",""coordinates"":[]}",255.99216762930155,344.95361521840096,626.5061325393617,962.5432142056525,1138.7482923455536,7.0
3,2015-08-15,-13.25,9.25,0.0,0.0,0.0,0.0,860256,,,0.0,226_6,15.275903977453709,"{""type"":""MultiPoint"",""coordinates"":[]}",201.41909550875425,304.8203233629465,675.1259909942746,1015.4278380796313,1306.3145410269499,7.0
8,2015-08-15,-13.25,9.5,0.0419730847526287,0.0,36146.549019607846,0.0,861184,-0.3665190226023058,-0.648640163494429,0.0,226_7,11.957570910453796,"{""type"":""MultiPoint"",""coordinates"":[]}",248.3108756132424,354.0146737359464,734.8296022973955,1211.4809690974653,1578.1680550426245,7.0
13,2015-08-15,-13.25,9.75,0.0001250015499262235,0.0,107.53333333333332,0.0,860256,-0.3618601023496569,-0.6251045624468766,0.0,226_8,7.279745303094387,"{""type"":""MultiPoint"",""coordinates"":[]}",215.99384443834424,297.33095644041896,566.5380074642599,1042.653565760702,1270.5001132562757,7.0
4,2015-08-15,-13.0,9.25,0.0381086529003854,0.0,32747.8705882353,0.0,859329,-0.3779673586428633,-0.6723327754480958,0.0,226_9,12.735988944768906,"{""type"":""MultiPoint"",""coordinates"":[]}",174.3219206109643,283.6767705157399,603.9783731102943,986.0633136704564,1292.8631603717804,7.0
9,2015-08-15,-13.0,9.5,0.0991220534079048,0.0,85270.34117647061,0.0,860256,-0.3922373913706606,-0.6749836231888066,0.0,226_10,11.09561137855053,"{""type"":""MultiPoint"",""coordinates"":[]}",195.72808127850294,307.4823450297117,599.3167762644589,1070.7766050472856,1390.853051096201,7.0
14,2015-08-15,-13.0,9.75,0.0634470300098411,0.0,54521.87285132677,0.0,859329,-0.3974036912925196,-0.6398589194110746,0.0,226_11,11.154075153172016,"{""type"":""MultiPoint"",""coordinates"":[]}",174.6182506904006,260.04671212285757,487.88519250229,956.9554966874421,1189.1706148162484,7.0
5,2015-08-15,-12.75,9.25,0.0153804193626265,0.0,13231.098039215683,0.0,860256,-0.3434820178854003,-0.6647645751149042,0.0,226_12,10.274228639900684,"{""type"":""MultiPoint"",""coordinates"":[]}",138.86021822690964,224.2579227313399,440.04395976662636,738.2404282689095,951.3868042267859,7.0
10,2015-08-15,-12.75,9.5,1.2773112366230676e-05,0.0,11.0,0.0,861184,-0.3412938714027405,-0.6684143347378879,0.0,226_13,12.540903873741629,"{""type"":""MultiPoint"",""coordinates"":[]}",132.82983284443617,224.6516738086939,416.695274412632,717.9597360081971,899.8826979659498,7.0
15,2015-08-15,-12.75,9.75,0.1057157975491203,0.0,90942.64913641606,0.0,860256,-0.4010034521990458,-0.6700053691272481,0.0,226_14,11.416283436119556,"{""type"":""MultiPoint"",""coordinates"":[]}",122.78066016733646,198.22413753718138,372.36953200772405,675.8508351631463,808.8886137120426,7.0
1,2015-08-31,-13.75,9.25,0.0,0.0,0.0,0.0,859329,,,0.0,242_0,1.0474184527993202,"{""type"":""MultiPoint"",""coordinates"":[]}",171.25108651816845,512.5389262102544,856.7143208347261,1526.607122272253,1790.7027890905738,7.0
6,2015-08-31,-13.75,9.5,0.0,0.0,0.0,0.0,860256,,,0.0,242_1,2.287243492901325,"{""type"":""MultiPoint"",""coordinates"":[]}",159.99656822532415,535.9106510877609,886.1755104735494,1550.6062572821975,1792.5690938718617,7.0
11,2015-08-31,-13.75,9.75,0.0,0.0,0.0,0.0,859329,,,0.0,242_2,1.126844435930252,"{""type"":""MultiPoint"",""coordinates"":[]}",164.84106052666903,492.22023505717516,792.9703793488443,1419.4117854349315,1687.4646674841642,7.0
2,2015-08-31,-13.5,9.25,0.0,0.0,0.0,0.0,860256,,,0.0,242_3,1.4904700219631195,"{""type"":""MultiPoint"",""coordinates"":[]}",164.36827881261706,489.90442464128137,837.0381947606802,1412.9481655545533,1625.1211832277477,7.0
7,2015-08-31,-13.5,9.5,0.0,0.0,0.0,0.0,861184,,,0.0,242_4,1.5641767531633377,"{""type"":""MultiPoint"",""coordinates"":[]}",129.94778249412775,460.085473023355,800.2946982160211,1313.708605710417,1519.867102149874,7.0
12,2015-08-31,-13.5,9.75,0.0,0.0,0.0,0.0,860256,,,0.0,242_5,1.719977706670761,"{""type"":""MultiPoint"",""coordinates"":[]}",134.21390391886234,408.9987315237522,747.3266664892435,1235.6901010498405,1500.4731542430818,7.0
3,2015-08-31,-13.25,9.25,0.0053007476844102,0.0006578947368421052,4560.0,3.0,860256,-0.3500752456584259,-0.6418833356769446,7.109958283783584e-06,242_6,1.147521659731865,"{""type"":""MultiPoint"",""coordinates"":[]}",142.93462503701448,383.05601850152016,688.5818270966411,1253.207485191524,1575.7399629801512,7.0
8,2015-08-31,-13.25,9.5,0.0,0.0,0.0,0.0,861184,,,0.0,242_7,0.865548849105835,"{""type"":""MultiPoint"",""coordinates"":[]}",136.74313481897116,397.7650715969503,745.4539760947227,1398.5154824331403,1823.9942877553403,7.0
13,2015-08-31,-13.25,9.75,0.0,0.0,0.0,0.0,860256,,,0.0,242_8,0.6977692246437073,"{""type"":""MultiPoint"",""coordinates"":[]}",132.59914191439748,345.91055009514093,637.9285329021513,1200.8453351445496,1540.9244829788804,7.0
4,2015-08-31,-13.0,9.25,0.0,0.0,0.0,0.0,859329,,,0.0,242_9,1.9100923091173168,"{""type"":""MultiPoint"",""coordinates"":[]}",133.55668168514967,345.77728575095534,627.2838707081974,1169.2757937125862,1503.8446499966085,7.0
9,2015-08-31,-13.0,9.5,0.0,0.0,0.0,0.0,860256,,,0.0,242_10,1.6451328992843628,"{""type"":""MultiPoint"",""coordinates"":[]}",131.95692654699087,345.76241858303547,646.4561773464084,1216.4447344839573,1594.0407486632466,7.0
14,2015-08-31,-13.0,9.75,0.0,0.0,0.0,0.0,859329,,,0.0,242_11,0.9959544986486436,"{""type"":""MultiPoint"",""coordinates"":[]}",103.45675703138113,331.13725343719125,590.634438674897,1095.4040349461138,1427.640292327851,7.0
5,2015-08-31,-12.75,9.25,0.0,0.0,0.0,0.0,860256,,,0.0,242_12,1.3849129900336266,"{""type"":""MultiPoint"",""coordinates"":[]}",94.07408069819212,271.94635942578316,495.0028732419014,877.7612801641226,1122.528674080968,7.0
10,2015-08-31,-12.75,9.5,0.0,0.0,0.0,0.0,861184,,,0.0,242_13,1.435709185898304,"{""type"":""MultiPoint"",""coordinates"":[]}",89.82061687856913,286.9273656979203,511.1400680616498,876.367321703583,1109.8467172123492,7.0
15,2015-08-31,-12.75,9.75,0.0,0.0,0.0,0.0,860256,,,0.0,242_14,1.4659399166703224,"{""type"":""MultiPoint"",""coordinates"":[]}",77.51544751226902,297.6332283578813,499.5367997325957,851.4817887917161,1058.2187185063958,7.0
1,2015-09-16,-13.75,9.25,0.0,0.0,0.0,0.0,859329,,,0.0,258_0,21.55388332903385,"{""type"":""MultiPoint"",""coordinates"":[]}",191.5773875080049,545.1246374286711,972.7972620166838,1883.241237141192,2217.0425062067807,7.0
6,2015-09-16,-13.75,9.5,0.005075780451674,0.0506102653913512,4366.470588235294,220.9882352941177,860256,-0.2516209083274378,-0.4952199142532635,0.0006770178584641113,258_1,41.00542142987251,"{""type"":""MultiPoint"",""coordinates"":[]}",187.70493660122156,600.2325769513845,1027.165710926056,1959.201902616769,2277.659183368087,7.0
11,2015-09-16,-13.75,9.75,0.0537529241972115,0.097788667225846,46191.446597465576,4517.0,859329,-0.1888490868051856,-0.5647146503316365,0.0173829746789233,258_2,60.53419876843691,"{""type"":""MultiPoint"",""coordinates"":[]}",217.69734378904104,561.2722695805132,970.4888672567904,1751.8354030326009,2105.962462723255,7.0
2,2015-09-16,-13.5,9.25,1.1624446676338206e-06,0.0,1.0,0.0,860256,-0.3707972764968872,-0.6031420889953729,0.0,258_3,15.575879253447056,"{""type"":""MultiPoint"",""coordinates"":[]}",150.34548100084066,418.572214897722,833.5497733205557,1692.542098928243,1945.464851334691,7.0
7,2015-09-16,-13.5,9.5,0.0244444219795528,0.1588042716506316,21051.14509803921,3343.0117647058823,861184,-0.164036620159652,-0.51547905788765,0.0113672705511897,258_4,19.848189316689968,"{""type"":""MultiPoint"",""coordinates"":[]}",148.52768881246448,483.4849676117301,855.2181646227837,1637.090461794287,1904.409961309284,7.0
12,2015-09-16,-13.5,9.75,0.0423541199433515,0.0,36435.38580598784,0.0,860256,-0.4248504459394936,-0.6768499566169611,0.0,258_5,43.638556730002165,"{""type"":""MultiPoint"",""coordinates"":[]}",171.5911547653377,545.4421020112932,882.449806202203,1558.1488171592355,1914.7542314603925,7.0
3,2015-09-16,-13.25,9.25,0.0,0.0,0.0,0.0,860256,,,0.0,258_6,14.311147853732107,"{""type"":""MultiPoint"",""coordinates"":[]}",138.0815329030156,332.8247060999274,655.9751583263278,1379.4444035738707,1732.3112515732646,7.0
8,2015-09-16,-13.25,9.5,0.0,0.0,0.0,0.0,861184,,,0.0,258_7,18.031871877610683,"{""type"":""MultiPoint"",""coordinates"":[]}",162.73745615035295,415.08281882852316,733.9738355949521,1507.768327370286,2015.4376048594713,7.0
13,2015-09-16,-13.25,9.75,0.0027287833228184,0.0,2347.452226154477,0.0,860256,-0.4570448174257248,-0.6685509422151847,0.0,258_8,24.85396107658744,"{""type"":""MultiPoint"",""coordinates"":[]}",164.52000383287668,439.3140431493521,717.4315159209073,1308.1910642795265,1812.5310144387186,7.0
4,2015-09-16,-13.0,9.25,0.0,0.0,0.0,0.0,859329,,,0.0,258_9,20.88157646358013,"{""type"":""MultiPoint"",""coordinates"":[]}",132.7212182804942,346.9433858990669,649.3409858085215,1270.9358730353415,1671.8959589488804,7.0
9,2015-09-16,-13.0,9.5,0.0,0.0,0.0,0.0,860256,,,0.0,258_10,19.052762538194656,"{""type"":""MultiPoint"",""coordinates"":[]}",143.3491767384112,382.71759962663054,673.9800306968391,1298.7872706726193,1790.2232590131462,7.0
14,2015-09-16,-13.0,9.75,0.00025485000506208914,0.0,219.0,0.0,859329,-0.4129688708477368,-0.6757874585421249,0.0,258_11,17.098382115364075,"{""type"":""MultiPoint"",""coordinates"":[]}",151.64161240682006,397.98687119036913,653.5592251457274,1191.0906909033656,1676.0206259787083,7.0
5,2015-09-16,-12.75,9.25,0.0,0.0,0.0,0.0,860256,,,0.0,258_12,16.613216139376163,"{""type"":""MultiPoint"",""coordinates"":[]}",102.67839534208179,295.5674850381911,546.6899727471173,991.5734180249274,1304.8910121433437,7.0
10,2015-09-16,-12.75,9.5,0.0356948251513538,0.0,30739.81230314353,0.0,861184,-0.4438077083205594,-0.7094560342747929,0.0,258_13,10.377399623394012,"{""type"":""MultiPoint"",""coordinates"":[]}",98.77155814319849,310.09031226858497,551.969378720969,1002.0942925475538,1317.1187285333872,7.0
15,2015-09-16,-12.75,9.75,0.0464293294335536,0.000600884664146147,39941.10922119112,24.0,860256,-0.4530196431254834,-0.6984726636890745,5.218204087254624e-05,258_14,7.685780525207519,"{""type"":""MultiPoint"",""coordinates"":[]}",101.92185780033469,324.18791484087706,547.4386909045279,984.7713746130466,1299.8911812901497,7.0
1,2015-10-18,-13.75,9.25,0.3668247227266393,0.9792116480226296,315223.12215596024,308670.1529411765,859329,0.6723852189384348,0.661680593594803,1.4018036731523096,290_0,4.094881005585194,"{""type"":""MultiPoint"",""coordinates"":[]}",55.405386723577976,133.07948596775532,381.8538268096745,1358.500218950212,2275.8163339458406,7.0
6,2015-10-18,-13.75,9.5,0.155336833953914,0.3005544620956046,133629.44342985825,40162.92549019608,860256,0.0357050089503724,-0.1412955250648173,0.1771191291955616,290_1,3.9676129817962646,"{""type"":""MultiPoint"",""coordinates"":[]}",48.103343695402145,123.49846633151172,369.3177686072886,1411.037429701537,2357.2146957740188,7.0
11,2015-10-18,-13.75,9.75,0.0,0.0,0.0,0.0,859329,,,0.0,290_2,5.13988733291626,"{""type"":""MultiPoint"",""coordinates"":[]}",46.176997013390064,127.72056553512812,376.4203884638846,1396.6176584362984,2168.28320780769,7.0
2,2015-10-18,-13.5,9.25,0.3487494004643352,0.4527522600350218,300013.7642458472,135831.90980392153,860256,0.1700828429420105,-0.0203423877882305,0.6223139379789627,290_3,3.3429861068725586,"{""type"":""MultiPoint"",""coordinates"":[]}",35.46912409365177,98.94145093858242,351.50114726275206,1176.5130581334233,2051.1962161399424,7.0
7,2015-10-18,-13.5,9.5,0.1228602691634025,0.0801450655701254,105805.29803921568,8479.77254901961,861184,-0.3097145467921624,-0.5740881471714951,0.0274070906708254,290_4,5.171905271708965,"{""type"":""MultiPoint"",""coordinates"":[]}",34.28380470722914,104.86821131780744,297.8513897396624,1136.1375250853598,1942.4862414598465,7.0
12,2015-10-18,-13.5,9.75,0.0,0.0,0.0,0.0,860256,,,0.0,290_5,3.681525588035584,"{""type"":""MultiPoint"",""coordinates"":[]}",44.59931328892708,121.24752160161734,303.4081216901541,1215.0736590847373,1887.5467502512038,7.0
3,2015-10-18,-13.25,9.25,0.3376333298208172,0.0366894201277003,290451.0977783369,10656.482352941175,860256,-0.398462149099165,-0.6482430078170478,0.0372258595261098,290_6,4.565403796732426,"{""type"":""MultiPoint"",""coordinates"":[]}",59.58880390971899,143.26629508286715,399.8720305971801,1051.0528669692576,1778.7757231853902,7.0
8,2015-10-18,-13.25,9.5,0.0588232926196638,0.0,50657.67843137256,0.0,861184,-0.4785588078360195,-0.703456778980668,0.0,290_7,5.968567915260792,"{""type"":""MultiPoint"",""coordinates"":[]}",89.17128760367632,184.87390223890543,451.26900961622596,1169.441397767514,1960.7432433404028,7.0
13,2015-10-18,-13.25,9.75,0.0,0.0,0.0,0.0,860256,,,0.0,290_8,1.7303265631198883,"{""type"":""MultiPoint"",""coordinates"":[]}",60.384051874279976,131.6560273990035,340.25435289368033,1063.7651006691158,1655.3883315064013,7.0
4,2015-10-18,-13.0,9.25,0.2327498212823781,9.999566460158255e-06,200008.6711727648,2.0,859329,-0.4794079061058652,-0.718583397335234,2.3692780124199227e-06,290_9,2.1833842620253563,"{""type"":""MultiPoint"",""coordinates"":[]}",66.36208575218916,156.33040480315685,374.3053190410137,1034.2936958186328,1652.7858530171216,7.0
9,2015-10-18,-13.0,9.5,0.0078374754655795,0.0,6742.23529411764,0.0,860256,-0.4795188941950534,-0.7001671171209698,0.0,290_10,2.06522922962904,"{""type"":""MultiPoint"",""coordinates"":[]}",88.32067716866732,182.80376167967916,421.7169266194105,1098.555977921933,1724.9868772923946,7.0
14,2015-10-18,-13.0,9.75,0.0,0.0,0.0,0.0,859329,,,0.0,290_11,1.443677581846714,"{""type"":""MultiPoint"",""coordinates"":[]}",47.73998353630304,114.6037825383246,295.42042687535286,948.8927447237074,1486.202733591199,7.0
5,2015-10-18,-12.75,9.25,0.1471228601906007,0.00022913431208248413,126563.32321612546,29.0,860256,-0.4746353495550159,-0.7161448974133725,3.43429917482777e-05,290_12,1.2190062552690506,"{""type"":""MultiPoint"",""coordinates"":[]}",52.192870527505875,124.7826162725687,262.1920630335808,818.7728715129197,1260.7773342169821,7.0
10,2015-10-18,-12.75,9.5,0.0,0.0,0.0,0.0,861184,,,0.0,290_13,0.968663953244686,"{""type"":""MultiPoint"",""coordinates"":[]}",46.16147838532925,105.13674188405275,241.37819092720747,792.7735946141183,1243.136562872678,7.0
15,2015-10-18,-12.75,9.75,0.0,0.0,0.0,0.0,860256,,,0.0,290_14,0.7171463221311569,"{""type"":""MultiPoint"",""coordinates"":[]}",27.756384573876858,74.21472109854221,184.84267825260758,727.2356087341905,1163.4130938909948,7.0
1,2015-11-26,-13.75,9.25,0.0,0.0,0.0,0.0,859329,,,0.0,329_0,0.3511169925332069,"{""type"":""MultiPoint"",""coordinates"":[]}",1.9326787441968916,28.461351990699768,112.24066046997905,373.3488591387868,1239.387411158532,0.0
6,2015-11-26,-13.75,9.5,0.0042438820969133,1.006385465614576,3650.825037162327,3674.1372549019607,860256,0.609349471976722,0.2645317787000186,0.0174361619276308,329_1,0.7351655513048172,"{""type"":""MultiPoint"",""coordinates"":[]}",3.040152601897716,24.863279424607754,115.71295140311122,389.629602432251,1318.8264956697822,1.0
11,2015-11-26,-13.75,9.75,0.1170431259116746,0.1966971023380363,100578.55234655342,19783.509803921566,859329,-0.1793332213846065,-0.4375768714283109,0.0772896550787478,329_2,0.9705834090709686,"{""type"":""MultiPoint"",""coordinates"":[]}",6.298864260315895,24.53732769936323,111.32536549121141,495.2880465425551,1368.983498774469,2.0
2,2015-11-26,-13.5,9.25,0.0,0.0,0.0,0.0,860256,,,0.0,329_3,0.6471071392297745,"{""type"":""MultiPoint"",""coordinates"":[]}",3.3499114215373993,20.394254010170698,104.02372712269425,301.6906990669668,1054.7655699774623,1.0
7,2015-11-26,-13.5,9.5,0.0,0.0,0.0,0.0,861184,,,0.0,329_4,0.4951227456331253,"{""type"":""MultiPoint"",""coordinates"":[]}",8.250336162745953,24.47008667513728,120.9423840045929,379.82493871822953,1112.484993878752,2.0
12,2015-11-26,-13.5,9.75,0.0,0.0,0.0,0.0,860256,,,0.0,329_5,0.5177212879061699,"{""type"":""MultiPoint"",""coordinates"":[]}",6.9723837077617645,16.587570309638977,108.84729446843266,489.5458770915866,1275.447920896113,2.0
3,2015-11-26,-13.25,9.25,0.0,0.0,0.0,0.0,860256,,,0.0,329_6,1.1773006990551949,"{""type"":""MultiPoint"",""coordinates"":[]}",7.225320674479008,25.550338439643383,149.54613661393523,457.4029869399965,1074.6590998023748,3.0
8,2015-11-26,-13.25,9.5,0.0,0.0,0.0,0.0,861184,,,0.0,329_7,1.4716768637299538,"{""type"":""MultiPoint"",""coordinates"":[]}",9.549631737172604,29.36008758842945,182.46612045913935,626.7721140757203,1310.9068744815886,3.0
13,2015-11-26,-13.25,9.75,0.0,0.0,0.0,0.0,860256,,,0.0,329_8,0.0889515504240989,"{""type"":""MultiPoint"",""coordinates"":[]}",6.644723005592823,26.637257542461157,115.81312865018845,528.7916781380773,1209.902931470424,1.0
4,2015-11-26,-13.0,9.25,0.0,0.0,0.0,0.0,859329,,,0.0,329_9,0.2870289608836174,"{""type"":""MultiPoint"",""coordinates"":[]}",5.936485715210438,22.204868495464325,120.73885323479772,452.3723400197923,1033.1813436932862,2.0
9,2015-11-26,-13.0,9.5,0.0,0.0,0.0,0.0,860256,,,0.0,329_10,0.0795824453234672,"{""type"":""MultiPoint"",""coordinates"":[]}",6.9282641634345055,22.921379655599594,109.80803659185767,539.4312175922096,1155.8452360332012,1.0
14,2015-11-26,-13.0,9.75,0.0,0.0,0.0,0.0,859329,,,0.0,329_11,0.0288840383291244,"{""type"":""MultiPoint"",""coordinates"":[]}",3.9070947095751762,15.274399891495705,72.88701133802533,364.60967967286706,946.8394494615495,1.0
5,2015-11-26,-12.75,9.25,0.0,0.0,0.0,0.0,860256,,,0.0,329_12,0.0277431681752204,"{""type"":""MultiPoint"",""coordinates"":[]}",3.4913681447505946,18.360870890319347,79.84881242737174,339.64788308367133,787.6850282773376,1.0
10,2015-11-26,-12.75,9.5,0.0,0.0,0.0,0.0,861184,,,0.0,329_13,0.0050766393542289,"{""type"":""MultiPoint"",""coordinates"":[]}",2.8901817277073865,12.882282957434654,59.61643345654011,295.36831099539995,749.2637927643955,1.0
15,2015-11-26,-12.75,9.75,0.0,0.0,0.0,0.0,860256,,,0.0,329_14,0.0076489523053169,"{""type"":""MultiPoint"",""coordinates"":[]}",1.4932593330740929,7.062590681016443,36.80765442550182,200.05581295117736,645.368889439851,1.0
1,2015-12-05,-13.75,9.25,0.4127291777169293,0.9689565119343728,354670.15155831113,343659.9529411765,859329,0.3277721602363646,0.1451207308779332,1.1382455949681172,338_0,0.2627093344926834,"{""type"":""MultiPoint"",""coordinates"":[]}",2.2909613326191898,5.405476316809653,59.922175481915474,299.0112160332501,1063.5666535235941,1.0
6,2015-12-05,-13.75,9.5,0.8122756992897517,0.4346572243868913,698765.0439682046,303723.2745098039,860256,0.0875979076258581,-0.0963879190314221,0.97111218014327,338_1,0.0408133491873741,"{""type"":""MultiPoint"",""coordinates"":[]}",2.5979187339544296,6.961423903703689,53.88751160353422,304.90777362138033,1133.7340474128723,1.0
11,2015-12-05,-13.75,9.75,0.9798259113991896,0.0903822200484004,841992.8206167541,76101.18039215685,859329,-0.1692000832388849,-0.4073679283282103,0.1891708549850821,338_2,0.0020330771803855,"{""type"":""MultiPoint"",""coordinates"":[]}",1.1056130751967428,8.406642824411392,44.44475006312132,361.3266684114933,1200.5338603630662,0.0
2,2015-12-05,-13.5,9.25,0.7908173162133953,0.2264574369725631,680305.3411764706,154060.20392156864,860256,-0.0432326895025869,-0.2697396083217671,0.441413548706593,338_3,0.0642389059066772,"{""type"":""MultiPoint"",""coordinates"":[]}",2.6709446683526035,7.619285956025124,52.39897174760699,241.63070088252425,884.0265953913331,1.0
7,2015-12-05,-13.5,9.5,0.9789543051354012,0.0177282568451812,843059.7843137254,14945.980392156864,861184,-0.2108066232671732,-0.402436760415499,0.0240029044322478,338_4,0.0328738242387771,"{""type"":""MultiPoint"",""coordinates"":[]}",1.5663607046008106,10.890647768974304,55.75809767469764,297.19161754474044,955.9784340672195,1.0
12,2015-12-05,-13.5,9.75,0.9787145152395248,0.0,841945.0340218927,0.0,860256,-0.3610509420000677,-0.4642809789773697,0.0,338_5,0.0016223639249801,"{""type"":""MultiPoint"",""coordinates"":[]}",0.5005057901144024,7.993005216121673,44.188063591718674,373.64581134170294,1115.2103459462523,0.0
3,2015-12-05,-13.25,9.25,0.9618689652931336,0.0165139771804814,827453.54860721,13664.549019607844,860256,-0.2410555677845653,-0.4732882873640059,0.0206895092556228,338_6,0.0047171488404273,"{""type"":""MultiPoint"",""coordinates"":[]}",2.527210861444473,11.106647551059723,76.53525657951832,341.45049983635545,907.4770919978619,1.0
8,2015-12-05,-13.25,9.5,0.9792120305687672,0.0,843281.7333333333,0.0,861184,-0.3300410522858961,-0.5036210163731,0.0,338_7,0.0073742121458053,"{""type"":""MultiPoint"",""coordinates"":[]}",2.3190639913082123,13.450113125145435,90.20914323627949,474.5296873152256,1142.0030086301267,1.0
13,2015-12-05,-13.25,9.75,0.9793872677785505,0.0,842523.7734301046,0.0,860256,-0.3829029925705762,-0.4875026027133478,0.0,338_8,0.0083232298493385,"{""type"":""MultiPoint"",""coordinates"":[]}",0.25873165577650054,6.989502348005771,49.29472738876939,409.92470970377326,1041.9150027446449,0.0
4,2015-12-05,-13.0,9.25,0.9722973602813816,0.0,835523.3183132394,0.0,859329,-0.3261725959319535,-0.5581747712196513,0.0,338_9,0.00040978193283081055,"{""type"":""MultiPoint"",""coordinates"":[]}",1.1176113039255142,7.248269394040107,56.95864371955395,321.31884759292006,844.7968387044966,0.0
9,2015-12-05,-13.0,9.5,0.9805584183604622,0.0,843531.2627450977,0.0,860256,-0.3991962460344329,-0.5594223205323027,0.0,338_10,0.0024400651454925,"{""type"":""MultiPoint"",""coordinates"":[]}",0.5013057962059971,7.460661232471466,47.63611499220133,384.1527849435806,974.4521668180823,0.0
14,2015-12-05,-13.0,9.75,0.9796233276806192,0.0,841818.7345524589,0.0,859329,-0.4174578995405814,-0.5391313556911353,0.0,338_11,0.0053616240620613,"{""type"":""MultiPoint"",""coordinates"":[]}",0.13036932796239864,4.072814248502254,28.016372583806515,248.6883755773306,799.0059056319296,0.0
5,2015-12-05,-12.75,9.25,0.969235429450706,0.0,833790.5935975466,0.0,860256,-0.3518244750270015,-0.5317143542576863,0.0,338_12,0.00040978193283081055,"{""type"":""MultiPoint"",""coordinates"":[]}",0.4888111725449561,3.967229276895522,34.68813095241785,235.8499555848539,648.2897903770208,0.0
10,2015-12-05,-12.75,9.5,0.9760063468647386,0.0,840521.049818363,0.0,861184,-0.3649525351977012,-0.5049228031292073,0.0,338_13,0.0008195638656616211,"{""type"":""MultiPoint"",""coordinates"":[]}",0.3169374540448187,3.209964372217655,24.252386763691906,203.1347518786788,617.8188933990896,0.0
15,2015-12-05,-12.75,9.75,0.9797961779557376,0.0,842875.540863491,0.0,860256,-0.4064434000340309,-0.5079044396566369,0.0,338_14,0.0021001324057579,"{""type"":""MultiPoint"",""coordinates"":[]}",0.072606839239597,1.5833033248782153,12.646551243960856,125.61521679162979,529.403428081423,0.0
1,2016-01-06,-13.75,9.25,0.0491716710261156,0.9708324952072724,42254.64289120095,41022.18039215686,859329,0.6579459687858371,0.5861942750584697,0.1827174041848936,370_0,0.8782688528299332,"{""type"":""MultiPoint"",""coordinates"":[]}",0.3963178023695945,0.3963354974985122,1.2870328500866888,50.2309575676918,259.1699524782598,0.0
6,2016-01-06,-13.75,9.5,0.2732151381229214,0.127119410856047,235034.96186107188,29877.50588235294,860256,-0.1792706222313667,-0.3341861426984281,0.1165439480103287,370_1,0.6786612793803215,"{""type"":""MultiPoint"",""coordinates"":[]}",0.35588350147008907,0.35590119659900665,0.9878845885396002,46.152190305292606,266.0969556309283,0.0
11,2016-01-06,-13.75,9.75,0.7560567069613177,0.0655926064294756,649701.4539363622,42615.611764705885,859329,-0.3685145686925701,-0.558182466608898,0.1881204562336469,370_2,0.2881959080696106,"{""type"":""MultiPoint"",""coordinates"":[]}",0.33510755747556675,0.33512525260448445,0.4059439525008198,39.156810380518436,332.1365127339959,0.0
2,2016-01-06,-13.5,9.25,0.1006504174224836,0.1876953280070249,86585.12549019606,16251.623529411763,860256,-0.1706597085453594,-0.3544910733298709,0.0670909286988957,370_3,0.4923390224575996,"{""type"":""MultiPoint"",""coordinates"":[]}",0.3105979412794112,0.3106156364083289,0.9458232671022412,42.22190147265792,211.31594525650144,0.0
7,2016-01-06,-13.5,9.5,0.3452302466207945,0.0136053439225148,297306.76470588235,4044.9607843137255,861184,-0.4543647554815804,-0.566427880778886,0.0153907976618017,370_4,0.7764417678117752,"{""type"":""MultiPoint"",""coordinates"":[]}",0.766472890973091,0.7664905861020087,1.0562380775809288,48.09034010395408,263.35224602371454,0.0
12,2016-01-06,-13.5,9.75,0.9785122498673566,0.00014530056152821673,841771.0340218927,122.30980392156864,860256,-0.5508431170641523,-0.6027546968419102,0.0003218951736969185,370_5,0.1844540238380432,"{""type"":""MultiPoint"",""coordinates"":[]}",0.6364407017827034,0.6364583969116211,0.7122252136468883,38.8905443251133,345.2122798189521,0.0
3,2016-01-06,-13.25,9.25,0.3206705663043487,0.0283626652496858,275858.7786867138,7824.09019607843,860256,-0.4325663881712083,-0.5974444958565853,0.0314880488385915,370_6,0.5861315876245499,"{""type"":""MultiPoint"",""coordinates"":[]}",0.29674638062715525,0.29676407575607294,0.4845662042498585,55.13449665158987,308.90934308990836,0.0
8,2016-01-06,-13.25,9.5,0.2533433496392017,1.3750414624430523e-05,218175.23921568625,3.0,861184,-0.5438356382876212,-0.6347924736061212,5.929188414270973e-06,370_7,0.3987951204180717,"{""type"":""MultiPoint"",""coordinates"":[]}",0.7165614515542984,0.7165791466832161,1.0328870266675947,71.99240103363991,434.6173331141472,0.0
13,2016-01-06,-13.25,9.75,0.8709556053021548,0.0012815885387338,749244.7851948105,960.2235294117648,860256,-0.5594231060778889,-0.6138239335418832,0.0038668175237909,370_8,0.4556719213724136,"{""type"":""MultiPoint"",""coordinates"":[]}",0.6448673084378242,0.6448850035667419,0.6685825064778326,41.176007594913244,380.6623625569045,0.0
4,2016-01-06,-13.0,9.25,0.6436804003388295,0.0016343259511795,553133.234742766,904.0,859329,-0.5515782752079177,-0.6994950252080538,0.0030847999721707,370_9,0.6765313446521759,"{""type"":""MultiPoint"",""coordinates"":[]}",0.7853424176573753,0.785360112786293,0.8993409574031829,40.36580864340067,286.89815709367394,0.0
9,2016-01-06,-13.0,9.5,0.4298597389705427,0.0,369789.4196078432,0.0,860256,-0.55254711171335,-0.6477487833896992,0.0,370_10,1.4495020732283592,"{""type"":""MultiPoint"",""coordinates"":[]}",0.3654267638921736,0.3654444590210913,0.5940366536378856,33.878495916724205,343.66955468431115,0.0
14,2016-01-06,-13.0,9.75,0.6107240960206411,0.0041938753563116,524812.9267093216,2201.0,859329,-0.5624919840662251,-0.6376283748285729,0.0099179075651014,370_11,0.2032732591032982,"{""type"":""MultiPoint"",""coordinates"":[]}",0.5942331627011302,0.5942508578300475,0.6123138591647147,23.494643159210682,221.5744531713426,0.0
5,2016-01-06,-12.75,9.25,0.2011771970524786,0.0028602153668968,173063.89082757707,495.0,860256,-0.5489746678835151,-0.6472683131947505,0.0014767486451759,370_12,0.9811334311962128,"{""type"":""MultiPoint"",""coordinates"":[]}",0.6685787811875343,0.668596476316452,0.755871646106243,27.054786682128903,214.9160192348063,0.0
10,2016-01-06,-12.75,9.5,0.7938347011079006,0.0028959036261343,683637.7432389063,1979.7490196078431,861184,-0.5643574146987389,-0.6262231720587008,0.0073299051827484,370_13,0.9831972420215608,"{""type"":""MultiPoint"",""coordinates"":[]}",0.39831735193729395,0.3983350470662116,0.6860215216875074,18.434676341712475,179.7221964225173,0.0
15,2016-01-06,-12.75,9.75,0.928733155084087,0.0005040106437007628,798948.2690600164,402.678431372549,860256,-0.566064099222525,-0.6076908879649594,0.0014941457703172,370_14,0.3292467445135116,"{""type"":""MultiPoint"",""coordinates"":[]}",0.28866529464721674,0.28868298977613444,0.29873289167881,10.505635291337965,108.66475477814674,0.0
1,2016-02-07,-13.75,9.25,0.9812091010130642,0.987187387343448,843181.4355644555,832378.0784313725,859329,0.412658660963646,0.2824209379627982,3.2936182234041067,402_0,0.0010402873158454,"{""type"":""MultiPoint"",""coordinates"":[]}",0.05664024502038994,0.0910144299268721,4.842695780098437,6.354013457894324,43.961163610219955,0.0
6,2016-02-07,-13.75,9.5,0.6068063803455883,0.574110264993951,522008.8295305744,299690.6274509803,860256,0.2153023626969807,0.0757112612575555,1.3498891512017357,402_1,0.0032493844628334,"{""type"":""MultiPoint"",""coordinates"":[]}",0.025398097932338822,0.2845395356416699,2.744524739682674,4.168569110333919,37.55979519337416,0.0
11,2016-02-07,-13.75,9.75,0.0,0.0,0.0,0.0,859329,,,0.0,402_2,0.0020759180188179,"{""type"":""MultiPoint"",""coordinates"":[]}",0.0017900019884109083,1.0753208771347997,2.3621376603841777,3.199989907443522,32.67268184572458,0.0
2,2016-02-07,-13.5,9.25,0.9805183709185856,0.3212200618700736,843496.8116929387,270948.0980392156,860256,-0.042499005349916,-0.2380847910056144,1.1465524914589544,402_3,0.0094408169388771,"{""type"":""MultiPoint"",""coordinates"":[]}",0.05427934229373929,0.08435267955064761,5.09653240442276,6.006450392305851,36.6768236272037,0.0
7,2016-02-07,-13.5,9.5,0.3996399758253481,0.0485191343021522,344163.5529411766,16698.517647058827,861184,-0.26477517479192,-0.421007802599242,0.0452659301003538,402_4,0.0066086649894714,"{""type"":""MultiPoint"",""coordinates"":[]}",0.0022947788238524653,0.05059503018856029,2.8431518003344527,4.690072499215603,41.30460089072585,0.0
12,2016-02-07,-13.5,9.75,0.0,0.0,0.0,0.0,860256,,,0.0,402_5,0.0088186934590339,"{""type"":""MultiPoint"",""coordinates"":[]}",0.0019995495676994085,0.20599458366632448,4.040597938001155,5.232185125350951,30.53004015237093,0.0
3,2016-02-07,-13.25,9.25,0.9807831195544602,0.0219855272902245,843724.5632954417,18549.729411764703,860256,-0.3601488576774741,-0.4938965580299101,0.034386611537754,402_6,0.0010402873158454,"{""type"":""MultiPoint"",""coordinates"":[]}",6.51925802230835e-06,0.004830770194530417,2.1760808303952213,3.1677065417170516,46.3249571621418,0.0
8,2016-02-07,-13.25,9.5,0.1921268721147793,0.0,165456.58823529413,0.0,861184,-0.4284300321792132,-0.5268626031871684,0.0,402_7,0.0010402873158454,"{""type"":""MultiPoint"",""coordinates"":[]}",6.51925802230835e-06,0.008778646588325317,2.880205400288104,4.324238747358321,55.63084874302149,0.0
13,2016-02-07,-13.25,9.75,0.0,0.0,0.0,0.0,860256,,,0.0,402_8,0.0067567452788352,"{""type"":""MultiPoint"",""coordinates"":[]}",6.51925802230835e-06,0.06130617111921305,1.096987165510654,2.316609025001525,34.75712100043893,0.0
4,2016-02-07,-13.0,9.25,0.9471777565887696,0.0,813937.3143916707,0.0,859329,-0.4282512809567629,-0.5475265060386267,0.0,402_9,0.002085231244564,"{""type"":""MultiPoint"",""coordinates"":[]}",6.51925802230835e-06,0.007176771759986842,2.9296725988388057,4.395251162350177,37.36418858170509,0.0
9,2016-02-07,-13.0,9.5,0.0186269085062139,0.0,16023.909803921564,0.0,860256,-0.4462292362438083,-0.5702344280264565,0.0,402_10,0.0010402873158454,"{""type"":""MultiPoint"",""coordinates"":[]}",6.51925802230835e-06,0.021426938474178238,1.5733707696199413,3.4288987517356864,30.946296639740467,0.0
14,2016-02-07,-13.0,9.75,0.0,0.0,0.0,0.0,859329,,,0.0,402_11,0.0010402873158454,"{""type"":""MultiPoint"",""coordinates"":[]}",6.519258022752439e-06,0.02958904951810835,0.46116299927234605,1.4777574688196176,19.428960978984833,0.0
5,2016-02-07,-12.75,9.25,0.7554577238829503,0.0,649887.0397166513,0.0,860256,-0.4153581433020599,-0.4658647912400662,0.0,402_12,0.0211382284760475,"{""type"":""MultiPoint"",""coordinates"":[]}",0.004199333488941047,0.012540258467197255,1.2850882485508912,2.996702678501605,23.835694417357445,0.0
10,2016-02-07,-12.75,9.5,0.0,0.0,0.0,0.0,861184,,,0.0,402_13,0.0082766637206077,"{""type"":""MultiPoint"",""coordinates"":[]}",0.00040233135223399774,0.007923692464828424,0.8318861946463578,2.235419116914272,17.128673382103443,0.0
15,2016-02-07,-12.75,9.75,0.0,0.0,0.0,0.0,860256,,,0.0,402_14,0.0032493844628334,"{""type"":""MultiPoint"",""coordinates"":[]}",6.51925802230488e-06,0.021304003894328932,0.1914501190185542,0.9782398119568818,9.177682921290396,0.0
1,2016-03-26,-13.75,9.25,0.3355039541529052,0.9688039706066256,288308.2774182619,279314.20392156864,859329,0.7425197720631306,0.7138432888790962,1.3233247066746348,450_0,0.0,"{""type"":""MultiPoint"",""coordinates"":[]}",0.033698044717312185,0.033711083233356295,0.32701250165700857,0.45717693865299086,6.698461249470709,0.0
6,2016-03-26,-13.75,9.5,0.5897590274282818,0.3230669128921804,507343.741899344,163905.9764705882,860256,0.0269247421162179,-0.0896765854333861,0.7272158801626003,450_1,0.0,"{""type"":""MultiPoint"",""coordinates"":[]}",0.0009732320904734248,0.0009862706065177917,0.28345175087451885,0.7240204140543925,4.60249464958906,0.0
11,2016-03-26,-13.75,9.75,0.91303279953608,0.1295379565320515,784595.5625925402,101634.90588235296,859329,-0.2654507295745283,-0.4273161951173506,0.4448341145802379,450_2,0.0,"{""type"":""MultiPoint"",""coordinates"":[]}",0.000998377799987793,0.0010114163160324097,0.0528702512383459,1.1998005211353295,3.3187558874487864,0.0
2,2016-03-26,-13.5,9.25,0.528076950007768,0.3072746191640685,454281.3647058824,139589.13333333333,860256,-0.0783113022277681,-0.1939251540255008,0.6179978382036271,450_3,0.0,"{""type"":""MultiPoint"",""coordinates"":[]}",0.008288770914077615,0.008301809430122233,0.2097161486744876,0.3662882372736921,6.300768814980983,0.0
7,2016-03-26,-13.5,9.5,0.8785843356925112,0.053569928003131,756622.7725490195,40532.2274509804,861184,-0.3540073487760125,-0.4614820681853774,0.1225893729828958,450_4,0.0,"{""type"":""MultiPoint"",""coordinates"":[]}",0.014206394553184416,0.015288591384887517,0.07376167923212008,0.17182249575853248,4.813406616449355,0.0
12,2016-03-26,-13.5,9.75,0.8985904581253827,0.0005736265198535544,773017.8331451092,443.4235294117647,860256,-0.4965427153721691,-0.5256485164604277,0.0008620428255062828,450_5,0.0,"{""type"":""MultiPoint"",""coordinates"":[]}",0.05525909364223472,0.055272132158279336,0.11242367327213257,0.37758518010377784,5.376190878450869,0.0
3,2016-03-26,-13.25,9.25,0.5159055236957635,0.0420587345671674,443810.8221924228,18666.12156862745,860256,-0.4232340097518872,-0.5402620502372911,0.0532503625056377,450_6,0.0,"{""type"":""MultiPoint"",""coordinates"":[]}",0.5330415442585943,0.5330545827746389,0.7012337446212765,0.7248157635331145,3.8427459076046926,0.0
8,2016-03-26,-13.25,9.5,0.6581774512718286,1.764253745019477e-06,566811.8901960785,1.0,861184,-0.5103048958945974,-0.5820228035562177,1.1858376828541944e-06,450_7,0.0,"{""type"":""MultiPoint"",""coordinates"":[]}",1.977134495973587,2.018695697188377,2.611606381833553,2.655846066772937,6.794199347496031,1.0
13,2016-03-26,-13.25,9.75,0.9155508507569162,3.809000887300107e-06,787608.1126687417,3.0,860256,-0.5083379964581886,-0.5450715950292456,7.120233879485675e-06,450_8,0.0,"{""type"":""MultiPoint"",""coordinates"":[]}",0.5411896854639052,0.7354430854320524,0.7821526378393168,0.892840325832366,3.139613196253775,0.0
4,2016-03-26,-13.0,9.25,0.5509366997518361,0.0,473435.8832610456,0.0,859329,-0.5183144468248193,-0.6280653943670328,0.0,450_9,0.0,"{""type"":""MultiPoint"",""coordinates"":[]}",0.6622411310672758,0.8477456867694851,1.0548103600740428,1.0740477591752997,5.467768758535384,0.0
9,2016-03-26,-13.0,9.5,0.5116994175194908,0.0,440192.4941176471,0.0,860256,-0.5072633269325239,-0.5819065568834301,0.0,450_10,0.0,"{""type"":""MultiPoint"",""coordinates"":[]}",0.4591643810272214,0.5007255822420117,0.569996424019336,0.5873544141650189,3.998520784080027,0.0
14,2016-03-26,-13.0,9.75,0.8039166323130367,0.0016096605672811,690828.8757289295,1112.0,859329,-0.5117378978349229,-0.559831745155797,0.001329901241684,450_11,0.0,"{""type"":""MultiPoint"",""coordinates"":[]}",0.2629449591040615,0.3128172829747199,0.3327121958136556,0.38013979792594854,1.8268786370754229,0.0
5,2016-03-26,-12.75,9.25,0.6718756162487437,3.460297232169405e-06,577985.0301316793,2.0,860256,-0.5156169123652076,-0.560790294860659,2.3684821895363933e-06,450_12,0.0,"{""type"":""MultiPoint"",""coordinates"":[]}",0.8743610233068464,0.9083226323127743,1.0568629950284953,1.2023346498608583,4.193314351141451,0.0
10,2016-03-26,-12.75,9.5,0.8712170945667624,3.198813358099592e-05,750278.2223673827,24.0,861184,-0.4993462786717981,-0.5240962640978996,2.8442080310638087e-05,450_13,0.0,"{""type"":""MultiPoint"",""coordinates"":[]}",0.11174101382493973,0.1122150570154189,0.1782951876521107,0.23904629051685286,2.469727769494056,0.0
15,2016-03-26,-12.75,9.75,0.9679107942626256,0.0,832651.0682291891,0.0,860256,-0.4855322373727209,-0.5017541211904001,0.0,450_14,0.0,"{""type"":""MultiPoint"",""coordinates"":[]}",0.04590675234794611,0.04961434751749029,0.05816668272018414,0.12917723506689016,1.085943542420863,0.0
1,2016-04-02,-13.75,9.25,0.0,0.0,0.0,0.0,859329,,,0.0,457_0,0.0,"{""type"":""MultiPoint"",""coordinates"":[]}",0.0029467046260837804,0.03664474934339499,0.12772809714078862,0.4494339227676378,6.701402366161345,0.0
6,2016-04-02,-13.75,9.5,0.0108480505011539,0.9532443975063654,9332.100531920732,8895.77254901961,860256,0.239172619148111,0.1793245840831542,0.0210950518436216,457_1,0.0,"{""type"":""MultiPoint"",""coordinates"":[]}",0.011550262570381359,0.012523494660854284,0.13464130461215948,0.4783784970641125,4.614039324223993,0.0
11,2016-04-02,-13.75,9.75,0.1725148255759606,0.0725588769747279,148246.99254736464,10756.635294117648,859329,-0.3334935380704512,-0.4058883724688015,0.0332587129829376,457_2,0.0,"{""type"":""MultiPoint"",""coordinates"":[]}",0.006726011633872909,0.007724389433860702,0.024892389774322305,0.13726763427257457,3.3254763111472116,0.0
2,2016-04-02,-13.5,9.25,0.0,0.0,0.0,0.0,860256,,,0.0,457_3,0.0,"{""type"":""MultiPoint"",""coordinates"":[]}",6.51925802230835e-06,0.008295290172099925,0.13740174472331962,0.3581224009394636,6.3007697463035575,0.0
7,2016-04-02,-13.5,9.5,0.0,0.0,0.0,0.0,861184,,,0.0,457_4,0.0,"{""type"":""MultiPoint"",""coordinates"":[]}",0.0028721988201141084,0.017078593373298524,0.048977322876453094,0.13878103345632456,4.816273227334022,0.0
12,2016-04-02,-13.5,9.75,0.0,0.0,0.0,0.0,860256,,,0.0,457_5,0.0,"{""type"":""MultiPoint"",""coordinates"":[]}",0.017153099179267845,0.07241219282150256,0.11225324124097803,0.19074883311986832,5.393338389694689,0.0
3,2016-04-02,-13.25,9.25,0.0,0.0,0.0,0.0,860256,,,0.0,457_6,0.0,"{""type"":""MultiPoint"",""coordinates"":[]}",6.51925802230835e-06,0.5330480635166166,0.6959466263651846,0.7248129695653907,3.842746838927267,0.0
8,2016-04-02,-13.25,9.5,0.0,0.0,0.0,0.0,861184,,,0.0,457_7,0.0,"{""type"":""MultiPoint"",""coordinates"":[]}",0.0009592622518539428,1.978093758225441,2.601576969027519,2.652616240084171,6.795153021812437,0.0
13,2016-04-02,-13.25,9.75,0.0,0.0,0.0,0.0,860256,,,0.0,457_8,0.0,"{""type"":""MultiPoint"",""coordinates"":[]}",0.004786998033523508,0.5459766834974288,0.7576560601592061,0.8396375924348822,3.144394606351851,0.0
4,2016-04-02,-13.0,9.25,0.0,0.0,0.0,0.0,859329,,,0.0,457_9,0.0,"{""type"":""MultiPoint"",""coordinates"":[]}",6.5192580222528385e-06,0.6622476503252981,1.0543828830122943,1.0740449652075759,5.467769689857959,0.0
9,2016-04-02,-13.0,9.5,0.0,0.0,0.0,0.0,860256,,,0.0,457_10,0.0,"{""type"":""MultiPoint"",""coordinates"":[]}",0.0009592622518538873,0.4601236432790753,0.5644718185067171,0.5841245874762525,3.9994744583964335,0.0
14,2016-04-02,-13.0,9.75,0.0,0.0,0.0,0.0,859329,,,0.0,457_11,0.0,"{""type"":""MultiPoint"",""coordinates"":[]}",0.0009592622518543869,0.263904221355915,0.3200722858309744,0.3524664789438242,1.8278323113918291,0.0
5,2016-04-02,-12.75,9.25,0.0,0.0,0.0,0.0,860256,,,0.0,457_12,0.0,"{""type"":""MultiPoint"",""coordinates"":[]}",6.51925802230835e-06,0.8743675425648688,1.0561766102910037,1.2023318558931344,4.193315282464026,0.0
10,2016-04-02,-12.75,9.5,0.0,0.0,0.0,0.0,861184,,,0.0,457_13,0.0,"{""type"":""MultiPoint"",""coordinates"":[]}",6.519258022419372e-06,0.11174753308296193,0.17756409943103754,0.23904349654912901,2.4697287008166304,0.0
15,2016-04-02,-12.75,9.75,0.0,0.0,0.0,0.0,860256,,,0.0,457_14,0.0,"{""type"":""MultiPoint"",""coordinates"":[]}",6.51925802230835e-06,0.04591327160596843,0.05220714956521971,0.10917335748672444,1.0859444737434376,0.0
1,2016-05-20,-13.75,9.25,0.0,0.0,0.0,0.0,859329,,,0.0,505_0,2.9176129028201103,"{""type"":""MultiPoint"",""coordinates"":[]}",10.202771052718163,10.428010486066341,15.641812235116959,16.513913869857788,16.828635707497597,3.0
6,2016-05-20,-13.75,9.5,0.0,0.0,0.0,0.0,860256,,,0.0,505_1,2.811770886182785,"{""type"":""MultiPoint"",""coordinates"":[]}",8.454186841845512,8.58608540147543,11.915737763047218,13.849646784365177,14.180777594447134,3.0
11,2016-05-20,-13.75,9.75,0.0004736253518733803,0.0,407.0,0.0,859329,-0.4029327418646004,-0.4541064157496131,0.0,505_2,3.42455692589283,"{""type"":""MultiPoint"",""coordinates"":[]}",6.106536835432053,6.123692728579044,9.194489568471909,13.975172303617,14.0564264729619,3.0
2,2016-05-20,-13.5,9.25,0.0,0.0,0.0,0.0,860256,,,0.0,505_3,2.78690829873085,"{""type"":""MultiPoint"",""coordinates"":[]}",16.47004298865795,16.87861979007721,24.120588786900043,25.340792723000046,25.574547238647934,3.0
7,2016-05-20,-13.5,9.5,0.0,0.0,0.0,0.0,861184,,,0.0,505_4,1.448427326977253,"{""type"":""MultiPoint"",""coordinates"":[]}",11.242982000112534,11.357705108821392,15.912607312202454,18.5641935095191,18.651380203664303,3.0
12,2016-05-20,-13.5,9.75,0.0,0.0,0.0,0.0,860256,,,0.0,505_5,1.6006091609597206,"{""type"":""MultiPoint"",""coordinates"":[]}",7.587946020066738,7.672841660678387,11.874639429152012,17.666524276137352,17.78984908014536,3.0
3,2016-05-20,-13.25,9.25,0.0,0.0,0.0,0.0,860256,,,0.0,505_6,8.71548242866993,"{""type"":""MultiPoint"",""coordinates"":[]}",29.964682646095756,30.579566024243835,37.63333987444639,41.60899389535189,42.19476133584976,4.0
8,2016-05-20,-13.25,9.5,0.0,0.0,0.0,0.0,861184,,,0.0,505_7,16.6710764169693,"{""type"":""MultiPoint"",""coordinates"":[]}",36.06618382036686,37.14463207870722,48.37510269135237,54.443180561065674,56.678601540625095,4.0
13,2016-05-20,-13.25,9.75,0.0,0.0,0.0,0.0,860256,,,0.0,505_8,6.038331426680088,"{""type"":""MultiPoint"",""coordinates"":[]}",14.533914625644684,15.328983776271343,27.033445425331593,32.13449288159609,32.94368088245392,4.0
4,2016-05-20,-13.0,9.25,0.0,0.0,0.0,0.0,859329,,,0.0,505_9,12.483338825404644,"{""type"":""MultiPoint"",""coordinates"":[]}",46.37770541012287,50.702731125056744,63.10568563640118,70.42792439460754,71.35352957993746,4.0
9,2016-05-20,-13.0,9.5,0.0,0.0,0.0,0.0,860256,,,0.0,505_10,20.361101254820824,"{""type"":""MultiPoint"",""coordinates"":[]}",43.69015526026487,52.19325516372919,75.96181239932775,86.50272153317928,87.03534584492445,4.0
14,2016-05-20,-13.0,9.75,0.0,0.0,0.0,0.0,859329,,,0.0,505_11,11.411695741117,"{""type"":""MultiPoint"",""coordinates"":[]}",31.438511796295643,35.447399131953716,52.556902170181274,59.288594871759415,59.63106453418732,4.0
5,2016-05-20,-12.75,9.25,0.0,0.0,0.0,0.0,860256,,,0.0,505_12,8.400882594287395,"{""type"":""MultiPoint"",""coordinates"":[]}",26.32864285260439,32.564698718488216,44.568320736289024,50.51333550363779,51.55051779001951,4.0
10,2016-05-20,-12.75,9.5,0.0,0.0,0.0,0.0,861184,,,0.0,505_13,9.784137830138206,"{""type"":""MultiPoint"",""coordinates"":[]}",26.75931341946125,31.848181039094925,43.61673165112734,49.425012432038784,49.592385068535805,4.0
15,2016-05-20,-12.75,9.75,0.0,0.0,0.0,0.0,860256,,,0.0,505_14,8.511289022862911,"{""type"":""MultiPoint"",""coordinates"":[]}",27.96307113021612,29.910828918218613,38.606599904596806,42.96747129410505,43.02750527858734,3.0
1,2016-06-05,-13.75,9.25,0.0,0.0,0.0,0.0,859329,,,0.0,521_0,7.609870284795761,"{""type"":""MultiPoint"",""coordinates"":[]}",22.50293456017971,36.24733258038759,49.59201626479626,55.64510636031628,55.720387026667595,3.0
6,2016-06-05,-13.75,9.5,0.006898241198438,1.002732813513707,5934.253380403566,5950.470588235295,860256,0.4462372522981599,0.4335904151526354,0.0254762852085844,521_1,6.140964105725288,"{""type"":""MultiPoint"",""coordinates"":[]}",23.326345719397068,35.184724256396294,46.58258054405451,51.83457862585783,51.89848039299249,3.0
11,2016-06-05,-13.75,9.75,0.0036843432389235,0.114969285518392,3166.062991160972,364.0,859329,-0.2563162090777903,-0.4301147293717274,0.0011706586321575,521_2,7.587351836264133,"{""type"":""MultiPoint"",""coordinates"":[]}",26.02176554501057,41.6732644662261,51.221514120697975,59.066254645586014,59.08551625907421,4.0
2,2016-06-05,-13.5,9.25,0.0,0.0,0.0,0.0,860256,,,0.0,521_3,7.7916095033288,"{""type"":""MultiPoint"",""coordinates"":[]}",21.612463518977165,38.309112191200256,57.966229505836964,66.4310660213232,66.49641413241625,4.0
7,2016-06-05,-13.5,9.5,0.0,0.0,0.0,0.0,861184,,,0.0,521_4,7.784266956150532,"{""type"":""MultiPoint"",""coordinates"":[]}",19.777179695665836,40.6928239390254,53.49801667034626,60.7025595381856,60.74108835309744,4.0
12,2016-06-05,-13.5,9.75,0.0,0.0,0.0,0.0,860256,,,0.0,521_5,17.106682993471622,"{""type"":""MultiPoint"",""coordinates"":[]}",31.601889058947563,62.640417367219925,71.91386818885803,81.89038466662169,81.99939504265785,4.0
3,2016-06-05,-13.25,9.25,0.0,0.0,0.0,0.0,860256,,,0.0,521_6,19.28527653217316,"{""type"":""MultiPoint"",""coordinates"":[]}",33.24716445058584,73.31292470917106,112.55083279684186,123.51742526516318,124.06165851280093,6.0
8,2016-06-05,-13.25,9.5,0.0,0.0,0.0,0.0,861184,,,0.0,521_7,16.330087557435036,"{""type"":""MultiPoint"",""coordinates"":[]}",45.209540985524654,118.77375934273005,172.3509570583701,189.4962452352047,191.5506673976779,6.0
13,2016-06-05,-13.25,9.75,0.0,0.0,0.0,0.0,860256,,,0.0,521_8,14.451004564762115,"{""type"":""MultiPoint"",""coordinates"":[]}",42.802196461707354,101.59525321796536,122.79549008235335,139.76327748969197,140.51785646006465,6.0
4,2016-06-05,-13.0,9.25,0.0,0.0,0.0,0.0,859329,,,0.0,521_9,20.257477648556232,"{""type"":""MultiPoint"",""coordinates"":[]}",29.668339528143406,91.99906513094902,154.71917763352394,174.78109803050756,175.7249990478158,5.0
9,2016-06-05,-13.0,9.5,0.0,0.0,0.0,0.0,860256,,,0.0,521_10,18.796291202306747,"{""type"":""MultiPoint"",""coordinates"":[]}",34.92532856762409,112.88496106863022,184.54967346042395,219.70573253929615,220.24771198630333,6.0
14,2016-06-05,-13.0,9.75,0.0,0.0,0.0,0.0,859329,,,0.0,521_11,15.22425003349781,"{""type"":""MultiPoint"",""coordinates"":[]}",28.360710479319096,90.19912779331207,136.94903999567032,160.8984461054206,161.218517459929,6.0
5,2016-06-05,-12.75,9.25,0.0,0.0,0.0,0.0,860256,,,0.0,521_12,13.7375108897686,"{""type"":""MultiPoint"",""coordinates"":[]}",19.054114818572998,72.75930233299732,111.61142215132713,131.65381457656622,132.70286470651627,5.0
10,2016-06-05,-12.75,9.5,0.0,0.0,0.0,0.0,861184,,,0.0,521_13,9.137478657066822,"{""type"":""MultiPoint"",""coordinates"":[]}",18.16190406680107,61.27186771482229,102.20644809305668,120.47007028013468,120.64763344824314,4.0
15,2016-06-05,-12.75,9.75,0.0,0.0,0.0,0.0,860256,,,0.0,521_14,8.485862985253334,"{""type"":""MultiPoint"",""coordinates"":[]}",16.19954314082861,48.37898816913366,86.7582056671381,99.85772892832756,99.90930184721947,3.0
1,2016-07-07,-13.75,9.25,0.0,0.0,0.0,0.0,859329,,,0.0,553_0,11.02463435381651,"{""type"":""MultiPoint"",""coordinates"":[]}",67.25088134407997,156.55875951051712,256.22425600886345,315.91299921274185,322.188813239336,7.0
6,2016-07-07,-13.75,9.5,0.00043126697169214745,0.9622641509433962,371.0,357.0,860256,0.6249388654677404,0.6226738096418962,0.0015340306994756,553_1,11.44387386739254,"{""type"":""MultiPoint"",""coordinates"":[]}",66.52122922241688,157.26749505847692,275.25276970118284,330.20536322146654,335.58615297079086,7.0
11,2016-07-07,-13.75,9.75,0.000275796580820617,0.0084388185654008,237.0,2.0,859329,-0.2250948548788511,-0.4370867525356509,2.3745611199949967e-06,553_2,13.23212031275034,"{""type"":""MultiPoint"",""coordinates"":[]}",63.326681032776825,150.46851430088282,296.5941037982702,356.6042073071003,364.4578056409955,7.0
2,2016-07-07,-13.5,9.25,0.0,0.0,0.0,0.0,860256,,,0.0,553_3,9.556325152516363,"{""type"":""MultiPoint"",""coordinates"":[]}",59.97154535725713,126.88236264511943,236.5625756792724,304.89054089412093,313.75300185754895,7.0
7,2016-07-07,-13.5,9.5,0.0,0.0,0.0,0.0,861184,,,0.0,553_4,8.087731897830963,"{""type"":""MultiPoint"",""coordinates"":[]}",62.5696387141943,123.9093141630292,244.8606602847576,307.1288848295808,314.4471924751997,7.0
12,2016-07-07,-13.5,9.75,0.0,0.0,0.0,0.0,860256,,,0.0,553_5,8.421210572123528,"{""type"":""MultiPoint"",""coordinates"":[]}",57.19631724059582,126.62371899932623,257.48232286423445,347.3409889265895,357.4023824185133,7.0
3,2016-07-07,-13.25,9.25,0.0,0.0,0.0,0.0,860256,,,0.0,553_6,10.174342431128023,"{""type"":""MultiPoint"",""coordinates"":[]}",83.1073266454041,212.98132510855794,358.5467613302171,496.2123045697808,507.70239531993866,7.0
8,2016-07-07,-13.25,9.5,0.0,0.0,0.0,0.0,861184,,,0.0,553_7,10.144667699933052,"{""type"":""MultiPoint"",""coordinates"":[]}",92.74222422391176,239.12325594574213,418.1621456518769,610.9094098210335,628.8189003244042,7.0
13,2016-07-07,-13.25,9.75,0.0,0.0,0.0,0.0,860256,,,0.0,553_8,5.073378793895245,"{""type"":""MultiPoint"",""coordinates"":[]}",62.28506099432707,184.271025005728,351.68727999553084,489.9365259334445,507.4940351769328,7.0
4,2016-07-07,-13.0,9.25,0.0,0.0,0.0,0.0,859329,,,0.0,553_9,17.09975302219391,"{""type"":""MultiPoint"",""coordinates"":[]}",89.96982872486115,231.6088010556996,387.5294760800898,567.9270946420729,590.952152851969,7.0
9,2016-07-07,-13.0,9.5,0.0,0.0,0.0,0.0,860256,,,0.0,553_10,11.300350539386272,"{""type"":""MultiPoint"",""coordinates"":[]}",93.22944190353155,226.35619482025504,397.43387047201395,601.0649325326085,642.2915700823069,7.0
14,2016-07-07,-13.0,9.75,0.0,0.0,0.0,0.0,859329,,,0.0,553_11,8.940883912146091,"{""type"":""MultiPoint"",""coordinates"":[]}",72.59248103946447,201.05238584801555,376.5333932824433,531.3586289994419,558.880906086415,7.0
5,2016-07-07,-12.75,9.25,0.0,0.0,0.0,0.0,860256,,,0.0,553_12,12.738533318042755,"{""type"":""MultiPoint"",""coordinates"":[]}",55.85286719724536,153.8276425562799,273.95843295380473,400.24614660069346,423.4212446026504,7.0
10,2016-07-07,-12.75,9.5,0.0,0.0,0.0,0.0,861184,,,0.0,553_13,10.508019477128984,"{""type"":""MultiPoint"",""coordinates"":[]}",56.31446931511164,131.97331968694925,271.5316819958389,382.8497692011297,404.0292357094586,7.0
15,2016-07-07,-12.75,9.75,0.0,0.0,0.0,0.0,860256,,,0.0,553_14,8.88220127671957,"{""type"":""MultiPoint"",""coordinates"":[]}",53.613177966326475,132.63647258281708,301.5129966661334,398.3786953613162,413.2424984127283,7.0
1,2016-07-16,-13.75,9.25,0.0607749571142525,0.9978929159032704,52225.68312203356,52115.63921568628,859329,0.6597080748981988,0.6576042157660088,0.2293289825679268,562_0,21.863725036382675,"{""type"":""MultiPoint"",""coordinates"":[]}",141.17765612900257,303.5373464226723,435.1345105096698,553.1650120392442,567.04908516258,7.0
6,2016-07-16,-13.75,9.5,0.0200942427374003,0.7215233708905969,17286.192880305065,12472.392156862748,860256,0.4105454385704213,0.3187774305481721,0.0539698719934511,562_1,23.771281354129314,"{""type"":""MultiPoint"",""coordinates"":[]}",134.02556721121073,286.8650481104851,412.3339159414172,551.969863474369,561.494586057961,7.0
11,2016-07-16,-13.75,9.75,0.0254464541010238,0.012874876772408,21866.87595617876,281.5333333333333,859329,-0.4178929110408111,-0.6401904281572726,0.0005403569908669399,562_2,27.219442650675774,"{""type"":""MultiPoint"",""coordinates"":[]}",118.96232049912214,216.30251221358776,335.84239054471254,510.5720553547144,517.9950995370746,7.0
2,2016-07-16,-13.5,9.25,0.0254348181261866,0.5005880438374941,21880.454901960788,10953.09411764706,860256,0.161412619948106,0.0240106352834403,0.0479847834687927,562_3,13.205762952566149,"{""type"":""MultiPoint"",""coordinates"":[]}",201.3800023123622,324.4369230233133,440.90390810742974,564.2086802981794,584.8167627118528,7.0
7,2016-07-16,-13.5,9.5,0.0020632151121447,0.0,1776.807843137255,0.0,861184,-0.4383592248370896,-0.617682824411176,0.0,562_4,4.644486121833324,"{""type"":""MultiPoint"",""coordinates"":[]}",177.28631850332022,267.9725014604628,365.47667859122157,509.50210029259324,523.5964772291481,7.0
12,2016-07-16,-13.5,9.75,0.0782563914559992,0.0,67320.5302883721,0.0,860256,-0.4729086591845117,-0.6759197355153873,0.0,562_5,6.996022537350655,"{""type"":""MultiPoint"",""coordinates"":[]}",152.04586647450924,221.05673234909773,318.47066059708595,511.09877973794937,522.2086487337947,7.0
3,2016-07-16,-13.25,9.25,0.0086377570780572,0.1082000227989512,7430.682352941177,804.0,860256,-0.2785322945974522,-0.4601147606930764,0.0034933595034323,562_6,8.419214747846127,"{""type"":""MultiPoint"",""coordinates"":[]}",167.9404047317803,293.375541921705,476.37674445286393,688.2784711197019,723.1107112020254,7.0
8,2016-07-16,-13.25,9.5,0.0610025631834184,3.807027025413025e-05,52534.43137254902,2.0,861184,-0.4804143451194271,-0.6866188368790979,5.929188414270972e-06,562_7,11.471631936728954,"{""type"":""MultiPoint"",""coordinates"":[]}",168.63291151821613,275.7237395271659,478.15941646695137,774.0182401612401,817.9772021248937,7.0
13,2016-07-16,-13.25,9.75,0.349199620103522,9.986648902618002e-06,300401.0683917755,3.0,860256,-0.496097133667174,-0.682188914791006,5.93352823290473e-06,562_8,13.583973981440067,"{""type"":""MultiPoint"",""coordinates"":[]}",116.65973532944918,184.762729331851,340.1646795682609,604.630540125072,631.7451661452651,7.0
4,2016-07-16,-13.0,9.25,1.1636986532515483e-06,0.0,1.0,0.0,859329,-0.3769784271717071,-0.6612261388856604,0.0,562_9,5.783936008810997,"{""type"":""MultiPoint"",""coordinates"":[]}",140.55846352130175,260.4174977168441,453.32291489467025,707.8009932301939,768.6745175160468,7.0
9,2016-07-16,-13.0,9.5,0.1063657384614374,0.0,91501.76470588236,0.0,860256,-0.491095699312474,-0.6705143273146456,0.0,562_10,8.01801960915327,"{""type"":""MultiPoint"",""coordinates"":[]}",125.33699255436659,232.1943435817957,405.606581363827,708.5787421092391,784.1890165582299,7.0
14,2016-07-16,-13.0,9.75,0.2876205659702543,5.6643310920981134e-05,247160.69333465263,14.0,859329,-0.4860344274440561,-0.698206479883579,1.8981641272921527e-05,562_11,10.363612323999403,"{""type"":""MultiPoint"",""coordinates"":[]}",97.4361039698124,181.34985119104385,338.58295483514667,614.2602819018066,667.0580846257508,7.0
5,2016-07-16,-12.75,9.25,0.0011984804523304,0.0,1031.0,0.0,860256,-0.4262356393899187,-0.7038525113706648,0.0,562_12,3.4445710480213165,"{""type"":""MultiPoint"",""coordinates"":[]}",86.88927721232176,160.67163599655032,288.9357334934175,484.43351639434695,529.3320347554982,7.0
10,2016-07-16,-12.75,9.5,0.0001172803953626635,0.0,101.0,0.0,861184,-0.4067159817360415,-0.7046161865515881,0.0,562_13,4.755708388984203,"{""type"":""MultiPoint"",""coordinates"":[]}",78.70577648282051,147.26364705711603,248.0883914977312,452.0262605510652,495.45944994315505,7.0
15,2016-07-16,-12.75,9.75,0.0064334337685526,0.0,5534.4,0.0,860256,-0.4246895892054455,-0.693773133563034,0.0,562_14,6.739047355949879,"{""type"":""MultiPoint"",""coordinates"":[]}",60.956801287829876,124.6843938715756,220.50154488533735,444.3203881382942,484.12862326949835,6.0
1,2016-08-01,-13.75,9.25,0.0566249238832697,0.9861620867627644,48659.43921568627,47986.09411764706,859329,0.7000733245648032,0.5426808140008241,0.2168226660468608,578_0,38.06127468124032,"{""type"":""MultiPoint"",""coordinates"":[]}",459.5995722338557,683.3961843512952,992.8395370952785,1229.521453846246,1267.172055784613,7.0
6,2016-08-01,-13.75,9.5,0.2671702613122282,0.4025230793179312,229834.82031541225,92513.81960784314,860256,0.1118412767092659,-0.0168872672285683,0.3907525903944857,578_1,44.83817704021931,"{""type"":""MultiPoint"",""coordinates"":[]}",360.093935392797,605.5247108452022,897.8206044994295,1152.7709434740245,1187.4751863069832,7.0
11,2016-08-01,-13.75,9.75,0.1265688030998464,0.2298954799268903,108764.2429989879,25004.40784313725,859329,-0.0990814467773208,-0.452496936870795,0.0982067170085729,578_2,50.683440174907446,"{""type"":""MultiPoint"",""coordinates"":[]}",328.56729347258806,504.45878924801946,729.5801532454789,1008.6314887739718,1046.6770785860717,7.0
2,2016-08-01,-13.5,9.25,0.1133279432369607,0.141427411571967,97491.04313725488,13787.90588235294,860256,-0.1917421341778026,-0.5431105903796872,0.0557464039633054,578_3,42.06780437380076,"{""type"":""MultiPoint"",""coordinates"":[]}",538.0861978046596,820.8397664129734,1141.6017771698534,1365.868950728327,1411.9916972704232,7.0
7,2016-08-01,-13.5,9.5,0.0413609088663705,0.0423423706103808,35619.35294117648,1508.2078431372552,861184,-0.4086368747140978,-0.6628192453786208,0.0069662742341763,578_4,51.05191050097346,"{""type"":""MultiPoint"",""coordinates"":[]}",350.8217092603445,613.9062251895666,865.5912415124476,1095.8910179324448,1137.5773162581027,7.0
12,2016-08-01,-13.5,9.75,0.2291728528221922,0.0018878884769825,197147.32167740783,372.1921568627452,860256,-0.4869890901197,-0.7073652517124535,0.0012208937306312,578_5,58.6042357608676,"{""type"":""MultiPoint"",""coordinates"":[]}",276.0473885573447,418.48583659157157,627.9731090180576,892.1654964797199,943.0538644082844,7.0
3,2016-08-01,-13.25,9.25,0.3110600389688039,0.0256007799844689,267591.26488314744,6850.545098039215,860256,-0.4269934908258457,-0.6887168322634172,0.026463827023061,578_6,40.21690459921956,"{""type"":""MultiPoint"",""coordinates"":[]}",562.9831552505493,845.7943126559258,1124.1436745040119,1476.7253859899938,1570.5323060974479,7.0
8,2016-08-01,-13.25,9.5,0.317652609776818,0.0014288576666213,273557.34509803925,390.8745098039216,861184,-0.4863406098651653,-0.7134900093356034,0.0011520389837209,578_7,60.03990303725004,"{""type"":""MultiPoint"",""coordinates"":[]}",403.8690752349794,655.5339363403618,916.8508113361895,1326.7875821329653,1473.2321598567069,7.0
13,2016-08-01,-13.25,9.75,0.3466131002710584,0.000480332185696973,298175.9991867796,143.2235294117647,860256,-0.50636784268765,-0.7117251750788873,0.0004108654173321255,578_8,72.68833136186004,"{""type"":""MultiPoint"",""coordinates"":[]}",260.174332652241,397.91273372247815,582.7883868478239,931.8432253785431,1031.171693932265,7.0
4,2016-08-01,-13.0,9.25,0.290780678257745,0.001936958643705,249876.2694665497,484.0,859329,-0.4880497913494911,-0.7344268769416483,0.0015850469903089,578_9,35.29664408415556,"{""type"":""MultiPoint"",""coordinates"":[]}",595.2456058003008,879.0850159712136,1122.470494825393,1500.8323732763529,1640.5323315411806,7.0
9,2016-08-01,-13.0,9.5,0.1456842623408772,3.191682200823836e-05,125325.76078431372,4.0,860256,-0.5093898670302217,-0.7294473447373447,5.927420424473783e-06,578_10,47.74043150246143,"{""type"":""MultiPoint"",""coordinates"":[]}",394.667396787554,637.3132164590061,855.51274754107,1237.4911070801318,1405.0123863853514,7.0
14,2016-08-01,-13.0,9.75,0.2568847425290131,2.2650209619205347e-05,220748.50891271437,5.0,859329,-0.5048669997747426,-0.7294376750064405,8.304468056903168e-06,578_11,61.857493594288826,"{""type"":""MultiPoint"",""coordinates"":[]}",211.45790116861463,371.2965198792517,550.2662588842213,909.4413332641125,1030.9815257787704,7.0
5,2016-08-01,-12.75,9.25,0.0129013442783652,0.0026129754104703,11098.458823529412,29.0,860256,-0.4451827454721374,-0.7328775747562565,8.644959991807836e-05,578_12,26.565335225313905,"{""type"":""MultiPoint"",""coordinates"":[]}",567.1081547625363,825.5616170354187,976.5820540487766,1241.8388314545155,1345.4323159530759,7.0
10,2016-08-01,-12.75,9.5,0.0221927522309458,0.0,19112.0431372549,0.0,861184,-0.4492257307223717,-0.7196910874228162,0.0,578_13,31.985454726964235,"{""type"":""MultiPoint"",""coordinates"":[]}",360.2049541659653,615.9302806481719,756.7094713449478,1010.8086415566504,1103.7033102475107,7.0
15,2016-08-01,-12.75,9.75,0.0915692399144202,0.0007235982969505165,78772.98805181954,57.0,860256,-0.4598006357735744,-0.7109037941696882,0.00019686860874642444,578_14,38.33605721592903,"{""type"":""MultiPoint"",""coordinates"":[]}",200.95001021400094,391.7276430875063,514.0391099266708,796.567702665925,872.6455895230174,7.0
1,2016-08-08,-13.75,9.25,0.0,0.0,0.0,0.0,859329,,,0.0,585_0,3.0200714245438576,"{""type"":""MultiPoint"",""coordinates"":[]}",214.11004476249218,747.2063270397484,1060.5476102791727,1416.3600536994636,1480.8977493084967,7.0
6,2016-08-08,-13.75,9.5,0.0098719908627987,1.0049455571220869,8492.439371667831,8534.439215686274,860256,0.3468371853842023,0.3466677982078258,0.0294337415169042,585_1,4.692188464105129,"{""type"":""MultiPoint"",""coordinates"":[]}",280.7414666749537,721.5413758531213,1044.063026085496,1408.3242202177644,1467.8796669468284,7.0
11,2016-08-08,-13.75,9.75,0.0018463295090499,0.2552621036801698,1586.6044906824245,405.0,859329,0.0229417229437213,-0.2530896905243489,0.0014817261388768,585_2,11.915523558855057,"{""type"":""MultiPoint"",""coordinates"":[]}",330.7704897597432,691.9568087905645,981.4110421575606,1307.775902096182,1376.9235364161432,7.0
2,2016-08-08,-13.5,9.25,0.0,0.0,0.0,0.0,860256,,,0.0,585_3,6.6015468910336494,"{""type"":""MultiPoint"",""coordinates"":[]}",270.7987427711487,916.2502679973841,1306.2242744490504,1607.9068849794567,1681.8762929178774,7.0
7,2016-08-08,-13.5,9.5,0.0,0.0,0.0,0.0,861184,,,0.0,585_4,9.148944169282911,"{""type"":""MultiPoint"",""coordinates"":[]}",294.12814835086465,739.2848134040833,1089.9651781655848,1362.956365570426,1431.3532104715705,7.0
12,2016-08-08,-13.5,9.75,0.0,0.0,0.0,0.0,860256,,,0.0,585_5,12.19534408301115,"{""type"":""MultiPoint"",""coordinates"":[]}",325.15635108575225,629.7255363315344,902.6840766891837,1168.6373921111226,1267.5704713910818,7.0
3,2016-08-08,-13.25,9.25,0.0,0.0,0.0,0.0,860256,,,0.0,585_6,10.43393276631832,"{""type"":""MultiPoint"",""coordinates"":[]}",225.8927975781262,889.9336676113307,1248.0467297136784,1646.7126542702317,1794.8805470950902,7.0
8,2016-08-08,-13.25,9.5,0.0,0.0,0.0,0.0,861184,,,0.0,585_7,19.226079806685448,"{""type"":""MultiPoint"",""coordinates"":[]}",231.08957754448056,726.2286357581615,1066.7280573397875,1492.4981007352471,1701.8443485721946,7.0
13,2016-08-08,-13.25,9.75,0.0,0.0,0.0,0.0,860256,,,0.0,585_8,17.574738711118698,"{""type"":""MultiPoint"",""coordinates"":[]}",222.20929292961955,508.59127286821604,750.365735962987,1097.4763645790517,1251.5154415741563,7.0
4,2016-08-08,-13.0,9.25,0.0,0.0,0.0,0.0,859329,,,0.0,585_9,15.913788229227066,"{""type"":""MultiPoint"",""coordinates"":[]}",200.7873128168285,886.2098688259721,1226.2147283181548,1646.5913434512913,1835.294087883085,7.0
9,2016-08-08,-13.0,9.5,0.0,0.0,0.0,0.0,860256,,,0.0,585_10,21.909519098699093,"{""type"":""MultiPoint"",""coordinates"":[]}",198.23575112968683,672.7033513598144,968.9039797522128,1376.6140430234373,1591.1183799616992,7.0
14,2016-08-08,-13.0,9.75,0.0,0.0,0.0,0.0,859329,,,0.0,585_11,24.950080551207066,"{""type"":""MultiPoint"",""coordinates"":[]}",190.9161484800279,431.23391922563314,670.0123846530914,1053.1049300916493,1215.8612492494285,6.0
5,2016-08-08,-12.75,9.25,0.0,0.0,0.0,0.0,860256,,,0.0,585_12,16.68701460584998,"{""type"":""MultiPoint"",""coordinates"":[]}",119.06710686162114,745.7357384264469,1034.962572157383,1326.1050819419324,1456.8551634438336,7.0
10,2016-08-08,-12.75,9.5,0.0,0.0,0.0,0.0,861184,,,0.0,585_13,19.251451827585697,"{""type"":""MultiPoint"",""coordinates"":[]}",115.10101752355695,544.5135058835149,814.4927830435336,1097.3042799159884,1212.938162498176,7.0
15,2016-08-08,-12.75,9.75,0.0,0.0,0.0,0.0,860256,,,0.0,585_14,21.34710829705,"{""type"":""MultiPoint"",""coordinates"":[]}",118.04947536438704,350.3287550993264,577.4729670956731,886.2167755141854,987.9238596186042,6.0
1,2016-08-17,-13.75,9.25,0.0,0.0,0.0,0.0,859329,,,0.0,594_0,18.19608546793461,"{""type"":""MultiPoint"",""coordinates"":[]}",216.84205951169133,405.5560464039445,1124.569478444755,1563.3598426356912,1702.0087502896786,7.0
6,2016-08-17,-13.75,9.5,0.0,0.0,0.0,0.0,860256,,,0.0,594_1,18.643494695425037,"{""type"":""MultiPoint"",""coordinates"":[]}",272.3238752223551,522.6413775235415,1170.9416494704783,1595.9212104789913,1748.7020031549037,7.0
11,2016-08-17,-13.75,9.75,0.0,0.0,0.0,0.0,859329,,,0.0,594_2,22.35662844032049,"{""type"":""MultiPoint"",""coordinates"":[]}",291.5365002118051,590.537017211318,1144.3519042804837,1500.7462091743946,1683.46515763551,7.0
2,2016-08-17,-13.5,9.25,0.0,0.0,0.0,0.0,860256,,,0.0,594_3,11.887118220329285,"{""type"":""MultiPoint"",""coordinates"":[]}",244.6950525045395,487.49331943690777,1348.2812605798244,1777.8444713912904,1927.7021908201277,7.0
7,2016-08-17,-13.5,9.5,0.0,0.0,0.0,0.0,861184,,,0.0,594_4,13.7467747554183,"{""type"":""MultiPoint"",""coordinates"":[]}",273.9832988008857,530.862370505929,1194.1724722273648,1550.439476966858,1709.9544340744615,7.0
12,2016-08-17,-13.5,9.75,0.0,0.0,0.0,0.0,860256,,,0.0,594_5,20.190184004604816,"{""type"":""MultiPoint"",""coordinates"":[]}",273.47354404628277,557.9473511315882,1033.467324450612,1352.8119577094913,1553.114683367312,7.0
3,2016-08-17,-13.25,9.25,0.0,0.0,0.0,0.0,860256,,,0.0,594_6,21.860060282051563,"{""type"":""MultiPoint"",""coordinates"":[]}",225.7391670718789,429.77035138756037,1313.211867120117,1775.9810900315642,2012.4004655517638,7.0
8,2016-08-17,-13.25,9.5,0.0,0.0,0.0,0.0,861184,,,0.0,594_7,34.08824000507593,"{""type"":""MultiPoint"",""coordinates"":[]}",256.042099557817,456.1295728199184,1168.863808736205,1644.464049488306,1957.183494232595,7.0
13,2016-08-17,-13.25,9.75,0.0,0.0,0.0,0.0,860256,,,0.0,594_8,26.63722913712263,"{""type"":""MultiPoint"",""coordinates"":[]}",218.69334345683455,391.43790444359183,860.0498861633241,1210.6698928400874,1480.2466337569058,7.0
4,2016-08-17,-13.0,9.25,0.0,0.0,0.0,0.0,859329,,,0.0,594_9,28.690804727375507,"{""type"":""MultiPoint"",""coordinates"":[]}",202.9561260715127,394.7708480991423,1305.8680584654212,1749.5577563531697,2022.3396210931242,7.0
9,2016-08-17,-13.0,9.5,0.0,0.0,0.0,0.0,860256,,,0.0,594_10,31.93215560168028,"{""type"":""MultiPoint"",""coordinates"":[]}",208.8808249682188,392.7916716784239,1074.0413418971002,1481.8684123456478,1794.0040375106037,7.0
14,2016-08-17,-13.0,9.75,0.0,0.0,0.0,0.0,859329,,,0.0,594_11,15.422390773892404,"{""type"":""MultiPoint"",""coordinates"":[]}",179.85191429033875,341.5470393374562,769.9550339020789,1116.8227372691035,1399.303880520165,7.0
5,2016-08-17,-12.75,9.25,0.0,0.0,0.0,0.0,860256,,,0.0,594_12,25.170580483973023,"{""type"":""MultiPoint"",""coordinates"":[]}",134.21281427145004,249.95928956195712,1099.3226976133883,1385.947053320706,1589.579758234322,7.0
10,2016-08-17,-12.75,9.5,0.0,0.0,0.0,0.0,861184,,,0.0,594_13,21.612650714814663,"{""type"":""MultiPoint"",""coordinates"":[]}",162.83158352598548,270.711048040539,915.8532917499542,1164.5502727478743,1374.8361743055284,7.0
15,2016-08-17,-12.75,9.75,0.0,0.0,0.0,0.0,860256,,,0.0,594_14,9.170419536530972,"{""type"":""MultiPoint"",""coordinates"":[]}",144.65638855472207,249.7026170603931,676.1649823747575,901.5360004268587,1130.7996320538223,7.0
1,2016-08-24,-13.75,9.25,0.0,0.0,0.0,0.0,859329,,,0.0,601_0,15.242346562445164,"{""type"":""MultiPoint"",""coordinates"":[]}",302.82527673989534,529.3124816380441,1206.0421700589359,1823.974346742034,1999.2632316425443,7.0
6,2016-08-24,-13.75,9.5,0.0,0.0,0.0,0.0,860256,,,0.0,601_1,16.128260642290115,"{""type"":""MultiPoint"",""coordinates"":[]}",352.12123300880194,634.1671324335039,1279.6947229653597,1897.1379376016557,2094.662585761398,7.0
11,2016-08-24,-13.75,9.75,0.0,0.0,0.0,0.0,859329,,,0.0,601_2,13.54091428220272,"{""type"":""MultiPoint"",""coordinates"":[]}",289.53514946624637,588.0695935338736,1259.32290032506,1734.1056005097926,1965.8547514118254,7.0
2,2016-08-24,-13.5,9.25,0.0,0.0,0.0,0.0,860256,,,0.0,601_3,12.099966406822205,"{""type"":""MultiPoint"",""coordinates"":[]}",229.84194196760654,482.00277611613274,1297.4892635829747,1970.3319570980966,2149.5280736126006,7.0
7,2016-08-24,-13.5,9.5,0.0,0.0,0.0,0.0,861184,,,0.0,601_4,10.746825486421583,"{""type"":""MultiPoint"",""coordinates"":[]}",181.62854062393308,460.26572911068797,1114.36453089118,1694.6479878388345,1887.1768633835018,7.0
12,2016-08-24,-13.5,9.75,0.0,0.0,0.0,0.0,860256,,,0.0,601_5,8.011682890355587,"{""type"":""MultiPoint"",""coordinates"":[]}",129.19338745996356,408.393279183656,1021.792362909764,1438.7636822648346,1677.2136990912259,7.0
3,2016-08-24,-13.25,9.25,0.0,0.0,0.0,0.0,860256,,,0.0,601_6,15.177862718701364,"{""type"":""MultiPoint"",""coordinates"":[]}",223.3575526624918,457.0180783048272,1256.327963899821,1927.420954219997,2216.9098905287683,7.0
8,2016-08-24,-13.25,9.5,0.0,0.0,0.0,0.0,861184,,,0.0,601_7,10.255934670567513,"{""type"":""MultiPoint"",""coordinates"":[]}",185.68550748750567,451.5393259935081,1105.7240585796535,1741.8217598460615,2102.5946638546884,7.0
13,2016-08-24,-13.25,9.75,0.0,0.0,0.0,0.0,860256,,,0.0,601_8,4.537739790976048,"{""type"":""MultiPoint"",""coordinates"":[]}",118.6786713078618,343.0208754725754,842.9792397655547,1262.2370887547731,1576.4183909632266,7.0
4,2016-08-24,-13.0,9.25,0.0,0.0,0.0,0.0,859329,,,0.0,601_9,12.942913919687271,"{""type"":""MultiPoint"",""coordinates"":[]}",245.27988582849503,458.64627696573734,1270.5929838120937,1922.5823213346303,2235.399937722832,7.0
9,2016-08-24,-13.0,9.5,0.0,0.0,0.0,0.0,860256,,,0.0,601_10,9.275713004171848,"{""type"":""MultiPoint"",""coordinates"":[]}",187.9300782456994,408.3169111981988,1023.1295782141387,1600.2185782417655,1931.7678748629987,7.0
14,2016-08-24,-13.0,9.75,0.0,0.0,0.0,0.0,859329,,,0.0,601_11,7.06852413713932,"{""type"":""MultiPoint"",""coordinates"":[]}",137.6172793097794,325.1555832102895,752.4797134101391,1179.2373335920274,1501.1520883999765,7.0
5,2016-08-24,-12.75,9.25,0.0,0.0,0.0,0.0,860256,,,0.0,601_12,7.709053345024586,"{""type"":""MultiPoint"",""coordinates"":[]}",230.23513238877058,371.0056357085705,1073.867911938578,1565.959980711341,1793.9188787713647,7.0
10,2016-08-24,-12.75,9.5,0.0,0.0,0.0,0.0,861184,,,0.0,601_13,7.627933286130428,"{""type"":""MultiPoint"",""coordinates"":[]}",205.26176411658525,373.60579753294587,868.1632210500538,1325.3193143755198,1554.9955540336668,7.0
15,2016-08-24,-12.75,9.75,0.0,0.0,0.0,0.0,860256,,,0.0,601_14,6.132171489298344,"{""type"":""MultiPoint"",""coordinates"":[]}",141.7849319986999,290.427022613585,630.773616489023,991.2515287287533,1251.6587125137448,7.0
1,2016-09-02,-13.75,9.25,0.0775005882222836,0.9956399385613108,66598.50297646681,66308.1294117647,859329,0.7329950663445801,0.731524605963919,0.3078988054085264,610_0,104.04169093817472,"{""type"":""MultiPoint"",""coordinates"":[]}",126.77940167486668,443.01940873265266,864.7030452266335,1875.868946313858,2126.9288398325443,7.0
6,2016-09-02,-13.75,9.5,0.051701681341828,1.0001542289539291,44476.68158439559,44483.54117647059,860256,0.7127700188141715,0.7074896716810575,0.210860071969426,610_1,101.2188564054668,"{""type"":""MultiPoint"",""coordinates"":[]}",119.7198648005724,485.7285609468817,1024.2336271330714,1951.1208082549274,2215.8655780367553,7.0
11,2016-09-02,-13.75,9.75,0.0,0.0,0.0,0.0,859329,,,0.0,610_2,62.91353981941938,"{""type"":""MultiPoint"",""coordinates"":[]}",128.82086215540764,424.27980341017246,1033.4435934200883,1802.5484811514616,2085.8289543539286,7.0
2,2016-09-02,-13.5,9.25,0.0004895533149092691,0.0,421.1411764705882,0.0,860256,-0.4363868320080579,-0.6634089454451108,0.0,610_3,51.334692630916834,"{""type"":""MultiPoint"",""coordinates"":[]}",138.612215872854,383.51858453825116,881.1487010680139,2053.092568181455,2284.0570025146008,7.0
7,2016-09-02,-13.5,9.5,0.0010677229051549,0.0,919.5058823529412,0.0,861184,-0.4472587187851813,-0.6749676136930566,0.0,610_4,36.891607102006674,"{""type"":""MultiPoint"",""coordinates"":[]}",127.13324464857578,315.5946838669479,858.0737221054733,1769.4783951155841,2000.0349986366928,7.0
12,2016-09-02,-13.5,9.75,0.0,0.0,0.0,0.0,860256,,,0.0,610_5,16.97070151567459,"{""type"":""MultiPoint"",""coordinates"":[]}",137.9947024397552,265.35036880522966,838.4741912595928,1521.5763552114367,1778.2955206930637,7.0
3,2016-09-02,-13.25,9.25,0.1644479207305993,0.0434446378946617,141467.31049602243,6145.996078431373,860256,-0.3945242687761953,-0.6443436326182606,0.0239907651214778,610_6,15.18166810274124,"{""type"":""MultiPoint"",""coordinates"":[]}",148.62208347767591,382.8173577785492,831.3359133899212,1986.364838667214,2338.4037455543876,7.0
8,2016-09-02,-13.25,9.5,0.0563054412274719,0.000783677319690932,48489.34509803921,38.0,861184,-0.4715963607918156,-0.6920163096226549,8.656615084835618e-05,610_7,11.881671845912932,"{""type"":""MultiPoint"",""coordinates"":[]}",157.91301243007183,337.0525115169585,818.7669990584254,1780.8931390754879,2196.961275767535,7.0
13,2016-09-02,-13.25,9.75,0.0,0.0,0.0,0.0,860256,,,0.0,610_8,7.7359601855278015,"{""type"":""MultiPoint"",""coordinates"":[]}",121.51798605918884,231.01694881916046,639.5456469617784,1282.3879444040358,1638.1550626829267,7.0
4,2016-09-02,-13.0,9.25,0.2641991102214635,0.0062680785037429,227033.95718750003,1423.0666666666668,859329,-0.4794554600737171,-0.710469290193761,0.0052773948838683,610_9,5.2529070526361465,"{""type"":""MultiPoint"",""coordinates"":[]}",174.35419047251344,425.02269009128213,839.8670824244618,1986.8490020744503,2373.3096346259117,7.0
9,2016-09-02,-13.0,9.5,0.0043074774640727,0.0,3705.5333333333338,0.0,860256,-0.4908808953984421,-0.7183466021931524,0.0,610_10,5.342921242117882,"{""type"":""MultiPoint"",""coordinates"":[]}",165.61194602400064,352.84272115677595,764.5363314077258,1650.5021173506975,2047.8723444975913,7.0
14,2016-09-02,-13.0,9.75,0.0,0.0,0.0,0.0,859329,,,0.0,610_11,4.920739680528641,"{""type"":""MultiPoint"",""coordinates"":[]}",139.20637220144272,285.843790974468,633.6659886874259,1221.877695992589,1601.027141790837,7.0
5,2016-09-02,-12.75,9.25,0.2403969558267166,0.0080749038561197,206802.92363166797,1669.913725490196,860256,-0.4976692849183491,-0.7192738326243838,0.0054979251979917,610_12,2.167973667383194,"{""type"":""MultiPoint"",""coordinates"":[]}",143.43058690428734,370.19258458167315,636.3917295821011,1633.193132467568,1904.648568481207,7.0
10,2016-09-02,-12.75,9.5,0.0,0.0,0.0,0.0,861184,,,0.0,610_13,2.022980712354183,"{""type"":""MultiPoint"",""coordinates"":[]}",133.41755559667945,338.48524233326316,624.3619760498405,1398.377696517855,1665.0254782289267,7.0
15,2016-09-02,-12.75,9.75,0.0,0.0,0.0,0.0,860256,,,0.0,610_14,1.6823960468173027,"{""type"":""MultiPoint"",""coordinates"":[]}",125.53076539188623,276.56921138986945,528.3457869663835,1064.2554857768118,1362.092667259276,7.0
1,2016-09-09,-13.75,9.25,0.0,0.0,0.0,0.0,859329,,,0.0,617_0,9.340591728687286,"{""type"":""MultiPoint"",""coordinates"":[]}",243.6932511627674,386.8411220610142,921.750804875046,1980.4894793778658,2346.073823980987,7.0
6,2016-09-09,-13.75,9.5,0.0017288241785573,1.0,1487.2313725490196,1487.2313725490196,860256,0.5282701875064514,0.4941923471102103,0.0056383601592172,617_1,10.495668277144432,"{""type"":""MultiPoint"",""coordinates"":[]}",210.42892942205071,346.55149141326547,987.1248602867126,2029.7828204929829,2404.2874462902546,7.0
11,2016-09-09,-13.75,9.75,0.0126917865085793,0.1613785927398237,10906.42020863096,1760.0627450980392,859329,-0.1853543978794463,-0.5203483568571455,0.0049670743587901,617_2,19.432970322668552,"{""type"":""MultiPoint"",""coordinates"":[]}",159.29886326193807,302.85923136398196,897.4717953242362,1881.0960603877902,2216.1023393273354,7.0
2,2016-09-09,-13.5,9.25,0.0,0.0,0.0,0.0,860256,,,0.0,617_3,7.451408542692661,"{""type"":""MultiPoint"",""coordinates"":[]}",167.82761318609118,321.2914075702429,807.9283684492111,2111.8492828682065,2423.0779982171953,7.0
7,2016-09-09,-13.5,9.5,0.0,0.0,0.0,0.0,861184,,,0.0,617_4,14.14372492581606,"{""type"":""MultiPoint"",""coordinates"":[]}",126.06049003079534,263.02658254280686,729.3852474540472,1821.963454131037,2097.3634477704763,7.0
12,2016-09-09,-13.5,9.75,0.0,0.0,0.0,0.0,860256,,,0.0,617_5,23.89349974691868,"{""type"":""MultiPoint"",""coordinates"":[]}",102.71640960127115,251.05189206078649,661.7305064573884,1573.6138438805938,1838.030339218676,7.0
3,2016-09-09,-13.25,9.25,0.0,0.0,0.0,0.0,860256,,,0.0,617_6,22.38370291888714,"{""type"":""MultiPoint"",""coordinates"":[]}",143.20588763803244,309.34789031744003,773.6224727705121,2027.4676848202944,2422.7099483832717,7.0
8,2016-09-09,-13.25,9.5,0.0,0.0,0.0,0.0,861184,,,0.0,617_7,31.65729623287916,"{""type"":""MultiPoint"",""coordinates"":[]}",129.03296574950218,304.2322751134634,756.2158168293536,1834.4243043102324,2264.132685493678,7.0
13,2016-09-09,-13.25,9.75,0.0,0.0,0.0,0.0,860256,,,0.0,617_8,18.27228907495737,"{""type"":""MultiPoint"",""coordinates"":[]}",121.0765540599823,255.51432091742754,597.4240754731,1360.920853447169,1705.9108158573508,7.0
4,2016-09-09,-13.0,9.25,0.0,0.0,0.0,0.0,859329,,,0.0,617_9,24.26562923938036,"{""type"":""MultiPoint"",""coordinates"":[]}",121.3383674621582,316.82906253263354,778.0079883523285,2018.5818481259048,2434.049356728792,7.0
9,2016-09-09,-13.0,9.5,0.0,0.0,0.0,0.0,860256,,,0.0,617_10,22.021223790943623,"{""type"":""MultiPoint"",""coordinates"":[]}",97.43950283154845,285.00858834013343,691.0952045582235,1678.291360847652,2087.3851710930467,7.0
14,2016-09-09,-13.0,9.75,0.0,0.0,0.0,0.0,859329,,,0.0,617_11,15.892989933490751,"{""type"":""MultiPoint"",""coordinates"":[]}",85.02431912347674,241.6046974249184,566.1424151621759,1259.4646108336747,1640.433568507433,7.0
5,2016-09-09,-12.75,9.25,0.0,0.0,0.0,0.0,860256,,,0.0,617_12,10.250117629766464,"{""type"":""MultiPoint"",""coordinates"":[]}",75.99442917853594,233.41340851038694,605.5704085156322,1649.7754757292569,1942.2338623553514,7.0
10,2016-09-09,-12.75,9.5,0.0,0.0,0.0,0.0,861184,,,0.0,617_13,10.338143445551395,"{""type"":""MultiPoint"",""coordinates"":[]}",45.55816389620304,192.76635954156518,568.4876404702663,1398.026346694678,1682.6104586943984,7.0
15,2016-09-09,-12.75,9.75,0.0,0.0,0.0,0.0,860256,,,0.0,617_14,8.130978792905807,"{""type"":""MultiPoint"",""coordinates"":[]}",42.833575047552586,180.65610248595476,473.2295945286751,1070.9918327629566,1379.3048281222582,7.0
1,2016-09-18,-13.75,9.25,0.0679760243666368,0.7259495107675461,58413.76904295765,42405.447058823534,859329,0.4482350841968251,0.3759174738191161,0.1828955788034773,626_0,3.696042113006115,"{""type"":""MultiPoint"",""coordinates"":[]}",268.37925193831325,472.3999588750303,830.4595868103206,2109.2337439768016,2597.3601969890296,7.0
6,2016-09-18,-13.75,9.5,0.2795831879051944,0.3128808386645608,240513.11489457087,75251.9450980392,860256,0.0238441880731911,-0.1432758458499633,0.3013218597585752,626_1,6.331848911941052,"{""type"":""MultiPoint"",""coordinates"":[]}",339.083855971694,523.0382359586656,864.2154466360807,2248.075173702091,2719.7731896303594,7.0
11,2016-09-18,-13.75,9.75,0.6078331883499023,0.1795648695595989,522328.6859115332,93791.88235294116,859329,-0.2066143129160509,-0.4547593092892897,0.388457954933633,626_2,10.303212329745293,"{""type"":""MultiPoint"",""coordinates"":[]}",281.8032335489988,468.86808006092906,769.5208908990026,2084.2459774576128,2469.915234018117,7.0
2,2016-09-18,-13.5,9.25,0.1641426026944647,0.3255469713436105,141204.65882352943,45968.74901960784,860256,0.0280991823727058,-0.2532105528621124,0.1693256602154189,626_3,3.575430251657963,"{""type"":""MultiPoint"",""coordinates"":[]}",250.16724038869143,455.7879366911948,818.5596200637519,2202.2582930512726,2675.7861711084843,6.0
7,2016-09-18,-13.5,9.5,0.2111083227323331,0.2506210931528534,181803.10980392157,45563.69411764706,861184,-0.1024277425383391,-0.403484285643774,0.1616519725916301,626_4,5.711446516215801,"{""type"":""MultiPoint"",""coordinates"":[]}",315.4790559783578,511.6518381983042,789.588441606611,2022.7301274426281,2422.676431015134,6.0
12,2016-09-18,-13.5,9.75,0.3863214937010843,0.0033123873836558,332335.38288532,1100.8235294117646,860256,-0.4806068714972382,-0.6827819538291956,0.0038793556383958,626_5,8.44524521380663,"{""type"":""MultiPoint"",""coordinates"":[]}",257.6841674745083,460.7162233442068,695.3995376825333,1769.331513904035,2108.501734212041,6.0
3,2016-09-18,-13.25,9.25,0.0743793423052508,0.004626064320487,63985.27549414589,296.0,860256,-0.4101662993588934,-0.6632996845394588,0.0007856503903580861,626_6,12.001963332295418,"{""type"":""MultiPoint"",""coordinates"":[]}",216.1013982258737,457.33008813112974,832.1314994245768,2134.1128046624362,2645.22812794894,7.0
8,2016-09-18,-13.25,9.5,0.1971280487893731,2.3562187936723417e-05,169763.52156862748,4.0,861184,-0.4630696763686718,-0.6811446452290479,1.304421451139614e-05,626_7,19.29632388055325,"{""type"":""MultiPoint"",""coordinates"":[]}",251.6588787548244,501.3178074732423,816.0970038734376,2006.948437076062,2513.4611721150577,7.0
13,2016-09-18,-13.25,9.75,0.0785379208596729,1.480106240284626e-05,67562.71764705883,1.0,860256,-0.471568242989817,-0.6832736813947006,3.5601169397428383e-06,626_8,17.683462239801884,"{""type"":""MultiPoint"",""coordinates"":[]}",186.9215713813901,406.1821587383747,610.1123727858067,1505.3237811662257,1865.6734423711896,7.0
4,2016-09-18,-13.0,9.25,0.1265924477754695,0.00022981202151086072,108784.56155444644,25.0,859329,-0.4372701442122755,-0.6859891271963933,3.790844819871876e-05,626_9,11.19491271674633,"{""type"":""MultiPoint"",""coordinates"":[]}",223.0970561504364,444.9606826528907,855.6862878613174,2145.524079911411,2641.777191311121,7.0
9,2016-09-18,-13.0,9.5,0.1319291320850774,0.0,113492.8274509804,0.0,860256,-0.4693945777446511,-0.6906900063367246,0.0,626_10,15.935953706502914,"{""type"":""MultiPoint"",""coordinates"":[]}",213.63399596884847,412.846299353987,734.5279739238322,1830.58425411582,2271.6056401841342,7.0
14,2016-09-18,-13.0,9.75,0.0557973034413164,0.0,47948.240968923004,0.0,859329,-0.4591974107144865,-0.667385771258221,0.0,626_11,11.383595876395702,"{""type"":""MultiPoint"",""coordinates"":[]}",160.14946205541492,324.3803372606635,550.3150187432766,1368.2167092338204,1735.530296806246,7.0
5,2016-09-18,-12.75,9.25,0.1022427569212411,7.95862016876644e-05,87954.94509803923,7.0,860256,-0.4247940987320496,-0.6736567610474365,8.289687663377375e-06,626_12,10.15885267406702,"{""type"":""MultiPoint"",""coordinates"":[]}",205.58829186484218,361.7461835965514,711.1984817311168,1768.0050167255104,2136.303288862109,7.0
10,2016-09-18,-12.75,9.5,0.0521387359890202,0.0012471870027332,44901.045213968384,56.0,861184,-0.4142048145556558,-0.6704182847191109,0.00010784288784450274,626_13,6.139046512544155,"{""type"":""MultiPoint"",""coordinates"":[]}",168.97068079560995,285.03423230722547,574.7677064500749,1496.284699998796,1803.2866679131985,7.0
15,2016-09-18,-12.75,9.75,0.0410742151269229,8.490324141618515e-05,35334.340008226216,3.0,860256,-0.4042001067876322,-0.6716679370653441,4.743821897504204e-06,626_14,3.805954940617085,"{""type"":""MultiPoint"",""coordinates"":[]}",121.0563057102263,222.92943997308612,427.6802218519151,1133.1199677661061,1406.222382094711,7.0
1,2016-10-04,-13.75,9.25,0.0256334973667945,0.9864781177262364,22027.6076587102,21729.75294117647,859329,0.6922525967736662,0.6760252050741924,0.0965754180899063,642_0,2.5922851637005806,"{""type"":""MultiPoint"",""coordinates"":[]}",96.48878034204245,157.9020801000297,617.4086546525359,1582.7075238339603,2596.2932063266635,6.0
6,2016-10-04,-13.75,9.5,0.1634420517199424,0.3534376548151139,140602.00564439085,49694.0431372549,860256,0.0375866982367346,-0.1587714959464289,0.2131391414812997,642_1,4.122532904148102,"{""type"":""MultiPoint"",""coordinates"":[]}",99.3060814216733,165.76973628252745,680.7728665880859,1798.5137361101806,2729.0278333239257,6.0
11,2016-10-04,-13.75,9.75,0.3600016570813074,0.1715589420616067,309359.8639780228,53073.45098039216,859329,-0.1778622055449475,-0.4733364994586644,0.2247268487635644,642_2,4.868124611675739,"{""type"":""MultiPoint"",""coordinates"":[]}",129.3846350163221,223.80067454650998,689.3270295113324,1779.4339684769511,2546.153104864061,6.0
2,2016-10-04,-13.5,9.25,0.1254626393018986,0.1513651533072619,107929.98823529412,16336.839215686276,860256,-0.2187735914894791,-0.4999990839518066,0.0659047338240513,642_3,3.435756079852581,"{""type"":""MultiPoint"",""coordinates"":[]}",77.84971874207257,143.3739010244608,590.0071184150875,1518.9231489785016,2689.141031820327,6.0
7,2016-10-04,-13.5,9.5,0.3713231013645053,0.0479416657164553,319777.5137254902,15330.666666666664,861184,-0.4006507442272272,-0.6175891726581636,0.0508672979372321,642_4,6.007065065205097,"{""type"":""MultiPoint"",""coordinates"":[]}",71.60507421940565,151.9908499903977,656.1846598051488,1551.9676287658513,2451.1414957232773,6.0
12,2016-10-04,-13.5,9.75,0.3894533087908071,0.0016084621789538,335029.5456071446,538.8823529411765,860256,-0.506141432949325,-0.7016208637946432,0.0013542769688651,642_5,8.410457521677017,"{""type"":""MultiPoint"",""coordinates"":[]}",113.48444409668446,208.36897566914558,664.2613345757127,1522.2776564769447,2194.786303676665,6.0
3,2016-10-04,-13.25,9.25,0.3274030460021105,0.0615183520101155,281650.4347415916,17326.670588235294,860256,-0.3919583220393838,-0.6409277220500269,0.0587634148648204,642_6,8.972606621682644,"{""type"":""MultiPoint"",""coordinates"":[]}",87.07081153988838,211.37367887422442,665.0651269592345,1516.7804709635675,2647.438689135015,7.0
8,2016-10-04,-13.25,9.5,0.3828918572296634,1.5163446432306863e-05,329740.3411764705,5.0,861184,-0.5094308281563161,-0.7112675720123803,1.3044214511396138e-05,642_7,8.675186894834042,"{""type"":""MultiPoint"",""coordinates"":[]}",113.5248108766973,280.6236525066197,778.7450733594596,1618.1815140880644,2565.741002559662,7.0
13,2016-10-04,-13.25,9.75,0.606712845050727,0.0014503906099519,521928.3652319582,757.0,860256,-0.528433311400421,-0.7046450914333233,0.0013516577314556,642_8,6.708055734634399,"{""type"":""MultiPoint"",""coordinates"":[]}",100.6524944677949,226.24289384111762,619.0596795640886,1290.036047808826,1921.156009659171,7.0
4,2016-10-04,-13.0,9.25,0.0529385998076181,0.0008792817773650951,45491.67403408067,40.0,859329,-0.4823598314544739,-0.7177533268935875,7.10783403725977e-05,642_9,7.610839791595936,"{""type"":""MultiPoint"",""coordinates"":[]}",106.94562178105116,228.0856198631227,673.1632822193205,1511.6481971926987,2643.4779204428196,7.0
9,2016-10-04,-13.0,9.5,0.2047512669279295,0.0,176138.505882353,0.0,860256,-0.5244328302211836,-0.7169831691852521,0.0,642_10,4.3955957517027855,"{""type"":""MultiPoint"",""coordinates"":[]}",108.41197613626719,231.57967440783978,640.7713419757783,1409.4181382097304,2285.989774391055,7.0
14,2016-10-04,-13.0,9.75,0.5784561083844212,0.0038886779206424,497084.1091618763,1933.0,859329,-0.5182352075292882,-0.7082622470119645,0.0044689901671934,642_11,2.250450663268566,"{""type"":""MultiPoint"",""coordinates"":[]}",79.26527550444007,173.02279407158494,487.4967806972563,1136.5140238776803,1714.2310845665634,7.0
5,2016-10-04,-12.75,9.25,0.1022686268894988,0.0038646376608003,87977.19989345274,340.0,860256,-0.4897911721246264,-0.7209639049482935,0.0008633117580860154,642_12,7.781368680298328,"{""type"":""MultiPoint"",""coordinates"":[]}",130.14269759878516,207.61851267889142,570.5407871864736,1200.806305743754,2193.2291090488434,7.0
10,2016-10-04,-12.75,9.5,0.0307338058457754,0.0,26467.461853488283,0.0,861184,-0.4747831675835025,-0.7110374270344267,0.0,642_13,1.6183014959096909,"{""type"":""MultiPoint"",""coordinates"":[]}",98.67316298186779,169.87974755465984,452.41749146953225,1073.4886690042913,1842.7620939910412,7.0
15,2016-10-04,-12.75,9.75,0.421382142891914,6.069023834857619e-05,362496.5167156264,22.0,860256,-0.5085088655076576,-0.7211757376222715,2.609102043627312e-05,642_14,0.7084254175424576,"{""type"":""MultiPoint"",""coordinates"":[]}",68.11498897150159,125.20236847922206,340.26364237070084,872.3871121183038,1400.9042978286743,6.0
1,2016-11-28,-13.75,9.25,0.0,0.0,0.0,0.0,859329,,,0.0,697_0,3.05817648768425,"{""type"":""MultiPoint"",""coordinates"":[]}",14.504553750157358,36.38021647930145,72.72323034703732,277.70072043438176,1027.9814322342418,5.0
6,2016-11-28,-13.75,9.5,1.0462002008704386e-05,1.0,9.0,9.0,860256,0.4443127148681217,0.323728800558045,4.152441955270417e-05,697_1,3.850867040455341,"{""type"":""MultiPoint"",""coordinates"":[]}",13.193030841648579,33.15169829875231,68.82330402731895,281.43693876972975,1080.226081400724,6.0
11,2016-11-28,-13.75,9.75,0.0703429597098839,0.0736084154763818,60447.74522453484,4449.462745098039,859329,-0.3524693696481768,-0.5213441077574901,0.0177504915562678,697_2,3.1985007226467133,"{""type"":""MultiPoint"",""coordinates"":[]}",15.905565582215758,42.31466818600893,97.55056258291006,366.58301689385553,1130.0331831043877,5.0
2,2016-11-28,-13.5,9.25,0.0,0.0,0.0,0.0,860256,,,0.0,697_3,2.6310794055461884,"{""type"":""MultiPoint"",""coordinates"":[]}",15.136293135583387,35.0817134603858,68.92801355570555,247.9214280524502,932.9250067153225,5.0
7,2016-11-28,-13.5,9.5,0.0,0.0,0.0,0.0,861184,,,0.0,697_4,1.5612877905368805,"{""type"":""MultiPoint"",""coordinates"":[]}",13.479910790920258,43.99596806615591,94.49019283056259,316.8284395119372,1033.9349075561586,6.0
12,2016-11-28,-13.5,9.75,0.0,0.0,0.0,0.0,860256,,,0.0,697_5,3.3866195008158684,"{""type"":""MultiPoint"",""coordinates"":[]}",15.107328072190285,58.8467032648623,129.36678808182478,411.75800279052055,1098.2179557558993,4.0
3,2016-11-28,-13.25,9.25,0.0,0.0,0.0,0.0,860256,,,0.0,697_6,2.785077318549156,"{""type"":""MultiPoint"",""coordinates"":[]}",16.0831306129694,49.94672536849976,125.88976603001356,429.92994600353995,1149.528760848625,6.0
8,2016-11-28,-13.25,9.5,0.0,0.0,0.0,0.0,861184,,,0.0,697_7,5.387607030570507,"{""type"":""MultiPoint"",""coordinates"":[]}",28.265765868127346,84.05014406889677,191.6003879159689,614.0459113321413,1419.8835188090015,6.0
13,2016-11-28,-13.25,9.75,0.0,0.0,0.0,0.0,860256,,,0.0,697_8,4.769166000187397,"{""type"":""MultiPoint"",""coordinates"":[]}",16.236454248428345,54.791832342743874,129.98178228735924,445.59485449281055,1085.5720754043432,4.0
4,2016-11-28,-13.0,9.25,0.0,0.0,0.0,0.0,859329,,,0.0,697_9,4.116390831768513,"{""type"":""MultiPoint"",""coordinates"":[]}",13.198121450841427,43.194098863750696,117.21407296136022,392.31948905580794,1113.470270549442,5.0
9,2016-11-28,-13.0,9.5,0.0,0.0,0.0,0.0,860256,,,0.0,697_10,2.8423797339200974,"{""type"":""MultiPoint"",""coordinates"":[]}",15.228485688567162,52.54123080521822,125.75401924550533,425.92853232781636,1116.972177005664,4.0
14,2016-11-28,-13.0,9.75,0.0,0.0,0.0,0.0,859329,,,0.0,697_11,2.0486563444137573,"{""type"":""MultiPoint"",""coordinates"":[]}",14.12484422326088,32.95531962066889,74.09785222262144,282.82925861276453,808.8749912785715,2.0
5,2016-11-28,-12.75,9.25,0.0,0.0,0.0,0.0,860256,,,0.0,697_12,1.3304930180311203,"{""type"":""MultiPoint"",""coordinates"":[]}",7.561191916465759,33.08611502870917,81.5482665784657,296.417720581303,904.0921483774582,3.0
10,2016-11-28,-12.75,9.5,0.0,0.0,0.0,0.0,861184,,,0.0,697_13,1.4429539442062378,"{""type"":""MultiPoint"",""coordinates"":[]}",8.325205184519291,29.474559240043163,72.29562755674124,234.17842994604143,728.5885498968128,2.0
15,2016-11-28,-12.75,9.75,0.0,0.0,0.0,0.0,860256,,,0.0,697_14,0.4974082112312317,"{""type"":""MultiPoint"",""coordinates"":[]}",9.938782081007957,19.633916206657887,45.652578584849834,160.75820005607966,535.99151778144,2.0
1,2016-12-30,-13.75,9.25,0.0,0.0,0.0,0.0,859329,,,0.0,729_0,0.0,"{""type"":""MultiPoint"",""coordinates"":[]}",0.015153549611568324,0.01576263457536685,13.753436505794525,91.33532829582691,265.54707911361675,0.0
6,2016-12-30,-13.75,9.5,0.0046882390626124,1.0058526930250125,4033.0857830467176,4056.690196078432,860256,0.4985311208461881,0.2514736169338292,0.0192516235082631,729_1,0.0,"{""type"":""MultiPoint"",""coordinates"":[]}",0.017956830561160923,0.018361955881118656,12.739173136651516,89.802710339427,274.3914043303448,0.0
11,2016-12-30,-13.75,9.75,0.1522727191585836,0.1260586969349122,130852.36348182648,16495.07843137255,859329,-0.2550770910739184,-0.3998694140845911,0.0670242783649392,729_2,0.0,"{""type"":""MultiPoint"",""coordinates"":[]}",0.0024763867258740984,0.005610287189483568,14.71072155982256,114.39004726707935,358.8980177482881,0.0
2,2016-12-30,-13.5,9.25,0.0,0.0,0.0,0.0,860256,,,0.0,729_3,0.0,"{""type"":""MultiPoint"",""coordinates"":[]}",0.006379559636101713,0.007547438144683671,11.864544823765755,84.48442351073027,237.76757471796373,0.0
7,2016-12-30,-13.5,9.5,0.0,0.0,0.0,0.0,861184,,,0.0,729_4,0.0,"{""type"":""MultiPoint"",""coordinates"":[]}",0.007812865078449225,0.01558009535074227,16.81000692769885,113.0659612827003,320.83380505127934,0.0
12,2016-12-30,-13.5,9.75,0.0,0.0,0.0,0.0,860256,,,0.0,729_5,0.0,"{""type"":""MultiPoint"",""coordinates"":[]}",0.016245990991592227,0.04672352224588367,14.989616815000772,141.49439288303256,410.81101862982905,0.0
3,2016-12-30,-13.25,9.25,0.0,0.0,0.0,0.0,860256,,,0.0,729_6,0.0,"{""type"":""MultiPoint"",""coordinates"":[]}",0.00241212546825401,0.0024270266294478576,17.43103936314583,135.7188867405057,425.11169092176715,0.0
8,2016-12-30,-13.25,9.5,0.0,0.0,0.0,0.0,861184,,,0.0,729_7,0.0,"{""type"":""MultiPoint"",""coordinates"":[]}",0.007447786629199847,0.007462687790393695,23.416342213749886,205.69943729788068,615.4532403252233,0.0
13,2016-12-30,-13.25,9.75,0.0,0.0,0.0,0.0,860256,,,0.0,729_8,0.0,"{""type"":""MultiPoint"",""coordinates"":[]}",0.01286529004573822,0.015579164028167667,13.24649341404438,143.48466880619526,450.4518283793004,0.0
4,2016-12-30,-13.0,9.25,0.0,0.0,0.0,0.0,859329,,,0.0,729_9,0.0,"{""type"":""MultiPoint"",""coordinates"":[]}",7.450580596923828e-06,0.00034924596548080444,7.800901308655739,118.65736870095134,381.81913063817774,0.0
9,2016-12-30,-13.0,9.5,0.0,0.0,0.0,0.0,860256,,,0.0,729_10,0.0,"{""type"":""MultiPoint"",""coordinates"":[]}",0.003129243850707977,0.004143454134464233,5.9328777715563765,129.408348351717,422.043590057001,0.0
14,2016-12-30,-13.0,9.75,0.0,0.0,0.0,0.0,859329,,,0.0,729_11,0.0,"{""type"":""MultiPoint"",""coordinates"":[]}",0.004644505679607324,0.004986301064491149,4.157015122473239,79.79526137933135,279.9280253457255,0.0
5,2016-12-30,-12.75,9.25,0.0,0.0,0.0,0.0,860256,,,0.0,729_12,0.0,"{""type"":""MultiPoint"",""coordinates"":[]}",7.450580596923828e-06,0.00034924596548080444,3.2613165676593776,86.15369210019708,290.6392216336826,0.0
10,2016-12-30,-12.75,9.5,0.0,0.0,0.0,0.0,861184,,,0.0,729_13,0.0,"{""type"":""MultiPoint"",""coordinates"":[]}",0.0003995373845100403,0.0007413327693939209,1.7659254372119897,74.68430045992136,231.46952270690235,0.0
15,2016-12-30,-12.75,9.75,0.0,0.0,0.0,0.0,860256,,,0.0,729_14,0.0,"{""type"":""MultiPoint"",""coordinates"":[]}",0.0027231872081756236,0.0030649825930595042,1.3964790850877757,47.57316596806049,155.51307327223185,0.0
1,2017-01-24,-13.75,9.25,0.1707896252357188,0.9196298589589974,146764.47786418503,134968.99607843137,859329,0.7285507784550594,0.6301162968835669,0.6284534623499264,754_0,0.0077942386269569,"{""type"":""MultiPoint"",""coordinates"":[]}",0.020232051610946624,0.8990606293082235,0.9653214365243907,32.07871690392494,135.42479183524847,0.0
6,2017-01-24,-13.75,9.5,0.8371764044910961,0.4443980085345152,720186.0250218924,320049.23529411753,860256,0.1985562221261063,0.0648599068010117,1.4552635654009305,754_1,0.0061970204114913,"{""type"":""MultiPoint"",""coordinates"":[]}",0.05629658699035633,0.6506145000457761,0.7438855245709414,32.8709464520216,128.21981869637966,0.0
11,2017-01-24,-13.75,9.75,0.9777243409073824,0.0936601105513658,840186.8801476,78691.99607843137,859329,-0.306225539044952,-0.478789348854485,0.3465752317230602,754_2,0.0033872202038764,"{""type"":""MultiPoint"",""coordinates"":[]}",0.0428333878516866,0.193672254681587,0.2311263233423229,30.24626523256302,165.89999850839376,0.0
2,2017-01-24,-13.5,9.25,0.7519258745048439,0.200600443428815,646848.745098039,129758.1450980392,860256,-0.1693487135938972,-0.3368076485786861,0.5856220000606039,754_3,0.1461626961827278,"{""type"":""MultiPoint"",""coordinates"":[]}",0.015986151993260315,0.8087614551186559,0.8845832198858257,28.56199350208044,121.36340793222189,0.0
7,2017-01-24,-13.5,9.5,0.9789612722876012,0.0269128441236472,843065.7843137255,22689.29803921568,861184,-0.4074200642708193,-0.5158203857840313,0.0909778794039634,754_4,0.0095097348093986,"{""type"":""MultiPoint"",""coordinates"":[]}",0.13184640556573857,0.380790792405605,0.40653720498084966,33.14117481932044,156.51359735056758,0.0
12,2017-01-24,-13.5,9.75,0.9791329953198727,8.686713778927582e-05,842305.0340218926,73.1686274509804,860256,-0.5018864245886081,-0.5367433593759471,0.00010798577373315086,754_5,0.0008316710591316223,"{""type"":""MultiPoint"",""coordinates"":[]}",0.6514294072985647,0.6839605048298834,0.7658209651708596,27.25359844043851,203.6451641470194,0.0
3,2017-01-24,-13.25,9.25,0.9641528637814176,0.0267695956696816,829418.2859851472,22203.192156862748,860256,-0.4545936180769869,-0.5775884088198702,0.0900838266869877,754_6,0.4275962710380554,"{""type"":""MultiPoint"",""coordinates"":[]}",0.5716811865568159,0.6855158135294911,0.7459390908479685,32.75269269943237,201.35997515171766,0.0
8,2017-01-24,-13.25,9.5,0.9792166753369004,8.878901521072602e-05,843285.7333333332,74.87450980392157,861184,-0.5201131765287542,-0.597560376743918,0.00011947198396159652,754_7,1.128307543694973,"{""type"":""MultiPoint"",""coordinates"":[]}",0.7281331345438955,0.7857820019125934,0.9661111980676642,46.21691256761551,298.4956055879593,0.0
13,2017-01-24,-13.25,9.75,0.979388430223218,0.0011251894661096,842524.7734301046,948.0,860256,-0.5053104353344288,-0.542283270182718,0.0026451668862289,754_8,0.3582173958420753,"{""type"":""MultiPoint"",""coordinates"":[]}",0.22591091692447662,0.2710148692131042,0.3271372988820075,29.291096143424507,210.01912280917168,0.0
4,2017-01-24,-13.0,9.25,0.9821274331250384,0.0018655422038619,843970.5849799062,1574.4627450980392,859329,-0.5301363172199897,-0.6453310237490797,0.0027765661940412,754_9,0.2153199166059494,"{""type"":""MultiPoint"",""coordinates"":[]}",0.27256738394498814,0.3055874258279797,0.3178734332323071,21.492889150977135,175.79662753269076,0.0
9,2017-01-24,-13.0,9.5,0.980565393028468,0.0010527098673865,843537.2627450977,888.0,860256,-0.5047082119404446,-0.5818051284395702,0.0011048711671219,754_10,0.4998305812478065,"{""type"":""MultiPoint"",""coordinates"":[]}",0.2493411302566526,0.26859436184167834,0.28675328940153066,22.061475552618504,194.90864500403404,0.0
14,2017-01-24,-13.0,9.75,0.9807416420863938,0.0032084302566149,842779.7345524587,2704.0,859329,-0.5193292799442092,-0.5653867008183394,0.0108124174100879,754_11,0.1685619354248047,"{""type"":""MultiPoint"",""coordinates"":[]}",0.16288086771965002,0.18035527318716016,0.19271485507488198,16.235894057899714,132.9496460966766,0.0
5,2017-01-24,-12.75,9.25,0.9811651461823,0.0023584657682893,844053.2039942008,1990.6705882352944,860256,-0.524027146826067,-0.5744178281022455,0.0042104368560906,754_12,0.2181436866521835,"{""type"":""MultiPoint"",""coordinates"":[]}",0.32207369804382313,0.33027585595846143,0.351958908140659,14.128679409623146,128.96855873987082,0.0
10,2017-01-24,-12.75,9.5,0.9795537885264508,0.0025495615007928,843576.049818363,2150.749019607844,861184,-0.4936118347502026,-0.512960050097293,0.0041261743848821,754_13,0.1824507489800453,"{""type"":""MultiPoint"",""coordinates"":[]}",0.1312699168920516,0.14294125139713268,0.1652110368013379,13.650600798428057,109.22288801521063,0.0
15,2017-01-24,-12.75,9.75,0.9797961779557376,0.0003703847367243493,842875.5408634911,312.18823529411765,860256,-0.4878429827964929,-0.5019638230743526,0.000561519686879478,754_14,0.045369379222393,"{""type"":""MultiPoint"",""coordinates"":[]}",0.042278319597244124,0.05021691322326645,0.055089592933654515,8.17169714719057,72.16622401028872,0.0
1,2017-02-09,-13.75,9.25,0.5731902863251905,0.977787600834291,492559.0355575396,481618.11764705885,859329,0.3934677453453746,0.2056169404918379,2.000141352267013,770_0,0.0073183327913284,"{""type"":""MultiPoint"",""coordinates"":[]}",0.0004461035132408142,0.0024279579520224783,0.909282825887203,5.280964076519012,65.75905345380306,0.0
6,2017-02-09,-13.75,9.5,0.979552623293516,0.5217294482180476,842666.021503987,439643.6784313725,860256,0.1419530133171759,-0.0334517333256424,1.90210332188424,770_1,0.0209305435419082,"{""type"":""MultiPoint"",""coordinates"":[]}",0.002952292561530978,0.013065524399280248,0.6698770448565476,3.1685307621955863,63.44945915043354,0.0
11,2017-02-09,-13.75,9.75,0.9631273021160978,0.0950861978011383,827643.2214001241,78697.44705882354,859329,-0.2292582190158188,-0.3861653489633957,0.2332563887066413,770_2,0.0038761645555496,"{""type"":""MultiPoint"",""coordinates"":[]}",0.006635673344106686,0.011036172509193025,0.2080956473946564,1.6093505546450606,71.4796669781208,0.0
2,2017-02-09,-13.5,9.25,0.781986224073381,0.2234460819593483,672708.3411764705,150314.0431372549,860256,-0.1186171787198207,-0.2932877698533191,0.5527017641404289,770_3,0.0054268166422843,"{""type"":""MultiPoint"",""coordinates"":[]}",0.0033695250749444976,0.008041039109229894,0.9629651904106136,5.132828839123249,60.534351505339146,0.0
7,2017-02-09,-13.5,9.5,0.9778407219754728,0.0236438840863442,842100.7843137254,19910.533333333333,861184,-0.2972519762065636,-0.4003231128908784,0.0370171983183225,770_4,0.0,"{""type"":""MultiPoint"",""coordinates"":[]}",9.313225746154785e-06,2.3283064365386963e-05,0.39032381027936897,5.31818252056837,74.3441260419786,0.0
12,2017-02-09,-13.5,9.75,0.9791329953198732,0.0,842305.0340218927,0.0,860256,-0.4013461209953168,-0.430382606085441,0.0,770_5,0.0,"{""type"":""MultiPoint"",""coordinates"":[]}",9.313225746154785e-06,0.00045821070671081543,0.6852503865957257,1.6035633161664,83.84393807500601,0.0
3,2017-02-09,-13.25,9.25,0.9600611627372476,0.0181464523151483,825898.3756116938,14987.125490196078,860256,-0.3458619482897126,-0.4654854018946552,0.0240523104074324,770_6,0.0,"{""type"":""MultiPoint"",""coordinates"":[]}",0.0003948807716369629,0.006022863090038295,1.1191349476575847,3.3158306032419196,79.58217896521091,0.0
8,2017-02-09,-13.25,9.5,0.9792166753369004,0.0,843285.7333333332,0.0,861184,-0.4099066485396061,-0.4821480369061561,0.0,770_7,0.0,"{""type"":""MultiPoint"",""coordinates"":[]}",9.31322574637683e-06,0.019098632037639587,1.9331881776452058,4.543240182101726,125.93204900622368,0.0
13,2017-02-09,-13.25,9.75,0.979388430223218,0.0,842524.7734301046,0.0,860256,-0.4098408611634095,-0.4431097541839949,0.0,770_8,0.0,"{""type"":""MultiPoint"",""coordinates"":[]}",0.0008838251233100891,0.0008977949619293213,0.6301300600171088,1.0102996602654453,82.977837882936,0.0
4,2017-02-09,-13.0,9.25,0.9821274331250384,0.0,843970.5849799061,0.0,859329,-0.4194594233230898,-0.532772128237832,0.0,770_9,0.0,"{""type"":""MultiPoint"",""coordinates"":[]}",0.0003948807716369629,0.23449026048183438,0.7553976029157635,1.6692150384187694,62.89467727765441,0.0
9,2017-02-09,-13.0,9.5,0.980565393028468,0.0,843537.2627450977,0.0,860256,-0.420567754544495,-0.4952649545844768,0.0,770_10,0.0,"{""type"":""MultiPoint"",""coordinates"":[]}",9.313225746210296e-06,0.2203015610575676,0.9887265041470523,1.7528207972645753,74.39712807536125,0.0
14,2017-02-09,-13.0,9.75,0.9769456570794872,1.1911600658836508e-06,839517.7345524587,1.0,859329,-0.4217097551028142,-0.4625371909454501,1.1863525795575948e-06,770_11,0.0,"{""type"":""MultiPoint"",""coordinates"":[]}",9.313225746154785e-06,0.042571686208248034,0.39148889482021293,0.8884482085704799,48.84978523477912,0.0
5,2017-02-09,-12.75,9.25,0.9811651461823004,0.0,844053.2039942009,0.0,860256,-0.4220796206717,-0.4636940491340887,0.0,770_12,0.0,"{""type"":""MultiPoint"",""coordinates"":[]}",0.010124407708644608,0.12735277414321874,0.6757723167538637,1.2239599600434294,46.52520967647433,0.0
10,2017-02-09,-12.75,9.5,0.9795537885264508,0.0,843576.049818363,0.0,861184,-0.3803165080928838,-0.392733804976735,0.0,770_13,0.0,"{""type"":""MultiPoint"",""coordinates"":[]}",0.0011930242180823547,0.11606700718402846,0.44145900756120643,0.923726707696914,43.11266355216503,0.0
15,2017-02-09,-12.75,9.75,0.9797938530664024,0.0,842873.5408634911,0.0,860256,-0.3652957841194013,-0.3728510031256622,0.0,770_14,0.0,"{""type"":""MultiPoint"",""coordinates"":[]}",0.0003948807716369629,0.0160038471221923,0.11159013956785174,0.5270708352327342,27.61593647301197,0.0
1,2017-03-04,-13.75,9.25,0.0,0.0,0.0,0.0,859329,,,0.0,793_0,0.0,"{""type"":""MultiPoint"",""coordinates"":[]}",0.5392432212829588,0.558427534997463,0.5661994218826292,1.5261406078934663,10.993979871273039,0.0
6,2017-03-04,-13.75,9.5,0.0092955284639927,1.004293426598253,7996.534134320535,8030.866666666666,860256,0.4514641668884112,0.2839867853833463,0.0375653348357744,793_1,0.0,"{""type"":""MultiPoint"",""coordinates"":[]}",0.4750071093440055,0.49011781811714156,0.5140081048011776,1.2562442570924748,8.112130686640738,0.0
11,2017-03-04,-13.75,9.75,0.17038383692579,0.1436792332275985,146415.7722016022,21036.905882352945,859329,-0.2455231692430989,-0.375892129780124,0.0784815171449063,793_2,0.0,"{""type"":""MultiPoint"",""coordinates"":[]}",0.23799389600750923,0.29643718153238274,0.3156708553433414,0.5521057173609722,7.155750878155231,0.0
2,2017-03-04,-13.5,9.25,0.0,0.0,0.0,0.0,860256,,,0.0,793_3,0.0,"{""type"":""MultiPoint"",""coordinates"":[]}",0.740287825465188,0.8640233427286145,0.8728271350264545,1.9018622115254393,8.820493705570698,0.0
7,2017-03-04,-13.5,9.5,0.0,0.0,0.0,0.0,861184,,,0.0,793_4,0.0,"{""type"":""MultiPoint"",""coordinates"":[]}",0.44459663331508625,0.6079664453864095,0.6667170673608777,1.074962317943572,9.162125177681444,0.0
12,2017-03-04,-13.5,9.75,0.0,0.0,0.0,0.0,860256,,,0.0,793_5,0.0,"{""type"":""MultiPoint"",""coordinates"":[]}",0.41245017200708367,0.9215399622917173,1.1996934190392492,1.9505461677908893,8.726531639695166,0.0
3,2017-03-04,-13.25,9.25,0.0,0.0,0.0,0.0,860256,,,0.0,793_6,0.0,"{""type"":""MultiPoint"",""coordinates"":[]}",1.0942406952381134,3.3834418281912804,3.392559476196766,4.569307900965213,15.95193240791559,0.0
8,2017-03-04,-13.25,9.5,0.0,0.0,0.0,0.0,861184,,,0.0,793_7,0.0,"{""type"":""MultiPoint"",""coordinates"":[]}",1.1004740372300146,5.150076001882552,5.175533704459666,7.281591184437273,22.335167974233627,0.0
13,2017-03-04,-13.25,9.75,0.0,0.0,0.0,0.0,860256,,,0.0,793_8,0.0,"{""type"":""MultiPoint"",""coordinates"":[]}",0.54341834038496,2.8877165168523784,2.8973221778869624,3.5698227584362026,11.319012381136417,0.0
4,2017-03-04,-13.0,9.25,0.0,0.0,0.0,0.0,859329,,,0.0,793_9,0.0,"{""type"":""MultiPoint"",""coordinates"":[]}",1.0097455233335493,3.1334264203906055,3.1535606831312175,3.920839168131351,8.816774934530256,0.0
9,2017-03-04,-13.0,9.5,0.0,0.0,0.0,0.0,860256,,,0.0,793_10,0.0,"{""type"":""MultiPoint"",""coordinates"":[]}",0.7941480726003646,2.04311404377222,2.0955484360456462,3.0992925167083727,6.702268496155737,0.0
14,2017-03-04,-13.0,9.75,0.0,0.0,0.0,0.0,859329,,,0.0,793_11,0.0,"{""type"":""MultiPoint"",""coordinates"":[]}",0.13758894056081752,1.0390048846602438,1.0465011000633238,1.4456929638981812,3.7328545004129396,0.0
5,2017-03-04,-12.75,9.25,0.0,0.0,0.0,0.0,860256,,,0.0,793_12,0.0,"{""type"":""MultiPoint"",""coordinates"":[]}",0.5708122625946996,1.4119278639554975,1.4413893222808831,2.128710038959979,3.655835054814814,0.0
10,2017-03-04,-12.75,9.5,0.0,0.0,0.0,0.0,861184,,,0.0,793_13,0.0,"{""type"":""MultiPoint"",""coordinates"":[]}",0.42299646884202935,0.9011374786496159,0.9235898032784456,1.3857232406735411,2.343763597309588,0.0
15,2017-03-04,-12.75,9.75,0.0,0.0,0.0,0.0,860256,,,0.0,793_14,0.0,"{""type"":""MultiPoint"",""coordinates"":[]}",0.006115995347499759,0.14142878353595717,0.14482066035270663,0.25816261768341003,0.8166255429387081,0.0
1,2017-04-05,-13.75,9.25,0.0,0.0,0.0,0.0,859329,,,0.0,825_0,0.0034607946872711,"{""type"":""MultiPoint"",""coordinates"":[]}",0.08353404700756054,0.7573245093226428,2.900962717831134,3.7825871258974066,4.742528311908243,0.0
6,2017-04-05,-13.75,9.5,0.0072462199796774,0.894231664763339,6233.604214837388,5574.286274509805,860256,0.3272112360515179,0.1777439974401002,0.0206193936886669,825_1,0.0034412369132041,"{""type"":""MultiPoint"",""coordinates"":[]}",0.12794695794582348,1.0848296806216238,1.8356088548898692,2.599085681140422,3.341321833431719,0.0
11,2017-04-05,-13.75,9.75,0.1467768162407293,0.0301609534769205,126129.57472332972,3804.1882352941175,859329,-0.3405406431138382,-0.4234392837692601,0.0090283048663263,825_2,0.0,"{""type"":""MultiPoint"",""coordinates"":[]}",0.39114616811272607,1.4809332787990566,1.7974823713302606,2.2517703473567954,2.4892380461096746,0.0
2,2017-04-05,-13.5,9.25,0.0,0.0,0.0,0.0,860256,,,0.0,825_3,0.0020945444703102,"{""type"":""MultiPoint"",""coordinates"":[]}",0.38305018097160837,0.6819721311330792,2.7620336040854454,3.9039673283696166,4.933002404868601,0.0
7,2017-04-05,-13.5,9.5,0.0,0.0,0.0,0.0,861184,,,0.0,825_4,0.0020945444703102,"{""type"":""MultiPoint"",""coordinates"":[]}",0.253275968134403,1.1298442259430883,1.3182107359170907,2.166198566555976,2.57444381713867,0.0
12,2017-04-05,-13.5,9.75,0.0,0.0,0.0,0.0,860256,,,0.0,825_5,0.0,"{""type"":""MultiPoint"",""coordinates"":[]}",1.3385480269789694,2.071515657007694,2.39571277052164,3.6872224882245055,4.438075236976146,0.0
3,2017-04-05,-13.25,9.25,0.0,0.0,0.0,0.0,860256,,,0.0,825_6,0.0,"{""type"":""MultiPoint"",""coordinates"":[]}",2.2035976871848106,2.539316192269325,9.036277420818806,12.509718537330626,13.685873709619043,0.0
8,2017-04-05,-13.25,9.5,0.0,0.0,0.0,0.0,861184,,,0.0,825_7,0.1064594835042953,"{""type"":""MultiPoint"",""coordinates"":[]}",8.665274828672409,9.813513606786728,15.036417171359062,20.361783914268017,22.46784139424562,2.0
13,2017-04-05,-13.25,9.75,0.0,0.0,0.0,0.0,860256,,,0.0,825_8,0.4853494465351105,"{""type"":""MultiPoint"",""coordinates"":[]}",6.577084772288799,8.628272451460361,9.155577048659325,12.12962344288826,12.802124023437498,2.0
4,2017-04-05,-13.0,9.25,0.0,0.0,0.0,0.0,859329,,,0.0,825_9,0.3367550671100616,"{""type"":""MultiPoint"",""coordinates"":[]}",7.7667320147156715,10.745005682110786,19.721432588994503,22.900682874023914,23.668021894991398,4.0
9,2017-04-05,-13.0,9.5,0.0,0.0,0.0,0.0,860256,,,0.0,825_10,0.674782320857048,"{""type"":""MultiPoint"",""coordinates"":[]}",16.323793679475784,22.909270599484444,30.98328225314617,33.101823180913925,34.10556726157665,4.0
14,2017-04-05,-13.0,9.75,0.0,0.0,0.0,0.0,859329,,,0.0,825_11,0.1211315393447876,"{""type"":""MultiPoint"",""coordinates"":[]}",9.269041009247301,11.467015370726584,11.736334301531313,12.801109813153742,13.2003016769886,3.0
5,2017-04-05,-12.75,9.25,0.0,0.0,0.0,0.0,860256,,,0.0,825_12,0.3842255100607872,"{""type"":""MultiPoint"",""coordinates"":[]}",7.0786792784929276,11.582216247916222,18.24015472084284,19.733074121177197,20.423565059900284,4.0
10,2017-04-05,-12.75,9.5,0.0,0.0,0.0,0.0,861184,,,0.0,825_13,0.2434700727462768,"{""type"":""MultiPoint"",""coordinates"":[]}",7.655926048755646,11.476115323603153,15.917702578008173,16.841357573866844,17.304674722254276,4.0
15,2017-04-05,-12.75,9.75,0.0,0.0,0.0,0.0,860256,,,0.0,825_14,0.0,"{""type"":""MultiPoint"",""coordinates"":[]}",3.9942711591720577,5.896272137761116,5.96319418400526,6.109292618930339,6.2230201438069335,3.0
1,2017-05-07,-13.75,9.25,0.0,0.0,0.0,0.0,859329,,,0.0,857_0,5.691515281796455,"{""type"":""MultiPoint"",""coordinates"":[]}",16.71059988439083,19.381077960133553,19.991864450275898,22.83824235200882,23.854650557041168,2.0
6,2017-05-07,-13.75,9.5,0.0,0.0,0.0,0.0,860256,,,0.0,857_1,5.815872922539711,"{""type"":""MultiPoint"",""coordinates"":[]}",2.900521270930767,6.049249321222304,6.736205890774725,8.457109332084654,9.354982525110243,1.0
11,2017-05-07,-13.75,9.75,0.0641532945879463,0.0008344098053481568,55128.786484965305,46.0,859329,-0.3857802005497838,-0.4460125201094889,0.00011991533655974732,857_2,3.4324033185839653,"{""type"":""MultiPoint"",""coordinates"":[]}",0.8098175749182412,1.8961131572723384,2.2406177595257746,4.042944870889185,4.510851576924321,0.0
2,2017-05-07,-13.5,9.25,0.0,0.0,0.0,0.0,860256,,,0.0,857_3,3.433229401707649,"{""type"":""MultiPoint"",""coordinates"":[]}",15.362424775958047,20.651226863265038,21.681266836822033,24.18737020343542,25.62466450035572,3.0
7,2017-05-07,-13.5,9.5,0.0,0.0,0.0,0.0,861184,,,0.0,857_4,3.328286111354828,"{""type"":""MultiPoint"",""coordinates"":[]}",7.477962411940098,12.01946847140789,12.697483412921427,13.97627033293247,14.871370047330855,2.0
12,2017-05-07,-13.5,9.75,0.0,0.0,0.0,0.0,860256,,,0.0,857_5,4.886108450591564,"{""type"":""MultiPoint"",""coordinates"":[]}",2.887091599404812,5.576287396252154,7.759352214634418,10.160445235669611,11.471066623926161,0.0
3,2017-05-07,-13.25,9.25,0.0,0.0,0.0,0.0,860256,,,0.0,857_6,4.296727478504181,"{""type"":""MultiPoint"",""coordinates"":[]}",31.946825794875622,45.34145724028349,46.79517541080713,55.880364030599594,59.37080178409814,4.0
8,2017-05-07,-13.25,9.5,0.0,0.0,0.0,0.0,861184,,,0.0,857_7,5.768280476331711,"{""type"":""MultiPoint"",""coordinates"":[]}",25.134079158306122,42.093261145055294,44.69067230820656,60.04399713128805,65.39846863597631,4.0
13,2017-05-07,-13.25,9.75,0.0,0.0,0.0,0.0,860256,,,0.0,857_8,8.64186231046915,"{""type"":""MultiPoint"",""coordinates"":[]}",14.41938430070877,26.24337561428547,29.37360107898712,39.024483412504196,42.00867284089327,4.0
4,2017-05-07,-13.0,9.25,0.0,0.0,0.0,0.0,859329,,,0.0,857_9,7.625066675245762,"{""type"":""MultiPoint"",""coordinates"":[]}",45.46708334237337,69.0398383885622,71.44082430750132,91.73123352229595,94.91442143917084,5.0
9,2017-05-07,-13.0,9.5,0.0,0.0,0.0,0.0,860256,,,0.0,857_10,9.38211940228939,"{""type"":""MultiPoint"",""coordinates"":[]}",35.95029283314943,58.17508324980736,60.67322287708521,92.90389809757471,95.02949099987745,5.0
14,2017-05-07,-13.0,9.75,0.0,0.0,0.0,0.0,859329,,,0.0,857_11,11.4004360511899,"{""type"":""MultiPoint"",""coordinates"":[]}",19.150385633111,31.1026843264699,32.4806272983551,44.81612052768469,45.88930867612362,4.0
5,2017-05-07,-12.75,9.25,0.0,0.0,0.0,0.0,860256,,,0.0,857_12,8.526905439794064,"{""type"":""MultiPoint"",""coordinates"":[]}",27.689787559211254,45.44098675251007,46.66523355990648,65.67724701017141,67.17527471482754,5.0
10,2017-05-07,-12.75,9.5,0.0,0.0,0.0,0.0,861184,,,0.0,857_13,5.660870112478733,"{""type"":""MultiPoint"",""coordinates"":[]}",26.377288624644276,43.96112821996212,44.87151186913252,61.62777449935674,62.55952548235654,5.0
15,2017-05-07,-12.75,9.75,0.0,0.0,0.0,0.0,860256,,,0.0,857_14,5.407172255218029,"{""type"":""MultiPoint"",""coordinates"":[]}",14.584260992705822,23.10750912874937,23.424037732183933,29.681455343961716,29.83842696994543,3.0
1,2017-06-01,-13.75,9.25,0.6485113899354312,0.953610320622494,557284.6442018242,531432.388235294,859329,0.5896277241934481,0.5730223397163932,2.2694695301363788,882_0,1.1114692315459251,"{""type"":""MultiPoint"",""coordinates"":[]}",51.21778417378664,100.72847455739975,162.80631721019745,166.33818857371807,169.50872540473938,6.0
6,2017-06-01,-13.75,9.5,0.3165085201514842,0.598071234383137,272278.35351143515,162841.85098039216,860256,0.3539342921321536,0.2974329498142022,0.7555822230986887,882_1,0.7417798042297363,"{""type"":""MultiPoint"",""coordinates"":[]}",53.98337356746197,99.26373418420553,170.478705316782,174.51459914445877,176.5423296019435,6.0
11,2017-06-01,-13.75,9.75,0.0,0.0,0.0,0.0,859329,,,0.0,882_2,1.3111215084791183,"{""type"":""MultiPoint"",""coordinates"":[]}",53.61589416861531,112.32928093522787,143.21903139352798,144.84613668173552,146.66788838803768,6.0
2,2017-06-01,-13.5,9.25,0.4232743855141892,0.5510710061666358,364124.3297848944,200658.36078431367,860256,0.2566266801084305,0.1372518663504073,0.923948831173524,882_3,1.72429159283638,"{""type"":""MultiPoint"",""coordinates"":[]}",46.50442115962504,98.46625104546547,159.3294981867075,166.23824555426836,169.0991185605526,6.0
7,2017-06-01,-13.5,9.5,0.0891378636398078,0.0292534613043699,76764.10196078432,2245.6156862745097,861184,-0.3123857365033631,-0.5005315259238062,0.005153181008018,882_4,1.2269718572497368,"{""type"":""MultiPoint"",""coordinates"":[]}",54.83361706137657,121.41202110797167,187.08154186606407,192.80692003667355,194.14625223726034,6.0
12,2017-06-01,-13.5,9.75,0.0,0.0,0.0,0.0,860256,,,0.0,882_5,0.5854610353708267,"{""type"":""MultiPoint"",""coordinates"":[]}",62.00106628239155,139.90062661468983,177.16522328555584,183.66652820259333,185.49478892236948,6.0
3,2017-06-01,-13.25,9.25,0.3265266656407695,0.010005945468187,280896.52327746584,2810.635294117647,860256,-0.4018193684562445,-0.5998705686826009,0.0048939004625171,882_6,6.436958909034729,"{""type"":""MultiPoint"",""coordinates"":[]}",90.62543697655201,180.70690799504519,270.02870198339224,286.1340679228306,294.60003413259983,7.0
8,2017-06-01,-13.25,9.5,0.0986540053930311,0.0,84959.25098039216,0.0,861184,-0.4576674350657155,-0.6320137844968408,0.0,882_7,4.201327450573444,"{""type"":""MultiPoint"",""coordinates"":[]}",112.80930042266846,228.7729550153017,330.476351082325,354.29001972079277,367.0036494731903,7.0
13,2017-06-01,-13.25,9.75,0.0,0.0,0.0,0.0,860256,,,0.0,882_8,1.8232306465506556,"{""type"":""MultiPoint"",""coordinates"":[]}",85.05749702453613,174.46135357022285,231.50748293846846,251.91344507038593,259.38187446445227,7.0
4,2017-06-01,-13.0,9.25,0.3146460522119463,0.0,270384.4774012396,0.0,859329,-0.4442297990076562,-0.6411956552642074,0.0,882_9,12.154321186244488,"{""type"":""MultiPoint"",""coordinates"":[]}",105.63799971714616,220.76252149417996,319.33670537546277,350.66900542005897,368.0439214222133,7.0
9,2017-06-01,-13.0,9.5,0.0060695247670916,0.0,5221.345098039213,0.0,860256,-0.4331137238001883,-0.6377989631964657,0.0,882_10,8.786649443209171,"{""type"":""MultiPoint"",""coordinates"":[]}",117.29319347068667,238.31368563696742,344.00549018755555,377.9133060015738,404.77878553792834,7.0
14,2017-06-01,-13.0,9.75,0.0,0.0,0.0,0.0,859329,,,0.0,882_11,8.197401650249958,"{""type"":""MultiPoint"",""coordinates"":[]}",81.22450672090054,180.88951148092747,257.213176228106,273.0314237996936,284.34098046272993,7.0
5,2017-06-01,-12.75,9.25,0.2971560964891892,0.0,255630.31494140395,0.0,860256,-0.4663871989041103,-0.6455527361586609,0.0,882_12,14.42654337733984,"{""type"":""MultiPoint"",""coordinates"":[]}",95.40012944489717,185.52641570568085,259.2301592230797,282.2238318622112,298.7988069653511,7.0
10,2017-06-01,-12.75,9.5,0.0,0.0,0.0,0.0,861184,,,0.0,882_13,5.8030616492033005,"{""type"":""MultiPoint"",""coordinates"":[]}",71.4670242741704,152.70960424095392,223.25538843870163,245.91972678899765,260.25127433240414,7.0
15,2017-06-01,-12.75,9.75,0.0,0.0,0.0,0.0,860256,,,0.0,882_14,5.925334990024567,"{""type"":""MultiPoint"",""coordinates"":[]}",43.37351582944393,108.62208437174559,155.79107590019703,165.50127230584621,171.45447712391615,7.0
1,2017-07-10,-13.75,9.25,0.0,0.0,0.0,0.0,859329,,,0.0,921_0,10.404161177575588,"{""type"":""MultiPoint"",""coordinates"":[]}",185.53735129535195,356.9489438086748,656.443283893168,825.1359956339002,884.2923110350966,7.0
6,2017-07-10,-13.75,9.5,0.0,0.0,0.0,0.0,860256,,,0.0,921_1,11.86696719378233,"{""type"":""MultiPoint"",""coordinates"":[]}",189.51603956520557,341.8094185180962,620.4320639371872,780.8516165241599,850.3062482923269,7.0
11,2017-07-10,-13.75,9.75,0.0,0.0,0.0,0.0,859329,,,0.0,921_2,10.814421810209751,"{""type"":""MultiPoint"",""coordinates"":[]}",127.37519154325125,282.6548758894205,543.1250799447298,714.8541333153844,739.0771927312016,7.0
2,2017-07-10,-13.5,9.25,0.0,0.0,0.0,0.0,860256,,,0.0,921_3,12.598685920238497,"{""type"":""MultiPoint"",""coordinates"":[]}",177.78275348246098,353.9710068143904,600.5586548708379,755.8270846493542,814.2603472806513,7.0
7,2017-07-10,-13.5,9.5,0.0,0.0,0.0,0.0,861184,,,0.0,921_4,12.684515677392485,"{""type"":""MultiPoint"",""coordinates"":[]}",170.41967157274485,292.89207328110933,494.1156357526779,672.5210109725595,734.7086137160659,7.0
12,2017-07-10,-13.5,9.75,0.0,0.0,0.0,0.0,860256,,,0.0,921_5,9.614162147045135,"{""type"":""MultiPoint"",""coordinates"":[]}",111.79206054657698,210.46099811792374,402.0444294437766,609.4608972780406,640.2970035560429,7.0
3,2017-07-10,-13.25,9.25,0.0,0.0,0.0,0.0,860256,,,0.0,921_6,20.646600052714348,"{""type"":""MultiPoint"",""coordinates"":[]}",163.48113166168332,313.2688389159739,555.1112075336277,847.2268460318446,928.6606274545193,7.0
8,2017-07-10,-13.25,9.5,0.0,0.0,0.0,0.0,861184,,,0.0,921_7,19.11030989140272,"{""type"":""MultiPoint"",""coordinates"":[]}",183.48325416445732,319.28544491529465,579.6804558485746,951.8180233426392,1043.8310042954981,7.0
13,2017-07-10,-13.25,9.75,0.0,0.0,0.0,0.0,860256,,,0.0,921_8,6.541257724165916,"{""type"":""MultiPoint"",""coordinates"":[]}",116.07108637690544,209.17966030538082,402.54935855045915,671.1501572281122,729.2735418304801,7.0
4,2017-07-10,-13.0,9.25,0.0,0.0,0.0,0.0,859329,,,0.0,921_9,20.15369664877653,"{""type"":""MultiPoint"",""coordinates"":[]}",141.112401150167,305.31992949545383,554.4187151826918,923.3926408924162,1016.7644689790905,7.0
9,2017-07-10,-13.0,9.5,0.0,0.0,0.0,0.0,860256,,,0.0,921_10,10.283799842000008,"{""type"":""MultiPoint"",""coordinates"":[]}",155.6928576901555,319.3290550261736,583.2131989300251,990.8668100833893,1077.4307129904628,7.0
14,2017-07-10,-13.0,9.75,0.0,0.0,0.0,0.0,859329,,,0.0,921_11,5.9591904282569885,"{""type"":""MultiPoint"",""coordinates"":[]}",97.95838128775358,220.32530326396227,400.19899141043425,700.0567731447518,760.2529102005064,6.0
5,2017-07-10,-12.75,9.25,0.0,0.0,0.0,0.0,860256,,,0.0,921_12,12.44916208088398,"{""type"":""MultiPoint"",""coordinates"":[]}",139.49919305741787,275.2755465917289,459.3975911848247,757.5310464017093,821.7745102010667,6.0
10,2017-07-10,-12.75,9.5,0.0,0.0,0.0,0.0,861184,,,0.0,921_13,7.784548215568066,"{""type"":""MultiPoint"",""coordinates"":[]}",112.6680364832282,235.68241018801928,394.5236415602267,655.664311721921,714.7427638992667,6.0
15,2017-07-10,-12.75,9.75,0.0,0.0,0.0,0.0,860256,,,0.0,921_14,4.398690536618233,"{""type"":""MultiPoint"",""coordinates"":[]}",62.66566645354032,161.61242220550776,273.42695370316505,459.09248758107424,496.2207656353712,6.0
1,2017-07-26,-13.75,9.25,0.0,0.0,0.0,0.0,859329,,,0.0,937_0,3.3979173749685287,"{""type"":""MultiPoint"",""coordinates"":[]}",361.9687119498849,567.6316674798727,920.9775142371655,1333.0601397901773,1461.5138797089458,7.0
6,2017-07-26,-13.75,9.5,0.0168661590486827,1.0021298967242922,14509.214518583638,14540.117647058823,860256,0.5836839526622118,0.5585077534173231,0.0686985068409608,937_1,4.462132230401039,"{""type"":""MultiPoint"",""coordinates"":[]}",380.2896081469953,559.2339616268873,898.572915699333,1282.8832864761353,1420.6399312242866,7.0
11,2017-07-26,-13.75,9.75,0.0705266025050678,0.2656807525946682,60605.55480407746,16101.72941176471,859329,-0.147684291271415,-0.4495866158250207,0.0628052093829562,937_2,5.271390080451965,"{""type"":""MultiPoint"",""coordinates"":[]}",353.1203842721879,500.6015757098794,777.4743121117353,1149.1292575374246,1250.130076892674,7.0
2,2017-07-26,-13.5,9.25,0.0,0.0,0.0,0.0,860256,,,0.0,937_3,4.532448947429657,"{""type"":""MultiPoint"",""coordinates"":[]}",361.6864951327443,534.9587961100042,886.3483089953661,1230.937802232802,1359.6092369407415,7.0
7,2017-07-26,-13.5,9.5,0.0,0.0,0.0,0.0,861184,,,0.0,937_4,3.809822723269463,"{""type"":""MultiPoint"",""coordinates"":[]}",357.33107663691044,491.8232006020844,779.0401927195489,1079.478228930384,1237.8133018501103,7.0
12,2017-07-26,-13.5,9.75,0.0,0.0,0.0,0.0,860256,,,0.0,937_5,2.820122055709362,"{""type"":""MultiPoint"",""coordinates"":[]}",335.2709603495896,443.77852231264114,647.8425087407231,952.567835804075,1091.1920149810612,7.0
3,2017-07-26,-13.25,9.25,0.0,0.0,0.0,0.0,860256,,,0.0,937_6,5.647643003612757,"{""type"":""MultiPoint"",""coordinates"":[]}",307.0624219253659,442.64301005750895,748.119190800935,1173.7880315631628,1389.7959478199482,7.0
8,2017-07-26,-13.25,9.5,0.0,0.0,0.0,0.0,861184,,,0.0,937_7,3.693615086376667,"{""type"":""MultiPoint"",""coordinates"":[]}",327.1674932911992,489.91790041327477,807.2247868403792,1289.1876217909157,1549.1074682213366,7.0
13,2017-07-26,-13.25,9.75,0.0,0.0,0.0,0.0,860256,,,0.0,937_8,2.917761914432049,"{""type"":""MultiPoint"",""coordinates"":[]}",330.11459233239293,456.85108564794064,653.5872258245945,1003.4467168152332,1189.5169336348772,7.0
4,2017-07-26,-13.0,9.25,0.0,0.0,0.0,0.0,859329,,,0.0,937_9,3.396371379494667,"{""type"":""MultiPoint"",""coordinates"":[]}",284.9333621561527,439.13349509239197,734.3903267756104,1209.8140507005155,1471.199098508805,7.0
9,2017-07-26,-13.0,9.5,0.0,0.0,0.0,0.0,860256,,,0.0,937_10,2.7230316773056984,"{""type"":""MultiPoint"",""coordinates"":[]}",274.7526247985661,446.63474801927805,754.4950041919947,1252.4602860212326,1530.1705207675695,7.0
14,2017-07-26,-13.0,9.75,0.0,0.0,0.0,0.0,859329,,,0.0,937_11,1.784435473382473,"{""type"":""MultiPoint"",""coordinates"":[]}",274.93538660928607,428.31067740917206,636.5179251879454,987.3067042790353,1192.5946422852576,7.0
5,2017-07-26,-12.75,9.25,0.0,0.0,0.0,0.0,860256,,,0.0,937_12,2.372024580836296,"{""type"":""MultiPoint"",""coordinates"":[]}",219.7944736108184,326.0333416983485,596.459271851927,956.8562149070203,1157.665450591594,7.0
10,2017-07-26,-12.75,9.5,0.0,0.0,0.0,0.0,861184,,,0.0,937_13,1.394079066812992,"{""type"":""MultiPoint"",""coordinates"":[]}",203.24309589341283,326.7864235676825,554.001887794584,866.199039388448,1047.232883516699,7.0
15,2017-07-26,-12.75,9.75,0.0,0.0,0.0,0.0,860256,,,0.0,937_14,0.7780222222208977,"{""type"":""MultiPoint"",""coordinates"":[]}",211.24871307983994,345.9954257123172,500.26490399613976,717.9456478916109,845.8164730109274,7.0
1,2017-08-27,-13.75,9.25,0.0,0.0,0.0,0.0,859329,,,0.0,969_0,15.20435232669115,"{""type"":""MultiPoint"",""coordinates"":[]}",233.7006786838174,394.1969810985029,689.7807070054114,1582.5888686813414,2005.0443331710994,7.0
6,2017-08-27,-13.75,9.5,0.0,0.0,0.0,0.0,860256,,,0.0,969_1,20.016958471387625,"{""type"":""MultiPoint"",""coordinates"":[]}",216.36360418051484,393.1057080626488,705.5207723751664,1584.5682262443006,1970.6071512773633,7.0
11,2017-08-27,-13.75,9.75,0.0478159228161677,0.0049160847289416,41089.60913769464,202.0,859329,-0.4419942228651949,-0.6425156889240414,0.000338374959599287,969_2,30.14589147642255,"{""type"":""MultiPoint"",""coordinates"":[]}",187.11197003722188,370.40437944233423,715.6196646392345,1481.2463177368045,1839.0505760908127,7.0
2,2017-08-27,-13.5,9.25,0.0,0.0,0.0,0.0,860256,,,0.0,969_3,27.88898441940546,"{""type"":""MultiPoint"",""coordinates"":[]}",204.74171452224255,336.6784332320094,609.8701800219715,1473.2469520531595,1819.468371104449,7.0
7,2017-08-27,-13.5,9.5,0.0,0.0,0.0,0.0,861184,,,0.0,969_4,28.25200092047453,"{""type"":""MultiPoint"",""coordinates"":[]}",172.53300454467535,318.0862395092845,603.5664267838001,1369.2462877370417,1660.324317868799,7.0
12,2017-08-27,-13.5,9.75,0.0,0.0,0.0,0.0,860256,,,0.0,969_5,16.630043741315603,"{""type"":""MultiPoint"",""coordinates"":[]}",149.15625844150782,296.83252749964595,572.8671946562827,1209.542218130082,1496.9771774485707,7.0
3,2017-08-27,-13.25,9.25,0.0,0.0,0.0,0.0,860256,,,0.0,969_6,22.65326865017414,"{""type"":""MultiPoint"",""coordinates"":[]}",166.2736926227808,296.5589580126107,542.7594468928874,1277.937778737396,1674.4350949302316,7.0
8,2017-08-27,-13.25,9.5,0.0,0.0,0.0,0.0,861184,,,0.0,969_7,21.784454584121704,"{""type"":""MultiPoint"",""coordinates"":[]}",154.07404582947493,319.0430807881057,614.1668925993145,1404.632346238941,1853.4737499430776,7.0
13,2017-08-27,-13.25,9.75,0.0,0.0,0.0,0.0,860256,,,0.0,969_8,19.96762678027153,"{""type"":""MultiPoint"",""coordinates"":[]}",126.39010418206453,282.7905179001391,528.9390524849296,1165.8483985811472,1497.081740759313,7.0
4,2017-08-27,-13.0,9.25,0.0,0.0,0.0,0.0,859329,,,0.0,969_9,27.15303935110569,"{""type"":""MultiPoint"",""coordinates"":[]}",151.07160434126854,281.8029234185815,542.9941765032709,1258.776041213423,1712.0497771538794,7.0
9,2017-08-27,-13.0,9.5,0.0,0.0,0.0,0.0,860256,,,0.0,969_10,28.43143045902252,"{""type"":""MultiPoint"",""coordinates"":[]}",143.75490229576826,295.75367784127593,572.0413494855165,1309.2476120218635,1784.1316857375205,7.0
14,2017-08-27,-13.0,9.75,0.0,0.0,0.0,0.0,859329,,,0.0,969_11,26.356101036071777,"{""type"":""MultiPoint"",""coordinates"":[]}",112.0896004140377,242.288654204458,458.5716347210109,1073.2070817612112,1408.5295349359512,7.0
5,2017-08-27,-12.75,9.25,0.0,0.0,0.0,0.0,860256,,,0.0,969_12,27.909765485674143,"{""type"":""MultiPoint"",""coordinates"":[]}",103.92228607088327,222.9227819480002,439.7709481418133,1021.4156759902835,1352.9449119232595,7.0
10,2017-08-27,-12.75,9.5,0.0,0.0,0.0,0.0,861184,,,0.0,969_13,18.728818744421005,"{""type"":""MultiPoint"",""coordinates"":[]}",93.8152689486742,198.5993068665266,380.78700192272663,918.0800314061344,1212.8680110909045,7.0
15,2017-08-27,-12.75,9.75,0.0,0.0,0.0,0.0,860256,,,0.0,969_14,13.78167513757944,"{""type"":""MultiPoint"",""coordinates"":[]}",79.24858666956425,165.43590184301138,329.7514244914055,810.6453833170235,1023.4722062014043,7.0
1,2017-09-05,-13.75,9.25,0.0,0.0,0.0,0.0,859329,,,0.0,978_0,5.184334702789784,"{""type"":""MultiPoint"",""coordinates"":[]}",233.6918585933745,491.6945332661271,830.9348854236305,1671.4987973682582,2228.6217543296516,6.0
6,2017-09-05,-13.75,9.5,0.0,0.0,0.0,0.0,860256,,,0.0,978_1,4.872028715908527,"{""type"":""MultiPoint"",""coordinates"":[]}",193.0897505953908,436.2689000554383,808.1332165747881,1657.8516946174204,2163.413800764829,7.0
11,2017-09-05,-13.75,9.75,0.0,0.0,0.0,0.0,859329,,,0.0,978_2,6.705720908939838,"{""type"":""MultiPoint"",""coordinates"":[]}",126.01049058139321,339.5481766201556,740.2527253143489,1483.8470653630793,1964.782473165542,7.0
2,2017-09-05,-13.5,9.25,0.0,0.0,0.0,0.0,860256,,,0.0,978_3,4.397070966660976,"{""type"":""MultiPoint"",""coordinates"":[]}",206.86537865549326,448.1470277532935,758.8405045680702,1551.7127346247435,2040.2549267746508,6.0
7,2017-09-05,-13.5,9.5,0.0004157067479191439,0.1229050279329608,358.0,44.0,861184,-0.2522056100645503,-0.5377452017522245,9.845020583721574e-05,978_4,5.02349715679884,"{""type"":""MultiPoint"",""coordinates"":[]}",125.57884212583303,324.8493783175945,656.8658426403999,1419.1796681843698,1787.7388005144894,7.0
12,2017-09-05,-13.5,9.75,0.0,0.0,0.0,0.0,860256,,,0.0,978_5,8.433347567915916,"{""type"":""MultiPoint"",""coordinates"":[]}",85.35393793135881,250.1097614876926,570.7733444869518,1229.015133343637,1560.9500715509057,7.0
3,2017-09-05,-13.25,9.25,0.0,0.0,0.0,0.0,860256,,,0.0,978_6,7.758577354252338,"{""type"":""MultiPoint"",""coordinates"":[]}",183.76883631572127,370.09960459545255,650.8022015914321,1353.1394554302096,1811.523693613708,7.0
8,2017-09-05,-13.25,9.5,0.0,0.0,0.0,0.0,861184,,,0.0,978_7,10.102144442498684,"{""type"":""MultiPoint"",""coordinates"":[]}",144.95694544166327,324.4304358959198,659.9956783466041,1447.2835883498192,1927.7119818143547,7.0
13,2017-09-05,-13.25,9.75,0.0,0.0,0.0,0.0,860256,,,0.0,978_8,4.812178201973438,"{""type"":""MultiPoint"",""coordinates"":[]}",85.29248647391796,233.56578685343266,523.8738679327071,1186.1603297293186,1542.50657139346,7.0
4,2017-09-05,-13.0,9.25,0.0,0.0,0.0,0.0,859329,,,0.0,978_9,8.728942833840847,"{""type"":""MultiPoint"",""coordinates"":[]}",165.89362965896726,343.0245923809707,625.4752571694553,1330.6020554155111,1813.0352753214538,7.0
9,2017-09-05,-13.0,9.5,0.0,0.0,0.0,0.0,860256,,,0.0,978_10,8.95036943256855,"{""type"":""MultiPoint"",""coordinates"":[]}",119.07042004168034,300.01793801784515,609.6519702114165,1324.8954229056835,1839.8158908821642,7.0
14,2017-09-05,-13.0,9.75,0.0,0.0,0.0,0.0,859329,,,0.0,978_11,9.436211548745632,"{""type"":""MultiPoint"",""coordinates"":[]}",81.68249437585473,222.24882012233138,485.5710035189986,1077.331768348813,1456.5668473951519,7.0
5,2017-09-05,-12.75,9.25,0.0,0.0,0.0,0.0,860256,,,0.0,978_12,6.896241568028927,"{""type"":""MultiPoint"",""coordinates"":[]}",111.55987763777375,244.07197255641222,493.7337297014892,1052.7379037812352,1428.0078955926,7.0
10,2017-09-05,-12.75,9.5,0.0,0.0,0.0,0.0,861184,,,0.0,978_13,6.051699630916119,"{""type"":""MultiPoint"",""coordinates"":[]}",84.60533758625388,201.0559313930571,412.6927354373038,928.2626006752253,1267.3738128505647,7.0
15,2017-09-05,-12.75,9.75,0.0,0.0,0.0,0.0,860256,,,0.0,978_14,4.405318759381771,"{""type"":""MultiPoint"",""coordinates"":[]}",62.806698493659496,154.4806705787778,341.08828380703926,804.8591050319374,1070.120710413903,7.0
1,2017-09-12,-13.75,9.25,0.0,0.0,0.0,0.0,859329,,,0.0,985_0,5.32587431371212,"{""type"":""MultiPoint"",""coordinates"":[]}",137.61977292597294,394.225905649364,793.85408712551,1607.8289593569934,2293.1690444238484,7.0
6,2017-09-12,-13.75,9.5,9.071630592867623e-05,0.6220098048665216,78.0392464729793,48.54117647058823,860256,0.2763645548869231,0.2763645554054258,0.00017355113704817598,985_1,4.522819072008133,"{""type"":""MultiPoint"",""coordinates"":[]}",127.19710823148489,343.88631116598845,747.7318937890232,1581.2967461533844,2214.570984710008,6.0
11,2017-09-12,-13.75,9.75,0.2081944972119232,0.2354412382941973,178907.56909462478,42122.21960784314,859329,-0.1609367985300157,-0.4318610037997302,0.1703378242942196,985_2,3.769109956920147,"{""type"":""MultiPoint"",""coordinates"":[]}",81.01597521454093,220.54141107946634,605.7040458545089,1431.3138839788735,1956.3527856953442,6.0
2,2017-09-12,-13.5,9.25,0.0,0.0,0.0,0.0,860256,,,0.0,985_3,3.147718496620655,"{""type"":""MultiPoint"",""coordinates"":[]}",139.96861409395933,371.70731741935015,731.0312781482935,1503.443855792284,2122.887632343918,7.0
7,2017-09-12,-13.5,9.5,0.0,0.0,0.0,0.0,861184,,,0.0,985_4,4.206560552120209,"{""type"":""MultiPoint"",""coordinates"":[]}",104.11500092595816,243.02899651229382,581.6912418231368,1334.1705515049398,1821.85680558905,6.0
12,2017-09-12,-13.5,9.75,0.0,0.0,0.0,0.0,860256,,,0.0,985_5,3.57997789978981,"{""type"":""MultiPoint"",""coordinates"":[]}",66.66695978492498,163.50208781659603,467.5636989995837,1168.241790495813,1547.2568208351731,6.0
3,2017-09-12,-13.25,9.25,0.0,0.0,0.0,0.0,860256,,,0.0,985_6,5.291408859193325,"{""type"":""MultiPoint"",""coordinates"":[]}",154.9925426952541,354.10472098737955,665.1661111973226,1330.9117751196027,1881.8238000385463,6.0
8,2017-09-12,-13.25,9.5,0.0,0.0,0.0,0.0,861184,,,0.0,985_7,8.175312541425228,"{""type"":""MultiPoint"",""coordinates"":[]}",122.85327538847923,284.54471472650766,611.3934316672385,1355.2695265971124,1926.7057529650629,6.0
13,2017-09-12,-13.25,9.75,0.0,0.0,0.0,0.0,860256,,,0.0,985_8,10.73832530528307,"{""type"":""MultiPoint"",""coordinates"":[]}",66.67900644242764,161.58456541597843,445.26513013988733,1133.4031894803047,1507.4372002854943,6.0
4,2017-09-12,-13.0,9.25,0.0,0.0,0.0,0.0,859329,,,0.0,985_9,9.072783403098583,"{""type"":""MultiPoint"",""coordinates"":[]}",164.5882548764348,350.00004479661584,646.3663023896515,1319.4502359256148,1879.3350490741432,6.0
9,2017-09-12,-13.0,9.5,0.0,0.0,0.0,0.0,860256,,,0.0,985_10,11.959133669734,"{""type"":""MultiPoint"",""coordinates"":[]}",120.51919242367148,262.93706661090255,569.9827154166996,1260.9310285188258,1838.8436096720397,6.0
14,2017-09-12,-13.0,9.75,0.0,0.0,0.0,0.0,859329,,,0.0,985_11,5.463400855660439,"{""type"":""MultiPoint"",""coordinates"":[]}",68.47122963517904,165.81239691004157,410.0124007090926,1031.7792864516377,1431.2515454366803,6.0
5,2017-09-12,-12.75,9.25,0.0,0.0,0.0,0.0,860256,,,0.0,985_12,7.659169845283031,"{""type"":""MultiPoint"",""coordinates"":[]}",139.11483902484179,266.0397975705564,506.1102476902306,1035.4518787935376,1486.9260578416288,6.0
10,2017-09-12,-12.75,9.5,0.0,0.0,0.0,0.0,861184,,,0.0,985_13,5.31417690217495,"{""type"":""MultiPoint"",""coordinates"":[]}",83.58994033187628,186.0005366615951,390.76771447435027,878.4492304548621,1275.294913444668,6.0
15,2017-09-12,-12.75,9.75,0.0,0.0,0.0,0.0,860256,,,0.0,985_14,1.74784567207098,"{""type"":""MultiPoint"",""coordinates"":[]}",46.274040825665,123.44884406775236,286.488083191216,781.7080994136631,1062.154693994671,6.0
1,2017-09-21,-13.75,9.25,0.0028486430326771,0.7506183717279165,2447.921568627451,1837.4549019607844,859329,0.3366123517874345,0.3348900906219314,0.0058522944267622,994_0,15.41775558143854,"{""type"":""MultiPoint"",""coordinates"":[]}",128.96472867578268,296.3741775602102,790.0610268115997,1387.7025456167758,2220.903492067009,7.0
6,2017-09-21,-13.75,9.5,0.0,0.0,0.0,0.0,860256,,,0.0,994_1,14.116532169282436,"{""type"":""MultiPoint"",""coordinates"":[]}",98.62304106354713,239.0488488599658,676.931890193373,1309.7611530683935,2117.826349567622,7.0
11,2017-09-21,-13.75,9.75,0.0,0.0,0.0,0.0,859329,,,0.0,994_2,13.625035993754864,"{""type"":""MultiPoint"",""coordinates"":[]}",71.22193090617654,164.67668302357197,508.6683300323785,1171.0497098974884,1863.3411196060479,7.0
2,2017-09-21,-13.5,9.25,0.0459491629669016,0.4023606571298946,39528.04313725491,15904.529411764706,860256,0.1224896648940983,-0.0621496052036794,0.0567187191523594,994_3,12.677510268986223,"{""type"":""MultiPoint"",""coordinates"":[]}",86.55726397410035,249.99428959563375,699.4653721340001,1261.4761530421674,2041.7052702978253,7.0
7,2017-09-21,-13.5,9.5,0.0025406881688466,0.4067641681901279,2188.0,890.0,861184,0.0670592669835599,-0.2930744365999294,0.0020247530284834,994_4,13.352198526263235,"{""type"":""MultiPoint"",""coordinates"":[]}",64.7952826693654,184.81874745339155,511.93458307534456,1107.0823413319886,1767.5755922682583,7.0
12,2017-09-21,-13.5,9.75,0.0,0.0,0.0,0.0,860256,,,0.0,994_5,14.89459164440632,"{""type"":""MultiPoint"",""coordinates"":[]}",63.317473977804184,150.39357542991638,405.36026330664754,966.1590666510165,1518.0097417905927,7.0
3,2017-09-21,-13.25,9.25,0.1956245035677478,0.0027334231518004,168287.15294117646,460.0,860256,-0.3690701934024971,-0.6317395039783382,0.0007406206545607899,994_6,19.26420256495476,"{""type"":""MultiPoint"",""coordinates"":[]}",86.32808737456799,265.04262490198016,638.2784536108375,1192.54089333117,1831.6661906428635,7.0
8,2017-09-21,-13.25,9.5,0.0662477905475507,0.0,57051.53725490197,0.0,861184,-0.403684041998626,-0.6678224848063953,0.0,994_7,20.45799046754837,"{""type"":""MultiPoint"",""coordinates"":[]}",92.98602351918817,239.94790902361274,570.1770237646997,1204.2394685558975,1901.3225547969341,7.0
13,2017-09-21,-13.25,9.75,0.0,0.0,0.0,0.0,860256,,,0.0,994_8,17.668805085122585,"{""type"":""MultiPoint"",""coordinates"":[]}",79.4291589409113,172.64501936733723,408.65688025951385,957.0783548988402,1505.7068960741162,7.0
4,2017-09-21,-13.0,9.25,0.2105173395776947,0.00011608389013135622,180903.6549019608,21.0,859329,-0.4283160469273495,-0.7025529091175909,3.0800614161459e-05,994_9,21.628442220389843,"{""type"":""MultiPoint"",""coordinates"":[]}",80.13802394270897,268.5834998264909,614.3610686995089,1200.7240778766572,1831.1103843152523,7.0
9,2017-09-21,-13.0,9.5,0.0124936544196966,0.0,10747.74117647059,0.0,860256,-0.4043350485621975,-0.6862747900744817,0.0,994_10,19.32048518210649,"{""type"":""MultiPoint"",""coordinates"":[]}",88.45866657793522,231.80397180840373,533.2759744487703,1130.5685895495117,1801.2740132398903,7.0
14,2017-09-21,-13.0,9.75,0.0,0.0,0.0,0.0,859329,,,0.0,994_11,16.53300318866968,"{""type"":""MultiPoint"",""coordinates"":[]}",59.53419581055641,140.48720989376307,369.4512820802629,844.1030448302627,1401.1201588436961,7.0
5,2017-09-21,-12.75,9.25,0.2135928262951944,0.0014809566092609,183744.5103773988,272.11764705882354,860256,-0.4277120124791616,-0.6574810169464125,0.0007777213134719846,994_12,16.04803465306759,"{""type"":""MultiPoint"",""coordinates"":[]}",61.40188593417406,224.46030657738447,471.57357167452574,966.0442336462438,1464.39592493698,6.0
10,2017-09-21,-12.75,9.5,0.0,0.0,0.0,0.0,861184,,,0.0,994_13,15.238938853144646,"{""type"":""MultiPoint"",""coordinates"":[]}",51.40683427453041,149.38089530915022,352.26338589563966,757.3127127252519,1248.4336392953992,6.0
15,2017-09-21,-12.75,9.75,0.0,0.0,0.0,0.0,860256,,,0.0,994_14,14.181957580149174,"{""type"":""MultiPoint"",""coordinates"":[]}",31.285074539482594,86.3158255815506,242.03204084187746,593.9486101269722,1030.2230608649552,6.0
1,2017-09-28,-13.75,9.25,0.0,0.0,0.0,0.0,859329,,,0.0,1001_0,3.052603453397751,"{""type"":""MultiPoint"",""coordinates"":[]}",288.44470204785466,447.0575670711696,823.6950729042292,1514.135466888547,2386.1946584656835,7.0
6,2017-09-28,-13.75,9.5,0.0048108744812284,1.0057262864042522,4138.583637723619,4162.282352941176,860256,0.6315636233237065,0.5457465838482235,0.0196805463361134,1001_1,3.0125128105282784,"{""type"":""MultiPoint"",""coordinates"":[]}",311.8067872710526,424.0077375434339,748.8174154423177,1465.5598001554608,2330.511695705354,7.0
11,2017-09-28,-13.75,9.75,0.144902135632228,0.1394711781461741,124518.60731070688,17366.756862745096,859329,-0.2845380008413751,-0.5073957003878481,0.0582686103632058,1001_2,2.516294829547405,"{""type"":""MultiPoint"",""coordinates"":[]}",316.17760192602873,402.77492068707943,613.5704964399338,1350.8520829491317,2085.5686515569687,7.0
2,2017-09-28,-13.5,9.25,0.0,0.0,0.0,0.0,860256,,,0.0,1001_3,2.074848860502243,"{""type"":""MultiPoint"",""coordinates"":[]}",239.89989515393972,351.17492312565446,701.1566343717277,1332.365338690579,2139.7256134077907,7.0
7,2017-09-28,-13.5,9.5,0.0,0.0,0.0,0.0,861184,,,0.0,1001_4,2.277165651321411,"{""type"":""MultiPoint"",""coordinates"":[]}",269.6431130170822,351.16379614919424,585.0641997531056,1203.1898885034025,1947.639414574951,7.0
12,2017-09-28,-13.5,9.75,0.0,0.0,0.0,0.0,860256,,,0.0,1001_5,4.867911338806152,"{""type"":""MultiPoint"",""coordinates"":[]}",282.2243827395141,370.8043680526316,526.4052436687052,1099.6055896393955,1731.9064638577402,7.0
3,2017-09-28,-13.25,9.25,0.0,0.0,0.0,0.0,860256,,,0.0,1001_6,5.2378224208951,"{""type"":""MultiPoint"",""coordinates"":[]}",221.46260226145387,333.97985296323895,678.0326408334076,1228.8993680849671,1936.2294860184193,7.0
8,2017-09-28,-13.25,9.5,0.0,0.0,0.0,0.0,861184,,,0.0,1001_7,4.981199279427528,"{""type"":""MultiPoint"",""coordinates"":[]}",266.77762949839234,385.7990950345993,661.784628406167,1274.3714516982436,2063.6674514971673,7.0
13,2017-09-28,-13.25,9.75,0.0,0.0,0.0,0.0,860256,,,0.0,1001_8,4.945132881402969,"{""type"":""MultiPoint"",""coordinates"":[]}",236.17401765659451,336.2138834781945,498.92370169982314,1021.9325860962272,1672.7889510802925,7.0
4,2017-09-28,-13.0,9.25,0.0,0.0,0.0,0.0,859329,,,0.0,1001_9,6.036565639078617,"{""type"":""MultiPoint"",""coordinates"":[]}",195.41896227747202,299.07036665827036,638.625034596771,1193.6092739924788,1898.4529469162226,7.0
9,2017-09-28,-13.0,9.5,0.0,0.0,0.0,0.0,860256,,,0.0,1001_10,4.818244837224484,"{""type"":""MultiPoint"",""coordinates"":[]}",213.13276048749685,321.40877563506365,572.9575217701495,1157.4546857737005,1896.8819282017648,7.0
14,2017-09-28,-13.0,9.75,0.0,0.0,0.0,0.0,859329,,,0.0,1001_11,2.5205137208104134,"{""type"":""MultiPoint"",""coordinates"":[]}",191.83760415762663,267.82639510929585,423.44351997599006,899.3173474445939,1511.7825660854578,7.0
5,2017-09-28,-12.75,9.25,0.0,0.0,0.0,0.0,860256,,,0.0,1001_12,5.644920282065868,"{""type"":""MultiPoint"",""coordinates"":[]}",148.91776628792286,233.50030556321144,491.83419207111,951.3820484280586,1515.1728065684438,7.0
10,2017-09-28,-12.75,9.5,0.0,0.0,0.0,0.0,861184,,,0.0,1001_13,2.7115894481539726,"{""type"":""MultiPoint"",""coordinates"":[]}",155.08613549172878,221.6146131977439,395.124068018049,790.9262306056917,1323.3794178813696,7.0
15,2017-09-28,-12.75,9.75,0.0,0.0,0.0,0.0,860256,,,0.0,1001_14,1.4859633520245552,"{""type"":""MultiPoint"",""coordinates"":[]}",141.8536975979805,184.5529554411769,295.38154043257236,639.6300476044416,1112.5289355404675,7.0
1,2017-10-14,-13.75,9.25,0.0,0.0,0.0,0.0,859329,,,0.0,1017_0,1.6357749700546265,"{""type"":""MultiPoint"",""coordinates"":[]}",33.59832800924778,84.36352573335171,504.8255599103868,1312.1961988508701,2034.168186597526,7.0
6,2017-10-14,-13.75,9.5,0.0,0.0,0.0,0.0,860256,,,0.0,1017_1,4.210006445646286,"{""type"":""MultiPoint"",""coordinates"":[]}",36.87939234077931,79.09651566296816,492.53885680809617,1240.2276629582047,1998.6126138828695,7.0
11,2017-10-14,-13.75,9.75,0.0562417109154301,0.1384024292993601,48330.13319924565,6689.007843137255,859329,-0.2500760392026703,-0.4704035067302394,0.0286201242350822,1017_2,10.072581470012665,"{""type"":""MultiPoint"",""coordinates"":[]}",41.59529786556956,86.59775089472532,476.513578556478,1083.2768436521292,1848.436358384788,7.0
2,2017-10-14,-13.5,9.25,0.0,0.0,0.0,0.0,860256,,,0.0,1017_3,2.9178382828831677,"{""type"":""MultiPoint"",""coordinates"":[]}",33.14867429435253,90.44575784355402,418.97776583209634,1161.7413996718824,1855.4794657975435,7.0
7,2017-10-14,-13.5,9.5,0.0,0.0,0.0,0.0,861184,,,0.0,1017_4,5.915996618568897,"{""type"":""MultiPoint"",""coordinates"":[]}",39.147667586803436,91.86874097213149,428.5843023099005,1018.7861672602594,1726.3821181841195,7.0
12,2017-10-14,-13.5,9.75,0.0,0.0,0.0,0.0,860256,,,0.0,1017_5,9.23801865428686,"{""type"":""MultiPoint"",""coordinates"":[]}",39.973389357328415,96.93110641092062,447.34087446704507,927.2789838723838,1595.1906703412533,6.0
3,2017-10-14,-13.25,9.25,0.0,0.0,0.0,0.0,860256,,,0.0,1017_6,4.649685695767403,"{""type"":""MultiPoint"",""coordinates"":[]}",56.08516372740269,151.06129739433527,464.0898094512522,1146.3677249848843,1768.2693623937666,7.0
8,2017-10-14,-13.25,9.5,0.0,0.0,0.0,0.0,861184,,,0.0,1017_7,11.805307120084764,"{""type"":""MultiPoint"",""coordinates"":[]}",74.78132098913193,179.55317301675677,544.2980253137648,1173.7148445099592,1888.4057337418199,7.0
13,2017-10-14,-13.25,9.75,0.0,0.0,0.0,0.0,860256,,,0.0,1017_8,9.171810001134872,"{""type"":""MultiPoint"",""coordinates"":[]}",60.35394873470068,144.73664201796055,465.2849514968693,928.4743047319353,1589.6021565422416,7.0
4,2017-10-14,-13.0,9.25,0.0,0.0,0.0,0.0,859329,,,0.0,1017_9,5.780315957963467,"{""type"":""MultiPoint"",""coordinates"":[]}",52.64871474355459,134.33511182665825,415.92866368591785,1073.3791873790324,1718.6179114505649,7.0
9,2017-10-14,-13.0,9.5,0.0,0.0,0.0,0.0,860256,,,0.0,1017_10,8.459235541522503,"{""type"":""MultiPoint"",""coordinates"":[]}",56.18758220225573,141.40175515785813,447.8114270605147,1031.5301129594445,1702.2844953462481,7.0
14,2017-10-14,-13.0,9.75,0.0,0.0,0.0,0.0,859329,,,0.0,1017_11,7.563842460513115,"{""type"":""MultiPoint"",""coordinates"":[]}",53.830165416002274,108.24885126203299,362.14116495102644,783.4567902609706,1374.8929090797901,6.0
5,2017-10-14,-12.75,9.25,0.0,0.0,0.0,0.0,860256,,,0.0,1017_12,8.627360686659813,"{""type"":""MultiPoint"",""coordinates"":[]}",32.09691308438778,92.27617224678397,308.24074475094676,828.6466579884291,1341.558817308396,6.0
10,2017-10-14,-12.75,9.5,0.0,0.0,0.0,0.0,861184,,,0.0,1017_13,4.528265446424484,"{""type"":""MultiPoint"",""coordinates"":[]}",28.651267290115356,87.11540792137384,296.319967135787,696.3846194557846,1166.7838264256716,6.0
15,2017-10-14,-12.75,9.75,0.0,0.0,0.0,0.0,860256,,,0.0,1017_14,4.055367782711983,"{""type"":""MultiPoint"",""coordinates"":[]}",26.794842444360256,63.727051950991154,238.3517874404788,528.2836183905602,988.9645725488663,6.0
1,2017-11-15,-13.75,9.25,0.0,0.0,0.0,0.0,859329,,,0.0,1049_0,1.9981758669018743,"{""type"":""MultiPoint"",""coordinates"":[]}",11.885644868016243,48.03547356277704,100.20242026075721,574.1651309654117,1324.876175262034,5.0
6,2017-11-15,-13.75,9.5,0.0015042699563016,1.0159565017208747,1294.0572555281951,1314.7058823529412,860256,0.3959059762262658,0.0768972003878682,0.005167717502781,1049_1,2.091147005558014,"{""type"":""MultiPoint"",""coordinates"":[]}",13.234291225671768,53.952883929014206,104.0384890511632,587.6703164540231,1240.3118908405304,4.0
11,2017-11-15,-13.75,9.75,0.1179030218161398,0.0921491635106495,101317.4858342416,9336.32156862745,859329,-0.2816479601853917,-0.4937562362152912,0.0335302277510013,1049_2,2.804463729262352,"{""type"":""MultiPoint"",""coordinates"":[]}",23.552068509161444,82.87581754848361,143.11007363721728,626.221186015755,1128.570958506316,6.0
2,2017-11-15,-13.5,9.25,0.0,0.0,0.0,0.0,860256,,,0.0,1049_3,3.094627521932125,"{""type"":""MultiPoint"",""coordinates"":[]}",12.623547576367857,44.6071494370699,85.89481934905052,496.0277103818953,1173.2589858584106,3.0
7,2017-11-15,-13.5,9.5,0.0,0.0,0.0,0.0,861184,,,0.0,1049_4,2.7571776881814003,"{""type"":""MultiPoint"",""coordinates"":[]}",20.162194967269894,55.88403530418873,103.54925878345966,532.3024415411055,1036.4724048413336,3.0
12,2017-11-15,-13.5,9.75,0.0,0.0,0.0,0.0,860256,,,0.0,1049_5,1.1980868875980375,"{""type"":""MultiPoint"",""coordinates"":[]}",20.713274367153645,69.16894437745214,128.3576530404389,586.2475046887994,984.0794750489295,3.0
3,2017-11-15,-13.25,9.25,0.0,0.0,0.0,0.0,860256,,,0.0,1049_6,2.651379443705082,"{""type"":""MultiPoint"",""coordinates"":[]}",32.63404034078121,73.61589558422565,148.72081018984318,607.8838133253157,1232.978141400963,5.0
8,2017-11-15,-13.25,9.5,0.0,0.0,0.0,0.0,861184,,,0.0,1049_7,3.2031750306487083,"{""type"":""MultiPoint"",""coordinates"":[]}",47.32188116759062,109.88288884982467,202.9410763643682,750.1177052035928,1313.8174153864384,4.0
13,2017-11-15,-13.25,9.75,0.0,0.0,0.0,0.0,860256,,,0.0,1049_8,0.5014184862375259,"{""type"":""MultiPoint"",""coordinates"":[]}",31.78855823352933,81.45043766126037,149.92072992026806,622.9438954032958,1020.0240476988256,3.0
4,2017-11-15,-13.0,9.25,0.0,0.0,0.0,0.0,859329,,,0.0,1049_9,2.210557460784912,"{""type"":""MultiPoint"",""coordinates"":[]}",21.57381922006607,71.30895555019379,141.28834288567305,555.3122255951166,1167.6571923308074,3.0
9,2017-11-15,-13.0,9.5,0.0,0.0,0.0,0.0,860256,,,0.0,1049_10,1.7383918166160583,"{""type"":""MultiPoint"",""coordinates"":[]}",19.41331196576357,74.52740799635649,141.03310368955138,588.513829279691,1119.2578012123704,3.0
14,2017-11-15,-13.0,9.75,0.0,0.0,0.0,0.0,859329,,,0.0,1049_11,0.2220040187239647,"{""type"":""MultiPoint"",""coordinates"":[]}",15.208982396870852,47.850963193923235,82.51704508438706,449.11363860592246,821.1215371266007,3.0
5,2017-11-15,-12.75,9.25,0.0,0.0,0.0,0.0,860256,,,0.0,1049_12,1.759273000061512,"{""type"":""MultiPoint"",""coordinates"":[]}",8.887805044651031,47.82791342586279,91.7330882512033,402.8611546382308,874.6619834564626,2.0
10,2017-11-15,-12.75,9.5,0.0,0.0,0.0,0.0,861184,,,0.0,1049_13,1.0021068155765531,"{""type"":""MultiPoint"",""coordinates"":[]}",7.173825055360794,32.2584705427289,66.84944359585643,365.05313171073794,718.7406299635768,2.0
15,2017-11-15,-12.75,9.75,0.0,0.0,0.0,0.0,860256,,,0.0,1049_14,0.1900801435112953,"{""type"":""MultiPoint"",""coordinates"":[]}",5.090856924653053,17.773001454770565,34.71902199089527,277.86563243716955,529.4962637126446,2.0
1,2017-12-17,-13.75,9.25,0.0,0.0,0.0,0.0,859329,,,0.0,1081_0,0.0794874504208564,"{""type"":""MultiPoint"",""coordinates"":[]}",0.4426576197147367,2.3341798223555084,37.28255024179816,128.67914652451873,595.2387102879584,0.0
6,2017-12-17,-13.75,9.5,0.0010311630926321,1.0203518627874162,887.0642374153231,905.1176470588236,860256,0.4918864032204757,0.0905093211241,0.0041598442355514,1081_1,0.039788894355297,"{""type"":""MultiPoint"",""coordinates"":[]}",0.16351602971553778,1.159023959189653,30.094499234110117,127.91158491745591,600.6705034524202,0.0
11,2017-12-17,-13.75,9.75,0.1284753923412895,0.1018246909714872,110402.630425248,11241.713725490195,859329,-0.2907352502077412,-0.4319851840875516,0.0411625514148936,1081_2,0.0,"{""type"":""MultiPoint"",""coordinates"":[]}",0.13131555169817927,0.5692359991371626,28.93176907673478,161.59655153751373,637.3135894536973,0.0
2,2017-12-17,-13.5,9.25,0.0,0.0,0.0,0.0,860256,,,0.0,1081_3,0.1071617007255554,"{""type"":""MultiPoint"",""coordinates"":[]}",0.8409190922975539,2.6450757868587966,31.76890453323722,108.81034983322024,515.5813712626696,0.0
7,2017-12-17,-13.5,9.5,0.0,0.0,0.0,0.0,861184,,,0.0,1081_4,0.0038733705878257,"{""type"":""MultiPoint"",""coordinates"":[]}",0.959876924753189,1.929427962750196,29.506514314562082,117.32671828940511,547.9076560586691,0.0
12,2017-12-17,-13.5,9.75,0.0,0.0,0.0,0.0,860256,,,0.0,1081_5,0.0,"{""type"":""MultiPoint"",""coordinates"":[]}",0.6525795906782149,0.8355076424777503,28.66663178429007,139.35952726751566,598.9528619684279,0.0
3,2017-12-17,-13.25,9.25,0.0,0.0,0.0,0.0,860256,,,0.0,1081_6,0.0089714303612709,"{""type"":""MultiPoint"",""coordinates"":[]}",1.5344023704528809,3.5125487484037876,45.12557713314891,168.66267984732985,629.0384093299508,1.0
8,2017-12-17,-13.25,9.5,0.0,0.0,0.0,0.0,861184,,,0.0,1081_7,0.0056764110922813,"{""type"":""MultiPoint"",""coordinates"":[]}",2.2511277347803116,4.291014280170202,47.50443575903773,214.1833258792758,773.6621513031423,1.0
13,2017-12-17,-13.25,9.75,0.0,0.0,0.0,0.0,860256,,,0.0,1081_8,0.0012228265404701,"{""type"":""MultiPoint"",""coordinates"":[]}",0.15708617866039268,0.335107091814279,27.274925727397203,153.89552898705006,627.4989303201437,0.0
4,2017-12-17,-13.0,9.25,0.0,0.0,0.0,0.0,859329,,,0.0,1081_9,0.0021262094378471,"{""type"":""MultiPoint"",""coordinates"":[]}",0.4264032468199729,1.8908199854195114,47.88856906816363,162.10226295515895,579.0753220207989,0.0
9,2017-12-17,-13.0,9.5,0.0,0.0,0.0,0.0,860256,,,0.0,1081_10,0.0013941898941993,"{""type"":""MultiPoint"",""coordinates"":[]}",0.42208563536405547,1.1233058758080001,43.53315057232976,154.0449927560985,606.7382236942649,0.0
14,2017-12-17,-13.0,9.75,0.0,0.0,0.0,0.0,859329,,,0.0,1081_11,0.000957399606704712,"{""type"":""MultiPoint"",""coordinates"":[]}",1.0404633358120918,1.133898273110389,18.74120905995369,89.49443651363254,450.6830130703747,0.0
5,2017-12-17,-12.75,9.25,0.0,0.0,0.0,0.0,860256,,,0.0,1081_12,0.0,"{""type"":""MultiPoint"",""coordinates"":[]}",0.12941192835569348,0.912545714527368,26.098656933754683,99.70155404880643,408.22175750508904,0.0
10,2017-12-17,-12.75,9.5,0.0,0.0,0.0,0.0,861184,,,0.0,1081_13,0.0,"{""type"":""MultiPoint"",""coordinates"":[]}",0.13858731836080537,0.4767887294292448,19.6943124756217,70.64229343086481,370.21163245663047,0.0
15,2017-12-17,-12.75,9.75,0.0,0.0,0.0,0.0,860256,,,0.0,1081_14,0.0004367902874946594,"{""type"":""MultiPoint"",""coordinates"":[]}",0.3802469000220299,0.44274143874645205,6.043473258614539,35.626511089503765,273.4579052776098,0.0
1,2018-01-18,-13.75,9.25,0.0,0.0,0.0,0.0,859329,,,0.0,1113_0,0.0,"{""type"":""MultiPoint"",""coordinates"":[]}",0.05491357296705223,0.056382268667220764,1.2175347656011577,34.43174110725522,126.42463902011514,0.0
6,2018-01-18,-13.75,9.5,0.0075609195742893,1.0045259531332682,6504.326429299865,6533.764705882353,860256,0.592319046651919,0.2788206369969036,0.0310069470749382,1113_1,0.0,"{""type"":""MultiPoint"",""coordinates"":[]}",0.14298409223556496,0.1485636457800862,1.0624947026371951,26.90763352438807,125.36982307210565,0.0
11,2018-01-18,-13.75,9.75,0.1643196723331787,0.1340964745653189,141204.65970639815,18935.04705882353,859329,-0.2563777835820989,-0.3822558632006174,0.0838281534587221,1113_2,0.0,"{""type"":""MultiPoint"",""coordinates"":[]}",0.0769458711147022,0.08041784167289706,0.529873184859752,25.34722862765193,156.18432965129614,0.0
2,2018-01-18,-13.5,9.25,0.0,0.0,0.0,0.0,860256,,,0.0,1113_3,0.0,"{""type"":""MultiPoint"",""coordinates"":[]}",0.05063228309154476,0.0682063400745388,1.9128872081637376,28.92575738951564,108.05568424984813,0.0
7,2018-01-18,-13.5,9.5,0.0,0.0,0.0,0.0,861184,,,0.0,1113_4,0.0,"{""type"":""MultiPoint"",""coordinates"":[]}",0.03037415444850903,0.03693625330924956,0.8460460230708116,27.372163254767656,115.77991815283895,0.0
12,2018-01-18,-13.5,9.75,0.0,0.0,0.0,0.0,860256,,,0.0,1113_5,0.0,"{""type"":""MultiPoint"",""coordinates"":[]}",0.04253443330526325,0.04761666059494002,0.2134051173925393,27.187429834157225,137.25636340677738,0.0
3,2018-01-18,-13.25,9.25,0.0,0.0,0.0,0.0,860256,,,0.0,1113_6,0.0,"{""type"":""MultiPoint"",""coordinates"":[]}",0.0040009617805480515,0.024180859327316083,1.1240821331739423,43.47182018682361,164.72972696647048,0.0
8,2018-01-18,-13.25,9.5,0.0,0.0,0.0,0.0,861184,,,0.0,1113_7,0.0,"{""type"":""MultiPoint"",""coordinates"":[]}",0.008701346814631994,0.011410564184188548,1.8046451732516287,48.19876188412309,212.49234676361084,0.0
13,2018-01-18,-13.25,9.75,0.0,0.0,0.0,0.0,860256,,,0.0,1113_8,0.0,"{""type"":""MultiPoint"",""coordinates"":[]}",0.019620172679424147,0.027738511562347176,0.0742301344871517,27.101281564682722,152.01991330832243,0.0
4,2018-01-18,-13.0,9.25,0.0,0.0,0.0,0.0,859329,,,0.0,1113_9,0.0,"{""type"":""MultiPoint"",""coordinates"":[]}",0.0013755634427069774,0.042092055082320994,2.138130366802215,48.15762536600232,161.55269229784605,0.0
9,2018-01-18,-13.0,9.5,0.0,0.0,0.0,0.0,860256,,,0.0,1113_10,0.0,"{""type"":""MultiPoint"",""coordinates"":[]}",0.003167428076267206,0.011068768799304837,0.5767233669757842,43.0949036963284,153.21815153583884,0.0
14,2018-01-18,-13.0,9.75,0.0,0.0,0.0,0.0,859329,,,0.0,1113_11,0.0,"{""type"":""MultiPoint"",""coordinates"":[]}",0.007323920726776057,0.010102987289428588,0.09836349636316284,18.738508224487305,88.88318063691258,0.0
5,2018-01-18,-12.75,9.25,0.0,0.0,0.0,0.0,860256,,,0.0,1113_12,0.0,"{""type"":""MultiPoint"",""coordinates"":[]}",0.03368966281414024,0.13104826211929305,1.6011456027626987,26.798376347869635,100.49512097612023,0.0
10,2018-01-18,-12.75,9.5,0.0,0.0,0.0,0.0,861184,,,0.0,1113_13,0.0,"{""type"":""MultiPoint"",""coordinates"":[]}",0.013107433915138234,0.020933337509632055,0.4393514245748517,19.52021662145853,70.49198541790247,0.0
15,2018-01-18,-12.75,9.75,0.0,0.0,0.0,0.0,860256,,,0.0,1113_14,0.0,"{""type"":""MultiPoint"",""coordinates"":[]}",0.005689449608325878,0.016233883798122198,0.06597861647605836,5.9870611876249304,35.27753800153732,0.0
1,2018-02-12,-13.75,9.25,0.504796429393982,0.9740511845616668,433786.2108747012,422529.9725490197,859329,0.6943305287492701,0.6360107559802366,1.9960507748984928,1138_0,0.0,"{""type"":""MultiPoint"",""coordinates"":[]}",8.381903171539307e-06,0.6721746176481245,0.7401425391435618,2.382131293416022,45.760410372167826,0.0
6,2018-02-12,-13.75,9.5,0.935445627139752,0.4936358691676962,804722.7134207346,397239.99607843126,860256,0.2163191838721761,0.0919332859578964,1.795207736760992,1138_1,0.0,"{""type"":""MultiPoint"",""coordinates"":[]}",0.06535090506076807,0.4293313249945638,0.619623810052871,1.7004786059260357,37.16905461624265,0.0
11,2018-02-12,-13.75,9.75,0.978285891750368,0.0906138498182695,840669.4370719519,76176.29411764708,859329,-0.2943238671082004,-0.4491562571913358,0.3155787631191418,1138_2,0.0,"{""type"":""MultiPoint"",""coordinates"":[]}",0.32506324350831034,0.8798679336905477,0.9591514244675631,1.5322742983698834,35.27408046647906,0.0
2,2018-02-12,-13.5,9.25,0.759841917554136,0.2189056666178814,653658.5686274508,143089.56470588234,860256,-0.166908693234799,-0.3256013819004136,0.6039718851659872,1138_3,0.0,"{""type"":""MultiPoint"",""coordinates"":[]}",8.381903171539307e-06,0.28823222965002043,0.3928197547793382,3.1259898096323004,39.8386768065393,0.0
7,2018-02-12,-13.5,9.5,0.9789612722876012,0.0235421304898985,843065.7843137254,19847.564705882352,861184,-0.3749800035813626,-0.471023889794766,0.0572038211146038,1138_4,0.0,"{""type"":""MultiPoint"",""coordinates"":[]}",0.07674098014831537,0.6589926779270171,0.6979657337069507,2.315545454621314,35.310269799083464,0.0
12,2018-02-12,-13.5,9.75,0.9791329953198732,0.0,842305.0340218927,0.0,860256,-0.4766522599541914,-0.5092747566327683,0.0,1138_5,0.0,"{""type"":""MultiPoint"",""coordinates"":[]}",0.37339515984058375,1.0525230318307877,1.105333678424358,1.9035981968045226,31.550987157970663,0.0
3,2018-02-12,-13.25,9.25,0.9585654079546512,0.0213133579594355,824611.6435854364,17575.2431372549,860256,-0.4190797779784346,-0.5240719499375475,0.0372034887161895,1138_6,0.0,"{""type"":""MultiPoint"",""coordinates"":[]}",0.01920387148857104,0.17697270959615674,0.1818584278225895,2.7196202427148815,51.041713450104,0.0
8,2018-02-12,-13.25,9.5,0.9792166753369004,0.0,843285.7333333332,0.0,861184,-0.4887997382669461,-0.5599392272463685,0.0,1138_7,0.0,"{""type"":""MultiPoint"",""coordinates"":[]}",0.06670039147138562,0.4265699535608287,0.4369392991065973,4.16190456598997,54.2154130525887,0.0
13,2018-02-12,-13.25,9.75,0.979388430223218,0.0,842524.7734301046,0.0,860256,-0.4846886956198599,-0.5209529775691504,0.0,1138_8,0.0,"{""type"":""MultiPoint"",""coordinates"":[]}",0.14905165880918494,0.69629680365324,0.7203696295619006,0.9246785193681709,28.69855100288987,0.0
4,2018-02-12,-13.0,9.25,0.9821274331250384,0.0,843970.5849799061,0.0,859329,-0.4774292913368609,-0.5794505333129645,0.0,1138_9,0.0,"{""type"":""MultiPoint"",""coordinates"":[]}",0.03056041896343224,0.7390687242150303,0.742046162486076,3.3012731000781055,53.493492770940065,0.0
9,2018-02-12,-13.0,9.5,0.980565393028468,0.0,843537.2627450977,0.0,860256,-0.481947419784254,-0.5593351211893638,0.0,1138_10,0.0,"{""type"":""MultiPoint"",""coordinates"":[]}",0.038792379200458436,1.567799597978592,1.5737572684884067,2.5562997907400122,47.49021353200078,0.0
14,2018-02-12,-13.0,9.75,0.980741642086394,0.0007143028899712212,842779.7345524589,602.0,859329,-0.4995088013178237,-0.5471829110896486,0.0007141842528936725,1138_11,0.0,"{""type"":""MultiPoint"",""coordinates"":[]}",0.26628095656633377,1.4315582811832426,1.4424184337258334,2.567025832831859,20.580551587045193,0.0
5,2018-02-12,-12.75,9.25,0.9811651461823004,2.3695188769329536e-06,844053.2039942009,2.0,860256,-0.4435633192700395,-0.4801525378584309,2.3684821895363933e-06,1138_12,0.0,"{""type"":""MultiPoint"",""coordinates"":[]}",0.00831112265586844,0.6661312654614446,0.719564966857433,2.4117305874824515,30.334539245814085,0.0
10,2018-02-12,-12.75,9.5,0.9795537885264508,0.0,843576.049818363,0.0,861184,-0.4369579707371652,-0.4492982626449489,0.0,1138_13,0.0,"{""type"":""MultiPoint"",""coordinates"":[]}",0.005231238901615044,1.015655696392059,1.0417634621262546,1.6018962487578385,22.21712190657854,0.0
15,2018-02-12,-12.75,9.75,0.9797961779557376,0.0,842875.5408634911,0.0,860256,-0.4420276250212969,-0.4511757761401638,0.0,1138_14,0.0,"{""type"":""MultiPoint"",""coordinates"":[]}",0.13113021850585935,0.7769418880343434,0.7872795686125751,1.2199673801660527,7.1478337049484235,0.0
1,2018-03-07,-13.75,9.25,0.0,0.0,0.0,0.0,859329,,,0.0,1161_0,2.7939677238464355e-06,"{""type"":""MultiPoint"",""coordinates"":[]}",0.11167209595441802,0.11213216930627806,0.1121405512094496,0.8537434041500083,2.589602023363112,0.0
6,2018-03-07,-13.75,9.5,0.0324062298057131,0.9960764589660156,27877.653627743584,27768.274509803927,860256,0.4062473183362648,0.3063698011190867,0.1228128745092633,1161_1,2.7939677238464355e-06,"{""type"":""MultiPoint"",""coordinates"":[]}",0.25576818734407425,0.2769818529486654,0.34316815435886355,0.9032739326357831,2.092118375003336,0.0
11,2018-03-07,-13.75,9.75,0.2248761305964002,0.167446552668093,193242.58042927404,32357.803921568637,859329,-0.2461286150871831,-0.3874876898594411,0.1259793417559202,1161_2,2.7939677238464355e-06,"{""type"":""MultiPoint"",""coordinates"":[]}",0.2620117738842677,0.34630578011274304,0.671369023621082,1.3098008930683127,1.9350424408912643,0.0
2,2018-03-07,-13.5,9.25,0.0,0.0,0.0,0.0,860256,,,0.0,1161_3,0.0007450580596923828,"{""type"":""MultiPoint"",""coordinates"":[]}",0.19596703350543965,0.1972932368516921,0.2026185393333433,0.6128307431936256,3.475289791822432,0.0
7,2018-03-07,-13.5,9.5,0.0,0.0,0.0,0.0,861184,,,0.0,1161_4,2.7939677238464355e-06,"{""type"":""MultiPoint"",""coordinates"":[]}",0.581350177526474,0.5853306502103804,0.6620716303586958,1.2898584827780717,3.098046407103537,0.0
12,2018-03-07,-13.5,9.75,0.0,0.0,0.0,0.0,860256,,,0.0,1161_5,2.7939677238464355e-06,"{""type"":""MultiPoint"",""coordinates"":[]}",0.4149209707975386,0.42244046926498396,0.7958356291055677,1.5328563749790185,2.3981910198926912,0.0
3,2018-03-07,-13.25,9.25,0.0,0.0,0.0,0.0,860256,,,0.0,1161_6,0.0786958262324333,"{""type"":""MultiPoint"",""coordinates"":[]}",1.5174383297562597,1.6524456441402433,1.7183069139719007,1.9011413678526872,4.573295824229716,1.0
8,2018-03-07,-13.25,9.5,0.0,0.0,0.0,0.0,861184,,,0.0,1161_7,0.2944236621260643,"{""type"":""MultiPoint"",""coordinates"":[]}",5.5503323674201965,6.154520437121391,6.394064053893088,6.767012178897857,10.888092219829558,2.0
13,2018-03-07,-13.25,9.75,0.0,0.0,0.0,0.0,860256,,,0.0,1161_8,0.0508986413478851,"{""type"":""MultiPoint"",""coordinates"":[]}",1.2351619079709053,1.7779460176825523,1.9469270482659338,2.5263633579015723,2.7910470962524405,0.0
4,2018-03-07,-13.0,9.25,0.0,0.0,0.0,0.0,859329,,,0.0,1161_9,0.2396022900938987,"{""type"":""MultiPoint"",""coordinates"":[]}",2.1884869784116745,2.8542531654238696,3.0606612563133235,3.8128634914755812,6.341958418488501,1.0
9,2018-03-07,-13.0,9.5,0.0,0.0,0.0,0.0,860256,,,0.0,1161_10,0.0352999195456504,"{""type"":""MultiPoint"",""coordinates"":[]}",4.719995893537998,5.416659638285637,5.664310418069363,7.207176648080348,8.212340995669365,2.0
14,2018-03-07,-13.0,9.75,0.0,0.0,0.0,0.0,859329,,,0.0,1161_11,0.0126343220472335,"{""type"":""MultiPoint"",""coordinates"":[]}",5.654609762132168,6.404382176697254,6.67586550116539,7.854782044887542,9.00516379624605,1.0
5,2018-03-07,-12.75,9.25,0.0,0.0,0.0,0.0,860256,,,0.0,1161_12,0.2122288569808006,"{""type"":""MultiPoint"",""coordinates"":[]}",2.711342647671699,2.982047386467457,3.2034646719694133,4.012503661215304,5.612837150692938,1.0
10,2018-03-07,-12.75,9.5,0.0,0.0,0.0,0.0,861184,,,0.0,1161_13,0.0053085386753082,"{""type"":""MultiPoint"",""coordinates"":[]}",1.9350554794073103,2.310652285814285,2.400809898972511,3.445168025791644,4.0106847882270795,1.0
15,2018-03-07,-12.75,9.75,0.0,0.0,0.0,0.0,860256,,,0.0,1161_14,2.7939677238464355e-06,"{""type"":""MultiPoint"",""coordinates"":[]}",2.09682434797287,2.5809528306126595,2.71338690072298,3.380080685019492,3.8168188184499727,1.0
1,2018-04-17,-13.75,9.25,0.3579550272485148,0.9694665756550052,307601.135610439,298209.0196078432,859329,0.6998856169744647,0.6474394386702541,1.4129318527251735,1202_0,0.0,"{""type"":""MultiPoint"",""coordinates"":[]}",0.4298100247979164,0.49010757356882073,0.75140967965126,1.7846385017037383,2.4795345962047564,0.0
6,2018-04-17,-13.75,9.5,0.9133258747407964,0.5263204172665614,785694.0637010186,413526.8274509804,860256,0.1907962558457968,0.0427469249073128,1.8905162548003336,1202_1,0.0,"{""type"":""MultiPoint"",""coordinates"":[]}",0.6536738947033881,0.7296297699213025,0.9376136586070054,2.6804599910974494,3.1895069405436502,0.0
11,2018-04-17,-13.75,9.75,0.979824747700536,0.1248066569539244,841991.820616754,105086.18431372548,859329,-0.2605577887033172,-0.4219577332312429,0.4466025433663422,1202_2,0.0,"{""type"":""MultiPoint"",""coordinates"":[]}",2.200237475335569,2.418788149952888,2.519291825592517,4.776429384946822,5.662749521434305,1.0
2,2018-04-17,-13.5,9.25,0.7875195837736946,0.259994309611259,677468.4470588234,176137.94117647057,860256,-0.119811528549198,-0.2758903902029956,0.7402597460549545,1202_3,0.0,"{""type"":""MultiPoint"",""coordinates"":[]}",0.533647835254669,0.9431745857000348,1.42823252826929,3.023917786777018,3.3739916980266553,0.0
7,2018-04-17,-13.5,9.5,0.9789612722876012,0.0533653841122113,843065.7843137255,44990.52941176471,861184,-0.3452807074120968,-0.4521167010942186,0.1241734747050069,1202_4,0.0,"{""type"":""MultiPoint"",""coordinates"":[]}",0.6776079535484312,0.8245594799518582,0.9748917073011393,3.022287040948867,3.6951350048184386,0.0
12,2018-04-17,-13.5,9.75,0.9791329953198727,0.00044914565600113766,842305.0340218926,378.3176470588235,860256,-0.4912776061436287,-0.521535207560113,0.0006045676502011685,1202_5,0.0,"{""type"":""MultiPoint"",""coordinates"":[]}",3.0789840966463085,3.6127902567386623,4.145232960581779,5.383066833019256,6.457203067839144,1.0
3,2018-04-17,-13.25,9.25,0.9631727768543829,0.0395113717427927,828575.1603256438,32738.141176470588,860256,-0.4124507510313875,-0.5370220115589067,0.0807171862320574,1202_6,0.0,"{""type"":""MultiPoint"",""coordinates"":[]}",3.40020190924406,3.886082209646701,5.815266631543635,9.183773770928383,9.361968375742434,1.0
8,2018-04-17,-13.25,9.5,0.9792166753369004,0.0,843285.7333333332,0.0,861184,-0.5002909453884137,-0.5756280648197125,0.0,1202_7,0.0,"{""type"":""MultiPoint"",""coordinates"":[]}",9.143746457993984,10.578370653092861,14.585605822503567,23.458238691091537,23.888153955340385,3.0
13,2018-04-17,-13.25,9.75,0.979388430223218,0.0,842524.7734301046,0.0,860256,-0.5085074815844888,-0.5514997596493086,0.0,1202_8,0.0,"{""type"":""MultiPoint"",""coordinates"":[]}",8.965494111180305,10.36500371992588,12.685819528996943,16.55969675630331,17.265368252992626,2.0
4,2018-04-17,-13.0,9.25,0.9821274331250384,0.0,843970.5849799062,0.0,859329,-0.5038553288793429,-0.6104903447207785,0.0,1202_9,0.0,"{""type"":""MultiPoint"",""coordinates"":[]}",8.618401363492012,13.019830919802189,21.28326054662466,27.76374388486147,28.504416346549984,2.0
9,2018-04-17,-13.0,9.5,0.980565393028468,0.0,843537.2627450977,0.0,860256,-0.5040550788154801,-0.5941427074189478,0.0,1202_10,0.0,"{""type"":""MultiPoint"",""coordinates"":[]}",16.673490405082703,25.687539018690586,41.074163280427456,52.11552046239376,53.6867817863822,3.0
14,2018-04-17,-13.0,9.75,0.9807416420863938,0.0002681602211519868,842779.7345524587,226.0,859329,-0.5206623184667669,-0.5902230019293703,0.0002681156829800166,1202_11,0.0,"{""type"":""MultiPoint"",""coordinates"":[]}",12.909913435578344,16.768926754593846,19.605321809649464,27.153111994266506,28.590552508831017,2.0
5,2018-04-17,-12.75,9.25,0.9811651461823,0.0,844053.2039942008,0.0,860256,-0.4939974923897859,-0.5585543890612281,0.0,1202_12,0.0,"{""type"":""MultiPoint"",""coordinates"":[]}",7.7347494661808005,12.43482530117035,20.430813543498516,26.89756453037262,27.583868242800236,2.0
10,2018-04-17,-12.75,9.5,0.9795537885264508,0.0,843576.049818363,0.0,861184,-0.4843026651702812,-0.5200226930595371,0.0,1202_13,0.0,"{""type"":""MultiPoint"",""coordinates"":[]}",10.964726097881794,15.86950197815895,23.950840346515175,28.835560195147988,29.86455243080854,2.0
15,2018-04-17,-12.75,9.75,0.9797961779557376,0.0,842875.5408634911,0.0,860256,-0.4893258349621255,-0.5226736762339685,0.0,1202_14,0.0,"{""type"":""MultiPoint"",""coordinates"":[]}",11.74524612724781,13.121703639626503,14.392491430044174,17.44203921407461,18.224969506263733,2.0
1,2018-05-26,-13.75,9.25,0.0,0.0,0.0,0.0,859329,,,0.0,1241_0,0.0814441591501236,"{""type"":""MultiPoint"",""coordinates"":[]}",1.9875327125191689,2.13381927460432,2.4876017123460765,3.7551578134298316,4.97930124402046,1.0
6,2018-05-26,-13.75,9.5,6.748489627359514e-06,1.3780205430513803,5.805428692873786,7.999999999999999,860256,0.3387001521154946,0.1701491578908816,2.847388769328285e-05,1241_1,0.0628465786576271,"{""type"":""MultiPoint"",""coordinates"":[]}",0.9745769202709196,1.0517220944166181,1.4932146295905109,2.8916457667946807,4.799150861799715,0.0
11,2018-05-26,-13.75,9.75,0.0063157066157094,0.019899508035816,5427.269850370998,108.0,859329,-0.3337383440665069,-0.4362007833840334,0.0002564526009594596,1241_2,0.0480376183986663,"{""type"":""MultiPoint"",""coordinates"":[]}",0.149653293192358,0.16210507601499535,0.23444462567567784,2.8499560430645934,5.1315566524863225,0.0
2,2018-05-26,-13.5,9.25,0.0,0.0,0.0,0.0,860256,,,0.0,1241_3,0.1860028132796287,"{""type"":""MultiPoint"",""coordinates"":[]}",4.744648933410644,5.02063613384962,5.977721884846686,7.817940786480902,9.86714195460081,2.0
7,2018-05-26,-13.5,9.5,0.0,0.0,0.0,0.0,861184,,,0.0,1241_4,0.0144224613904953,"{""type"":""MultiPoint"",""coordinates"":[]}",2.3119421675801277,2.358601428568363,2.494401298463344,4.077144898474216,6.246124394237993,1.0
12,2018-05-26,-13.5,9.75,0.0,0.0,0.0,0.0,860256,,,0.0,1241_5,0.0149318948388099,"{""type"":""MultiPoint"",""coordinates"":[]}",1.2681391090154646,1.2868978083133695,1.6277451068162914,5.733474157750606,7.4322624132037145,1.0
3,2018-05-26,-13.25,9.25,0.0,0.0,0.0,0.0,860256,,,0.0,1241_6,0.0694617629051208,"{""type"":""MultiPoint"",""coordinates"":[]}",6.53035007417202,7.069780491292477,7.241218350827694,12.311485596001148,17.15704333037138,2.0
8,2018-05-26,-13.25,9.5,0.0,0.0,0.0,0.0,861184,,,0.0,1241_7,0.2010632306337356,"{""type"":""MultiPoint"",""coordinates"":[]}",6.534304469823837,7.370522245764732,7.889461703598498,20.28007060289383,32.53292664885521,2.0
13,2018-05-26,-13.25,9.75,0.0,0.0,0.0,0.0,860256,,,0.0,1241_8,0.063108280301094,"{""type"":""MultiPoint"",""coordinates"":[]}",4.122165031731129,5.112706683576107,6.072534248232841,17.403935082256794,23.335436359047886,1.0
4,2018-05-26,-13.0,9.25,0.0,0.0,0.0,0.0,859329,,,0.0,1241_9,0.2759294584393501,"{""type"":""MultiPoint"",""coordinates"":[]}",10.818607173860073,13.887597247958183,16.01843722164631,35.27403902262449,46.19614593684673,2.0
9,2018-05-26,-13.0,9.5,0.0,0.0,0.0,0.0,860256,,,0.0,1241_10,0.6312737241387367,"{""type"":""MultiPoint"",""coordinates"":[]}",13.726171106100082,19.549360498785973,22.237157449126244,61.27373408526182,79.02350835502148,3.0
14,2018-05-26,-13.0,9.75,0.0,0.0,0.0,0.0,859329,,,0.0,1241_11,0.0612502917647361,"{""type"":""MultiPoint"",""coordinates"":[]}",7.3253922164440155,10.313772596418858,12.722241692245007,30.245841480791565,40.224502794444554,1.0
5,2018-05-26,-12.75,9.25,0.0,0.0,0.0,0.0,860256,,,0.0,1241_12,0.2575460821390152,"{""type"":""MultiPoint"",""coordinates"":[]}",8.675319142639637,11.564526706933975,13.948947191238403,33.35506562143564,43.28196495771408,3.0
10,2018-05-26,-12.75,9.5,0.0,0.0,0.0,0.0,861184,,,0.0,1241_13,0.4570344462990761,"{""type"":""MultiPoint"",""coordinates"":[]}",8.315712213516235,11.23677846044302,12.890977784991264,34.85261835157871,43.801888823509216,2.0
15,2018-05-26,-12.75,9.75,0.0,0.0,0.0,0.0,860256,,,0.0,1241_14,0.0404659658670425,"{""type"":""MultiPoint"",""coordinates"":[]}",6.971118040382862,8.534424938261509,9.723378345370293,23.43155164271593,27.230075560510155,1.0
1,2018-06-11,-13.75,9.25,0.0,0.0,0.0,0.0,859329,,,0.0,1257_0,1.5254290774464607,"{""type"":""MultiPoint"",""coordinates"":[]}",42.837655171751976,82.88783300668001,85.10309644043446,86.29254903644323,87.61743735522032,7.0
6,2018-06-11,-13.75,9.5,0.0154284185776137,1.0033061820427598,13272.389651903655,13316.270588235291,860256,0.3718372839504846,0.3522073061517091,0.0491797964050963,1257_1,1.0874699801206589,"{""type"":""MultiPoint"",""coordinates"":[]}",47.54252266138792,82.62625429779291,83.74082297086716,84.92998220026493,86.9597215205431,7.0
11,2018-06-11,-13.75,9.75,0.0214537181384611,0.1362783121116784,18435.80215420571,2512.4,859329,-0.2542813572818478,-0.3836503899118916,0.008115826211943,1257_2,0.7250681519508362,"{""type"":""MultiPoint"",""coordinates"":[]}",48.24647679924962,80.26283653452992,80.47297922894359,80.7066005654633,84.85246496275067,7.0
2,2018-06-11,-13.5,9.25,0.0,0.0,0.0,0.0,860256,,,0.0,1257_3,2.917579375207424,"{""type"":""MultiPoint"",""coordinates"":[]}",49.91988744586706,92.2316275537014,97.43826650083065,99.55192543566227,101.80001147091389,7.0
7,2018-06-11,-13.5,9.5,0.0,0.0,0.0,0.0,861184,,,0.0,1257_4,2.896101213991642,"{""type"":""MultiPoint"",""coordinates"":[]}",59.86933689564466,92.07693673670292,94.44996062666178,95.53891979157925,97.39281423389912,7.0
12,2018-06-11,-13.5,9.75,0.0,0.0,0.0,0.0,860256,,,0.0,1257_5,1.257830299437046,"{""type"":""MultiPoint"",""coordinates"":[]}",50.40666926652193,85.21867450326681,86.52050420641899,87.78479881584644,91.93500224500895,7.0
3,2018-06-11,-13.25,9.25,0.0,0.0,0.0,0.0,860256,,,0.0,1257_6,5.306982435286045,"{""type"":""MultiPoint"",""coordinates"":[]}",89.87763337790966,159.97154731303453,167.11078956723213,168.82964689284563,175.13442412018776,7.0
8,2018-06-11,-13.25,9.5,0.0,0.0,0.0,0.0,861184,,,0.0,1257_7,2.2442247718572617,"{""type"":""MultiPoint"",""coordinates"":[]}",123.0422155931592,205.5018926039338,213.07347808033228,216.52683801949024,231.18659388273954,7.0
13,2018-06-11,-13.25,9.75,0.0,0.0,0.0,0.0,860256,,,0.0,1257_8,0.621037557721138,"{""type"":""MultiPoint"",""coordinates"":[]}",80.4188228212297,136.60472864285111,141.78054360672832,143.92523327842355,157.12465113028884,7.0
4,2018-06-11,-13.0,9.25,0.0,0.0,0.0,0.0,859329,,,0.0,1257_9,9.490781463682652,"{""type"":""MultiPoint"",""coordinates"":[]}",94.29727122187614,170.46766448765993,184.63119119405746,190.5153812840581,213.3662011474371,7.0
9,2018-06-11,-13.0,9.5,0.0,0.0,0.0,0.0,860256,,,0.0,1257_10,4.887772724032402,"{""type"":""MultiPoint"",""coordinates"":[]}",103.27644227072597,188.22841020300984,208.40904442593455,217.6209851168096,261.4050065167248,7.0
14,2018-06-11,-13.0,9.75,0.0,0.0,0.0,0.0,859329,,,0.0,1257_11,0.4531359300017357,"{""type"":""MultiPoint"",""coordinates"":[]}",87.91823917999864,143.45443667843938,153.82945956662297,156.74538491293788,177.06506745889783,7.0
5,2018-06-11,-12.75,9.25,0.0,0.0,0.0,0.0,860256,,,0.0,1257_12,9.657072369009256,"{""type"":""MultiPoint"",""coordinates"":[]}",61.52067892253399,117.69713927060366,129.51921205967665,135.5468649417162,157.47558418661356,7.0
10,2018-06-11,-12.75,9.5,0.0,0.0,0.0,0.0,861184,,,0.0,1257_13,2.803348004817962,"{""type"":""MultiPoint"",""coordinates"":[]}",60.93625910580158,113.11502568423748,124.80883859097958,129.29178681224585,154.56832852214575,7.0
15,2018-06-11,-12.75,9.75,0.0,0.0,0.0,0.0,860256,,,0.0,1257_14,0.4246588796377182,"{""type"":""MultiPoint"",""coordinates"":[]}",57.01740877702832,92.27914782240987,100.85403872653842,102.15637227520347,116.96053901687264,7.0
1,2018-07-29,-13.75,9.25,0.0,0.0,0.0,0.0,859329,,,0.0,1305_0,17.742157448083162,"{""type"":""MultiPoint"",""coordinates"":[]}",328.34950275719166,634.1209430247545,1001.8662298098207,1279.6462685801089,1308.8756301440299,7.0
6,2018-07-29,-13.75,9.5,0.031116888458923,0.9934648141544368,26768.48999811928,26593.552941176476,860256,0.493597563552952,0.4190273686628052,0.1200053445301096,1305_1,11.068882420659063,"{""type"":""MultiPoint"",""coordinates"":[]}",335.9218826517463,656.9495899602771,1082.2057840414345,1387.4459438957274,1408.7883825413883,7.0
11,2018-07-29,-13.75,9.75,0.1451906490701905,0.2708719987284079,124766.5352748378,33795.76078431373,859329,-0.0716712416322747,-0.3866780593094751,0.142102416208594,1305_2,10.492628440260887,"{""type"":""MultiPoint"",""coordinates"":[]}",227.7985159307718,543.790124822408,955.1599053665996,1284.9429808557034,1294.2793611437082,7.0
2,2018-07-29,-13.5,9.25,0.0,0.0,0.0,0.0,860256,,,0.0,1305_3,8.85574147105217,"{""type"":""MultiPoint"",""coordinates"":[]}",281.55986266210675,614.7148185409606,1063.7420709244907,1344.9494861997664,1376.7166775651276,7.0
7,2018-07-29,-13.5,9.5,0.0,0.0,0.0,0.0,861184,,,0.0,1305_4,7.731260731816292,"{""type"":""MultiPoint"",""coordinates"":[]}",290.340350009501,618.6438505537808,1134.2340456321836,1457.9465547576547,1472.865542396903,7.0
12,2018-07-29,-13.5,9.75,0.0,0.0,0.0,0.0,860256,,,0.0,1305_5,7.116924040019512,"{""type"":""MultiPoint"",""coordinates"":[]}",187.20108084380627,470.2293677255511,884.1506433673203,1183.3378379233181,1195.6414892338216,7.0
3,2018-07-29,-13.25,9.25,0.0,0.0,0.0,0.0,860256,,,0.0,1305_6,8.402415551245213,"{""type"":""MultiPoint"",""coordinates"":[]}",146.81089762598276,540.4850295744836,1085.6677507981658,1512.8717115148902,1555.404407903552,7.0
8,2018-07-29,-13.25,9.5,0.0,0.0,0.0,0.0,861184,,,0.0,1305_7,10.806381702423096,"{""type"":""MultiPoint"",""coordinates"":[]}",175.89228181168437,617.19511449337,1296.830717008561,1801.448626909405,1830.7323758490384,7.0
13,2018-07-29,-13.25,9.75,0.0,0.0,0.0,0.0,860256,,,0.0,1305_8,9.529383853077888,"{""type"":""MultiPoint"",""coordinates"":[]}",133.15890729427338,491.7087801732123,965.9439027309418,1299.1366004571319,1318.0699357762933,7.0
4,2018-07-29,-13.0,9.25,0.0,0.0,0.0,0.0,859329,,,0.0,1305_9,11.770221404731274,"{""type"":""MultiPoint"",""coordinates"":[]}",118.03614627569915,567.0389458537102,1130.6050810962915,1610.8522904105484,1663.030641619116,7.0
9,2018-07-29,-13.0,9.5,0.0,0.0,0.0,0.0,860256,,,0.0,1305_10,14.688619412481785,"{""type"":""MultiPoint"",""coordinates"":[]}",119.10870764404535,620.8605426363647,1247.9309672489762,1731.5945476293564,1781.5324757248163,7.0
14,2018-07-29,-13.0,9.75,0.0,0.0,0.0,0.0,859329,,,0.0,1305_11,6.793113425374031,"{""type"":""MultiPoint"",""coordinates"":[]}",109.78503478690982,542.9727914743125,1041.675461921841,1403.3211143687367,1431.1689548194408,7.0
5,2018-07-29,-12.75,9.25,0.0,0.0,0.0,0.0,860256,,,0.0,1305_12,16.900316812098026,"{""type"":""MultiPoint"",""coordinates"":[]}",87.85504754632711,448.88639403507113,941.117440816015,1347.0646203495562,1386.8359769694507,7.0
10,2018-07-29,-12.75,9.5,0.0,0.0,0.0,0.0,861184,,,0.0,1305_13,16.919677145779133,"{""type"":""MultiPoint"",""coordinates"":[]}",93.61206740140915,518.6464739963412,1053.8593125529587,1395.80941433087,1428.8766807876527,7.0
15,2018-07-29,-12.75,9.75,0.0,0.0,0.0,0.0,860256,,,0.0,1305_14,7.41302128881216,"{""type"":""MultiPoint"",""coordinates"":[]}",85.27619484812021,449.8587967827916,913.6456861160696,1173.3669256791472,1193.1938268244267,7.0
1,2018-08-23,-13.75,9.25,0.0036266508805239,0.9958286355674566,3116.486274509804,3103.486274509804,859329,0.7675052115602886,0.7228667613684067,0.0146369591373066,1330_0,9.040948934853075,"{""type"":""MultiPoint"",""coordinates"":[]}",72.95949291437864,339.38844967633486,919.680449180305,1918.185078073293,2080.33797936514,7.0
6,2018-08-23,-13.75,9.5,0.3166138016692641,0.2429783124752605,272368.9225687945,66179.74117647059,860256,-0.0686984356948388,-0.2320335859537237,0.269658608182691,1330_1,10.543626733124256,"{""type"":""MultiPoint"",""coordinates"":[]}",109.52075850218534,420.15398759394884,1002.9159472323954,2096.531193703413,2265.554784797132,7.0
11,2018-08-23,-13.75,9.75,0.373024742663898,0.0884901123606311,320550.9790886249,28365.592156862745,859329,-0.301044117577644,-0.5630412658087923,0.109519265864295,1330_2,9.437307715415956,"{""type"":""MultiPoint"",""coordinates"":[]}",182.4075463227927,526.316286996007,1012.2660985216498,2017.011242453009,2177.7731757611036,7.0
2,2018-08-23,-13.5,9.25,0.0428139995536212,0.0618500719502592,36831.0,2278.0,860256,-0.2813487492482617,-0.5449726875417543,0.0089928893987207,1330_3,9.83131304383278,"{""type"":""MultiPoint"",""coordinates"":[]}",80.89393563568592,340.8685186877847,877.1698037162423,1969.7240316309035,2136.262754444033,7.0
7,2018-08-23,-13.5,9.5,0.0779252203259425,0.0185389324125576,67107.95294117647,1244.1098039215683,861184,-0.3707483361154401,-0.6067842205408868,0.0041417417825301,1330_4,13.910875655710695,"{""type"":""MultiPoint"",""coordinates"":[]}",101.1099349707365,384.66067193076015,876.7278813757002,2065.3359624557197,2231.396436225623,7.0
12,2018-08-23,-13.5,9.75,0.3441507083275195,3.37771981723644e-05,296057.7117429986,10.0,860256,-0.520667510431708,-0.720612591220225,2.255328363380964e-05,1330_5,14.327730052173138,"{""type"":""MultiPoint"",""coordinates"":[]}",160.2509580552578,449.8806647025049,830.1923773251474,1754.7454903833568,1917.5020945258439,7.0
3,2018-08-23,-13.25,9.25,0.1596627528763387,0.0075500083683883,137350.84113838762,1037.0,860256,-0.4647017459460367,-0.7012361193202761,0.0039803916458715,1330_6,14.052651822566986,"{""type"":""MultiPoint"",""coordinates"":[]}",68.39596852660179,307.75270285084844,696.4400839060545,1905.219679698348,2170.91606836766,7.0
8,2018-08-23,-13.25,9.5,0.2026329186921498,0.00012607144435042398,174504.22745098037,22.0,861184,-0.5117711006356964,-0.7199684675176191,5.099102036273036e-05,1330_7,22.86865934729576,"{""type"":""MultiPoint"",""coordinates"":[]}",102.84016840159893,385.04535192623734,796.7172344215214,2177.9277003370225,2520.7482194527984,7.0
13,2018-08-23,-13.25,9.75,0.5262417572361152,0.002365791429351,452702.6291129115,1071.0,860256,-0.5372713974362969,-0.7212245292279904,0.0043148617309683,1330_8,18.96946970373392,"{""type"":""MultiPoint"",""coordinates"":[]}",123.54201963171363,392.22200121730566,673.8867894746363,1678.5398731008172,1913.8343404047191,7.0
4,2018-08-23,-13.0,9.25,0.0614922061680967,0.0008373458357068551,52842.03603422444,44.24705882352941,859329,-0.4908412845312942,-0.7324939488482348,0.00012200388071014124,1330_9,18.899939954280853,"{""type"":""MultiPoint"",""coordinates"":[]}",86.40279527753592,340.2891056612134,683.4086938761175,1954.0924718603492,2261.8652852252126,7.0
9,2018-08-23,-13.0,9.5,0.199256969927055,0.0,171412.00392156863,0.0,860256,-0.5223584712233786,-0.7313213423527173,0.0,1330_10,30.664493329823017,"{""type"":""MultiPoint"",""coordinates"":[]}",112.18089144676924,395.51212964579463,742.5642870366573,2092.292431741953,2437.242329120636,7.0
14,2018-08-23,-13.0,9.75,0.4590946186388683,0.0007072004573257143,394513.3195403201,279.0,859329,-0.5353418344839899,-0.7267116183535097,0.0006631710919726959,1330_11,26.915590278804306,"{""type"":""MultiPoint"",""coordinates"":[]}",124.45759447291492,395.98411275073886,684.5944351516664,1775.9534614160657,2046.2336177006364,7.0
5,2018-08-23,-12.75,9.25,0.4349198007113254,0.0023584709908562,374142.36808072194,882.4039215686274,860256,-0.5180264026268735,-0.7276118456123342,0.003663127062916,1330_12,18.11542920768261,"{""type"":""MultiPoint"",""coordinates"":[]}",81.28445595502853,285.13888735324144,560.3217580355704,1639.1774560324848,1884.13480296731,7.0
10,2018-08-23,-12.75,9.5,0.3589290006018388,0.0051309606125885,309103.912454294,1586.0,861184,-0.5058425526440917,-0.7247213726537602,0.005638642421584,1330_13,29.4250650331378,"{""type"":""MultiPoint"",""coordinates"":[]}",91.6036618873477,310.218479949981,597.2603517584503,1741.27791589126,1963.4480299428105,7.0
15,2018-08-23,-12.75,9.75,0.6973568457841797,0.0011005460487708,599905.4107269152,660.2235294117647,860256,-0.5222678935509918,-0.7346120866324651,0.0017331413778358,1330_14,25.70982836186886,"{""type"":""MultiPoint"",""coordinates"":[]}",93.0557232350111,309.72601333633065,588.5890433564782,1545.5470909364522,1731.9017685949802,7.0
1,2018-09-15,-13.75,9.25,0.0,0.0,0.0,0.0,859329,,,0.0,1353_0,1.4570020139217377,"{""type"":""MultiPoint"",""coordinates"":[]}",112.74460610002279,340.26575507596135,594.6728903800249,1873.543569818139,2461.8097762577236,7.0
6,2018-09-15,-13.75,9.5,4.882267604062047e-05,1.0,42.0,42.0,860256,0.3121735907736279,0.3121735902974875,0.00013050531859421308,1353_1,1.0234508663415909,"{""type"":""MultiPoint"",""coordinates"":[]}",102.01709438115358,344.364769756794,650.468478910625,1999.9827169813216,2659.2362197116017,7.0
11,2018-09-15,-13.75,9.75,0.0,0.0,0.0,0.0,859329,,,0.0,1353_2,1.7392951995134354,"{""type"":""MultiPoint"",""coordinates"":[]}",119.20093465596435,404.2533081956208,757.2802738286555,1960.5197366327047,2613.930127117783,7.0
2,2018-09-15,-13.5,9.25,0.0,0.0,0.0,0.0,860256,,,0.0,1353_3,1.550169661641121,"{""type"":""MultiPoint"",""coordinates"":[]}",84.59003549069166,312.4190988019109,625.8067335002124,1859.8510241135955,2536.6770066320896,7.0
7,2018-09-15,-13.5,9.5,0.0,0.0,0.0,0.0,861184,,,0.0,1353_4,1.487952657043934,"{""type"":""MultiPoint"",""coordinates"":[]}",83.48241727799177,314.7089658305049,623.9348114468157,1854.3179570697248,2607.1686325594783,7.0
12,2018-09-15,-13.5,9.75,0.0,0.0,0.0,0.0,860256,,,0.0,1353_5,2.069748006761074,"{""type"":""MultiPoint"",""coordinates"":[]}",106.90281167626381,406.18948452174664,750.1105866394937,1752.6600388810039,2362.8867473453283,7.0
3,2018-09-15,-13.25,9.25,0.0,0.0,0.0,0.0,860256,,,0.0,1353_6,2.4586310610175133,"{""type"":""MultiPoint"",""coordinates"":[]}",79.71690176054835,268.2878994382918,550.3554190509021,1570.2665983699262,2415.1643444783986,7.0
8,2018-09-15,-13.25,9.5,0.0,0.0,0.0,0.0,861184,,,0.0,1353_7,1.6016541048884392,"{""type"":""MultiPoint"",""coordinates"":[]}",117.9415131919086,343.708329834044,654.352858196944,1785.1643352769315,2760.997012257576,7.0
13,2018-09-15,-13.25,9.75,0.0,0.0,0.0,0.0,860256,,,0.0,1353_8,2.174953930079937,"{""type"":""MultiPoint"",""coordinates"":[]}",97.75510709732771,397.35422655940056,674.2229224182665,1598.7066347151995,2245.9018593654037,7.0
4,2018-09-15,-13.0,9.25,0.0,0.0,0.0,0.0,859329,,,0.0,1353_9,2.520381473004818,"{""type"":""MultiPoint"",""coordinates"":[]}",116.50968203321099,331.70063607394695,635.8147501014173,1636.502806097269,2536.124730017036,7.0
9,2018-09-15,-13.0,9.5,0.0,0.0,0.0,0.0,860256,,,0.0,1353_10,2.5737062096595764,"{""type"":""MultiPoint"",""coordinates"":[]}",125.1553320325911,377.7582007460296,687.8089876845479,1774.127566255629,2700.8005417883396,7.0
14,2018-09-15,-13.0,9.75,0.0,0.0,0.0,0.0,859329,,,0.0,1353_11,2.050924114882946,"{""type"":""MultiPoint"",""coordinates"":[]}",93.48381776362658,384.1482806019485,676.1883441358805,1681.4933279529214,2345.9034985862672,7.0
5,2018-09-15,-12.75,9.25,0.0,0.0,0.0,0.0,860256,,,0.0,1353_12,3.67271900177002,"{""type"":""MultiPoint"",""coordinates"":[]}",87.82286522909999,282.6362275518477,529.9754273146391,1337.6808809116483,2116.325422655791,7.0
10,2018-09-15,-12.75,9.5,0.0,0.0,0.0,0.0,861184,,,0.0,1353_13,2.2988365963101387,"{""type"":""MultiPoint"",""coordinates"":[]}",82.44150737300515,305.2841816097498,564.9705547839403,1458.5989001207054,2234.0148012153804,7.0
15,2018-09-15,-12.75,9.75,0.0,0.0,0.0,0.0,860256,,,0.0,1353_14,1.3036765158176422,"{""type"":""MultiPoint"",""coordinates"":[]}",68.6600785702467,326.43271889537573,589.3362276256084,1454.7623535618186,2052.600187715143,7.0
1,2018-09-24,-13.75,9.25,0.0,0.0,0.0,0.0,859329,,,0.0,1362_0,40.06922524422407,"{""type"":""MultiPoint"",""coordinates"":[]}",65.93228876590729,163.22142258286476,574.7897438704967,1489.7865457460284,2459.66513780877,7.0
6,2018-09-24,-13.75,9.5,0.0,0.0,0.0,0.0,860256,,,0.0,1362_1,29.229256324470043,"{""type"":""MultiPoint"",""coordinates"":[]}",63.57157975435257,152.8746522963047,590.8008934929967,1592.7233449183404,2657.010640949011,7.0
11,2018-09-24,-13.75,9.75,0.0,0.0,0.0,0.0,859329,,,0.0,1362_2,31.13083634525537,"{""type"":""MultiPoint"",""coordinates"":[]}",72.30916153639552,185.64250320196152,638.2277412340045,1642.5378816202283,2615.1307416148484,7.0
2,2018-09-24,-13.5,9.25,0.0,0.0,0.0,0.0,860256,,,0.0,1362_3,30.44214379042387,"{""type"":""MultiPoint"",""coordinates"":[]}",56.06811586767435,127.69544031471014,587.6218569464982,1462.4338527210057,2531.8679502233863,7.0
7,2018-09-24,-13.5,9.5,0.0,0.0,0.0,0.0,861184,,,0.0,1362_4,25.069481693208218,"{""type"":""MultiPoint"",""coordinates"":[]}",69.79186553508043,143.81701778620481,577.4284559302032,1458.5155546665192,2614.9466736242175,7.0
12,2018-09-24,-13.5,9.75,0.0,0.0,0.0,0.0,860256,,,0.0,1362_5,24.62475374341011,"{""type"":""MultiPoint"",""coordinates"":[]}",73.57134437188506,175.60600535944104,648.3420077711344,1483.7219868786633,2385.686753783375,7.0
3,2018-09-24,-13.25,9.25,0.0,0.0,0.0,0.0,860256,,,0.0,1362_6,31.793808564543724,"{""type"":""MultiPoint"",""coordinates"":[]}",104.94554042816162,178.29047748818994,572.800952475518,1269.555318634957,2431.393824517727,7.0
8,2018-09-24,-13.25,9.5,0.0,0.0,0.0,0.0,861184,,,0.0,1362_7,25.929849594831467,"{""type"":""MultiPoint"",""coordinates"":[]}",151.83524135500193,259.8230908624828,680.7367703877389,1481.230097822845,2820.6518376246095,7.0
13,2018-09-24,-13.25,9.75,0.0,0.0,0.0,0.0,860256,,,0.0,1362_8,19.07621882855892,"{""type"":""MultiPoint"",""coordinates"":[]}",94.87850358709693,193.18683445453644,631.5812589600682,1314.3424042500556,2289.9340512230992,7.0
4,2018-09-24,-13.0,9.25,0.0,0.0,0.0,0.0,859329,,,0.0,1362_9,32.298377715051174,"{""type"":""MultiPoint"",""coordinates"":[]}",100.56691523641348,200.9858163073659,632.1460348553956,1320.7113686949015,2530.1153445616364,7.0
9,2018-09-24,-13.0,9.5,0.0,0.0,0.0,0.0,860256,,,0.0,1362_10,26.16866398602724,"{""type"":""MultiPoint"",""coordinates"":[]}",111.1724590882659,225.63943592831492,659.347603097558,1422.8754937648773,2715.8300606533885,7.0
14,2018-09-24,-13.0,9.75,0.0,0.0,0.0,0.0,859329,,,0.0,1362_11,19.56962142139673,"{""type"":""MultiPoint"",""coordinates"":[]}",86.5896763280034,177.34989803284407,613.2320719771087,1314.008063171059,2357.7509284950793,7.0
5,2018-09-24,-12.75,9.25,0.0,0.0,0.0,0.0,860256,,,0.0,1362_12,31.815688125789165,"{""type"":""MultiPoint"",""coordinates"":[]}",66.86813291162252,142.10087666288018,499.8308885842562,1063.8773771934211,2062.9213685169816,7.0
10,2018-09-24,-12.75,9.5,0.0,0.0,0.0,0.0,861184,,,0.0,1362_13,22.56242837756872,"{""type"":""MultiPoint"",""coordinates"":[]}",57.72210285067558,127.57447315379977,503.1475843861699,1126.0532760061324,2197.831873316318,7.0
15,2018-09-24,-12.75,9.75,0.0,0.0,0.0,0.0,860256,,,0.0,1362_14,16.838927753269672,"{""type"":""MultiPoint"",""coordinates"":[]}",39.864554069936275,97.39445801824331,509.01292357593775,1119.231792166829,2026.9275843165815,6.0
1,2018-10-17,-13.75,9.25,0.0,0.0,0.0,0.0,859329,,,0.0,1385_0,8.191111497581005,"{""type"":""MultiPoint"",""coordinates"":[]}",33.9371245354414,98.00706338137388,268.80792155861855,859.4576697796583,2045.185673981905,7.0
6,2018-10-17,-13.75,9.5,0.0031089843375061,1.0072928985429876,2674.522430245666,2694.027450980392,860256,0.3855185530363849,0.3382724782326199,0.0102167333230917,1385_1,5.935437045991421,"{""type"":""MultiPoint"",""coordinates"":[]}",37.020349875092506,116.0782612860203,277.1104509010911,921.6106925159693,2161.5455406717956,7.0
11,2018-10-17,-13.75,9.75,0.0370041084729433,0.0206483939272684,31798.70352994596,656.592156862745,859329,-0.4121027481144463,-0.643942243609437,0.0013743447602289,1385_2,4.531768150627613,"{""type"":""MultiPoint"",""coordinates"":[]}",54.2050218209624,145.48155246302485,327.92954752221704,1076.729723252356,2144.967478234321,7.0
2,2018-10-17,-13.5,9.25,0.0,0.0,0.0,0.0,860256,,,0.0,1385_3,11.177051812410356,"{""type"":""MultiPoint"",""coordinates"":[]}",31.948614865541458,90.51584359258413,227.37319022417068,850.3738013096154,1978.349534329027,7.0
7,2018-10-17,-13.5,9.5,0.0,0.0,0.0,0.0,861184,,,0.0,1385_4,7.292644120752811,"{""type"":""MultiPoint"",""coordinates"":[]}",40.82392808049917,123.15947283059359,278.2521964982152,899.4832099415362,1996.4242987334728,7.0
12,2018-10-17,-13.5,9.75,0.0,0.0,0.0,0.0,860256,,,0.0,1385_5,5.879970267415047,"{""type"":""MultiPoint"",""coordinates"":[]}",54.14649099111557,149.23840947449207,313.8141124509275,1056.4272133633494,1912.666579708457,7.0
3,2018-10-17,-13.25,9.25,0.0,0.0,0.0,0.0,860256,,,0.0,1385_6,18.903975374996666,"{""type"":""MultiPoint"",""coordinates"":[]}",56.072562001645565,173.88712847605348,406.6649409942329,955.7095868512988,1837.4315281398594,7.0
8,2018-10-17,-13.25,9.5,0.0,0.0,0.0,0.0,861184,,,0.0,1385_7,12.322118505835531,"{""type"":""MultiPoint"",""coordinates"":[]}",68.20527790114284,217.50083891674876,507.4197589419782,1159.2092644423246,2149.5546102523804,7.0
13,2018-10-17,-13.25,9.75,0.0,0.0,0.0,0.0,860256,,,0.0,1385_8,2.908618189394474,"{""type"":""MultiPoint"",""coordinates"":[]}",50.43191369622946,160.240744240582,359.2458604834974,1028.5572945140302,1806.3546563498676,7.0
4,2018-10-17,-13.0,9.25,0.0,0.0,0.0,0.0,859329,,,0.0,1385_9,16.988697461783886,"{""type"":""MultiPoint"",""coordinates"":[]}",58.41972259804607,155.79958958551288,388.9427613466978,1021.49952435866,1886.6083398461342,7.0
9,2018-10-17,-13.0,9.5,0.0,0.0,0.0,0.0,860256,,,0.0,1385_10,8.13982542604208,"{""type"":""MultiPoint"",""coordinates"":[]}",62.02728161588311,167.5162622705102,428.06866439059377,1111.9383689947426,2046.69676348567,7.0
14,2018-10-17,-13.0,9.75,0.0,0.0,0.0,0.0,859329,,,0.0,1385_11,3.165946342051029,"{""type"":""MultiPoint"",""coordinates"":[]}",41.02231562137604,122.87113349884748,302.3726684041321,969.3780913949013,1810.9896737150848,6.0
5,2018-10-17,-12.75,9.25,0.0,0.0,0.0,0.0,860256,,,0.0,1385_12,14.518709853291512,"{""type"":""MultiPoint"",""coordinates"":[]}",44.40605500712991,119.38304966315627,295.57355027645826,823.1327766552567,1498.6261632293463,6.0
10,2018-10-17,-12.75,9.5,0.0,0.0,0.0,0.0,861184,,,0.0,1385_13,7.178930565714836,"{""type"":""MultiPoint"",""coordinates"":[]}",32.947429455816746,93.36585085839033,250.91632176190615,807.1374353021383,1535.070747602731,6.0
15,2018-10-17,-12.75,9.75,0.0,0.0,0.0,0.0,860256,,,0.0,1385_14,6.658905185759068,"{""type"":""MultiPoint"",""coordinates"":[]}",17.97689776867628,63.751679845154285,169.13297679275274,748.9841934293509,1431.1856627464294,5.0
1,2018-11-27,-13.75,9.25,0.1696581356126159,0.9320967049739822,145792.15601785365,135892.38823529411,859329,0.753364498162259,0.6895362600905467,0.6359492378219556,1426_0,0.0291308388113975,"{""type"":""MultiPoint"",""coordinates"":[]}",3.1343298032879825,45.870598405599594,119.83915697783232,292.84025728702545,850.459192879498,2.0
6,2018-11-27,-13.75,9.5,0.5243608364015103,0.3847626700005304,451084.5556794176,173560.49803921566,860256,0.1086616862909877,-0.0664874397061788,0.7589266580069138,1426_1,0.0335751101374626,"{""type"":""MultiPoint"",""coordinates"":[]}",7.663319818675518,59.836708940565586,143.29439774155617,334.50728841125965,894.3637702614069,2.0
11,2018-11-27,-13.75,9.75,0.4873318510769029,0.1852412183692133,418778.3922540639,77575.01960784313,859329,-0.2000173241057563,-0.4325897758568214,0.343512504166482,1426_2,0.0059651210904121,"{""type"":""MultiPoint"",""coordinates"":[]}",9.486349299550028,57.51438811421394,168.24906319379804,404.5307016931474,1019.965295214206,2.0
2,2018-11-27,-13.5,9.25,0.5499995851668048,0.277390223636537,473140.4431372548,131244.53333333333,860256,-0.0776364596919301,-0.3060265857176644,0.5792077104935209,1426_3,0.0838739797472953,"{""type"":""MultiPoint"",""coordinates"":[]}",5.972124636173248,53.98114491254091,144.42871324717999,308.2347409799695,850.147495046258,2.0
7,2018-11-27,-13.5,9.5,0.8850080727891633,0.0517245500929377,762154.7921568628,39422.113725490206,861184,-0.3748273719576016,-0.5674336331772082,0.1201044135020282,1426_4,0.2108309417963028,"{""type"":""MultiPoint"",""coordinates"":[]}",11.027321219444275,65.56831393390894,185.58183871209621,393.6008447781205,928.9789185859263,3.0
12,2018-11-27,-13.5,9.75,0.924219925211422,0.0005902631920562495,795065.735982677,469.29803921568623,860256,-0.5478350307100281,-0.6401707976875038,0.0008839025200252444,1426_5,0.0468781217932701,"{""type"":""MultiPoint"",""coordinates"":[]}",9.172809310257435,45.84049805998802,177.42636241018772,418.7170369550586,1038.0155225284398,2.0
3,2018-11-27,-13.25,9.25,0.697756695280541,0.0249607233784923,600249.383655257,14982.658823529411,860256,-0.4366853934096311,-0.6476313791499385,0.0451024897233685,1426_6,0.3941114991903305,"{""type"":""MultiPoint"",""coordinates"":[]}",8.844166062772274,74.60531685501337,208.77623464912176,519.9496475979686,1066.611475776881,2.0
8,2018-11-27,-13.25,9.5,0.8321203020447177,0.0,716608.6901960782,0.0,861184,-0.5254326224507829,-0.6801714512807905,0.0,1426_7,0.2627139911055565,"{""type"":""MultiPoint"",""coordinates"":[]}",16.077700071036816,92.55632385611534,254.50567994266748,631.0777678154409,1271.7202329076827,3.0
13,2018-11-27,-13.25,9.75,0.9785863434025508,1.0690933998044508e-05,841834.7734301046,9.0,860256,-0.5525701531301027,-0.6541004076039494,1.0680350819228517e-05,1426_8,0.0277329236268997,"{""type"":""MultiPoint"",""coordinates"":[]}",6.033754907548428,39.59394432604313,155.45115573331714,437.6992844045162,1048.7263863906264,2.0
4,2018-11-27,-13.0,9.25,0.9301723296784892,0.0001821833435066616,799324.0578902863,145.6235294117647,859329,-0.520743142807941,-0.7170753038471247,0.00017251131316314003,1426_9,0.0980375334620475,"{""type"":""MultiPoint"",""coordinates"":[]}",5.5176690220832825,66.0777990706265,179.2215402238071,480.70044443011284,1080.183087848127,2.0
9,2018-11-27,-13.0,9.5,0.9534737402382,0.0,820231.5058823528,0.0,860256,-0.5387333558159292,-0.6866763422748886,0.0,1426_10,0.0153370201587677,"{""type"":""MultiPoint"",""coordinates"":[]}",5.903545767068863,69.29043307900427,182.33173480257392,519.0065982751548,1149.8393840156496,2.0
14,2018-11-27,-13.0,9.75,0.9807416420863938,0.001744227987139,842779.7345524587,1470.0,859329,-0.5524406158132246,-0.6557294904235559,0.0017439382919496,1426_11,0.0063460320234298,"{""type"":""MultiPoint"",""coordinates"":[]}",2.686973661184311,19.314401783049107,100.16300203278661,319.6686818264425,900.8414763957262,1.0
5,2018-11-27,-12.75,9.25,0.9137242612596836,0.0010519739268221,786036.7780942103,826.8901960784314,860256,-0.5383652582420753,-0.7015611485136847,0.0010396661554692,1426_12,0.0019306316971778,"{""type"":""MultiPoint"",""coordinates"":[]}",3.0175624415278435,43.62474335357547,117.86865862086415,348.58262026682496,840.6356396153569,1.0
10,2018-11-27,-12.75,9.5,0.9752677482472044,0.0007475720180461628,839884.9805065204,627.8745098039216,861184,-0.5364766262740283,-0.6752275483117014,0.0007535664114721151,1426_13,0.0008689239621162415,"{""type"":""MultiPoint"",""coordinates"":[]}",2.0782174542546272,30.97765799611807,91.21571946889162,286.1371021717787,766.0161033272743,1.0
15,2018-11-27,-12.75,9.75,0.9797961779557376,0.0001413322423308657,842875.5408634911,119.12549019607845,860256,-0.5439826552367805,-0.6343551088392824,0.000146021349133274,1426_14,0.0011874362826347,"{""type"":""MultiPoint"",""coordinates"":[]}",0.7915208116173741,7.403693161904811,50.99031142890453,177.80039180070162,642.093111295253,0.0
1,2018-12-04,-13.75,9.25,0.0,0.0,0.0,0.0,859329,,,0.0,1433_0,0.012504868209362,"{""type"":""MultiPoint"",""coordinates"":[]}",0.2449192106723781,3.584597259759902,79.78413347154856,243.2446926832199,709.6362570300698,0.0
6,2018-12-04,-13.75,9.5,0.0180601942347521,0.9763683052979292,15536.390451610909,15169.239215686272,860256,0.7173828940566366,0.5335311797588315,0.0667030130570129,1433_1,0.0243196263909339,"{""type"":""MultiPoint"",""coordinates"":[]}",0.57462602853775,8.427798748016357,91.50718059390783,271.0204515606165,744.5263415575027,0.0
11,2018-12-04,-13.75,9.75,0.1957283195445927,0.1393154945666386,168195.02110593536,23432.172549019608,859329,-0.2701762506383119,-0.4722397863451533,0.1022384750222081,1433_2,0.0149551779031753,"{""type"":""MultiPoint"",""coordinates"":[]}",1.344709657132597,10.831058956682682,93.6837662011385,322.0374318771064,865.8051821403205,0.0
2,2018-12-04,-13.5,9.25,0.0,0.0,0.0,0.0,860256,,,0.0,1433_3,0.0561336055397987,"{""type"":""MultiPoint"",""coordinates"":[]}",0.6674025207757946,7.159093394875526,86.37005463242531,253.9447285234928,669.5515085011721,0.0
7,2018-12-04,-13.5,9.5,0.0,0.0,0.0,0.0,861184,,,0.0,1433_4,0.0090971589088439,"{""type"":""MultiPoint"",""coordinates"":[]}",1.7346497625112531,14.138330705463886,106.60132858902216,310.8539590612054,757.9276137985289,0.0
12,2018-12-04,-13.5,9.75,0.0,0.0,0.0,0.0,860256,,,0.0,1433_5,0.0364026054739952,"{""type"":""MultiPoint"",""coordinates"":[]}",0.5461461842060087,9.718955494463444,87.18164172023535,327.9629163444042,864.160496275872,0.0
3,2018-12-04,-13.25,9.25,0.0,0.0,0.0,0.0,860256,,,0.0,1433_6,0.0137733295559883,"{""type"":""MultiPoint"",""coordinates"":[]}",3.811056725680828,14.024884440004826,127.192965708673,421.1053363978863,904.8327053897083,2.0
8,2018-12-04,-13.25,9.5,0.0,0.0,0.0,0.0,861184,,,0.0,1433_7,0.0270148739218711,"{""type"":""MultiPoint"",""coordinates"":[]}",1.1547515168786049,17.704980447888374,151.58393792808056,495.0666865333915,1121.6016658581793,0.0
13,2018-12-04,-13.25,9.75,0.0,0.0,0.0,0.0,860256,,,0.0,1433_8,0.079367309808731,"{""type"":""MultiPoint"",""coordinates"":[]}",0.19270554184913616,6.714891642332077,81.01266622543335,332.0691389963031,917.4428349360824,0.0
4,2018-12-04,-13.0,9.25,0.0,0.0,0.0,0.0,859329,,,0.0,1433_9,0.003267079591751,"{""type"":""MultiPoint"",""coordinates"":[]}",1.2257704511284824,7.972809486091137,109.07921893522143,373.8376754336059,895.0915238820016,0.0
9,2018-12-04,-13.0,9.5,0.0,0.0,0.0,0.0,860256,,,0.0,1433_10,0.0163009390234947,"{""type"":""MultiPoint"",""coordinates"":[]}",0.09518396109342561,6.625009700655936,102.80504729598759,380.9382962062955,984.8559461534023,0.0
14,2018-12-04,-13.0,9.75,0.0,0.0,0.0,0.0,859329,,,0.0,1433_11,0.0211959704756736,"{""type"":""MultiPoint"",""coordinates"":[]}",0.057286582887172297,2.874008379876613,40.36460164934397,233.982739970088,773.4485757537186,0.0
5,2018-12-04,-12.75,9.25,0.0,0.0,0.0,0.0,860256,,,0.0,1433_12,0.001278705894947,"{""type"":""MultiPoint"",""coordinates"":[]}",0.15551876276731458,4.099168814718722,64.41831821575761,261.50164380669594,681.9004733115435,0.0
10,2018-12-04,-12.75,9.5,0.0,0.0,0.0,0.0,861184,,,0.0,1433_13,0.0031851232051849,"{""type"":""MultiPoint"",""coordinates"":[]}",0.05764421075582489,2.6026219129562373,47.371297143399715,204.16373945772648,626.3032765127718,0.0
15,2018-12-04,-12.75,9.75,0.0,0.0,0.0,0.0,860256,,,0.0,1433_14,0.0041238963603973,"{""type"":""MultiPoint"",""coordinates"":[]}",0.10490231215953791,0.9003253653645509,15.398350544273852,127.29938793927431,524.8843971639872,0.0
1,2019-01-21,-13.75,9.25,0.0,0.0,0.0,0.0,859329,,,0.0,1481_0,0.0010868534445762,"{""type"":""MultiPoint"",""coordinates"":[]}",0.01984089612960806,0.11625513434410079,0.19658356904983484,3.9260676130652405,134.4167571514845,0.0
6,2019-01-21,-13.75,9.5,0.0513022311052062,0.985833276443966,44133.052121640336,43507.83137254902,860256,0.7887656060995263,0.5633586916622663,0.2055963993261571,1481_1,0.0024512410163879,"{""type"":""MultiPoint"",""coordinates"":[]}",0.04830583930015556,0.05788076668977718,0.18080323934555012,7.634459063410758,158.6687183007598,0.0
11,2019-01-21,-13.75,9.75,0.2558265049925812,0.160390986495581,219839.13470876985,35260.21568627452,859329,-0.2287339796271776,-0.432610931095305,0.1542991445373517,1481_2,0.0,"{""type"":""MultiPoint"",""coordinates"":[]}",0.010401941835851743,0.03588199615478532,0.07457379251718475,11.623134836554526,188.1096204742789,0.0
2,2019-01-21,-13.5,9.25,0.0,0.0,0.0,0.0,860256,,,0.0,1481_3,0.0025080516934394,"{""type"":""MultiPoint"",""coordinates"":[]}",0.017144717276096212,0.020924955606460342,0.14108140021562537,4.9954261630773535,158.1474170088768,0.0
7,2019-01-21,-13.5,9.5,0.0,0.0,0.0,0.0,861184,,,0.0,1481_4,0.0,"{""type"":""MultiPoint"",""coordinates"":[]}",0.0033695250749585506,0.004363246262073377,0.018970109522342276,9.063303470611572,205.23660350590944,0.0
12,2019-01-21,-13.5,9.75,0.0,0.0,0.0,0.0,860256,,,0.0,1481_5,0.0,"{""type"":""MultiPoint"",""coordinates"":[]}",0.01661758869886376,0.021522864699363424,0.04309695214033074,11.09384838491678,197.665398940444,0.0
3,2019-01-21,-13.25,9.25,0.0,0.0,0.0,0.0,860256,,,0.0,1481_6,0.0,"{""type"":""MultiPoint"",""coordinates"":[]}",0.014781020581722095,0.12603774666786174,0.1288075000047681,14.782856218516825,240.42869871482253,0.0
8,2019-01-21,-13.25,9.5,0.0,0.0,0.0,0.0,861184,,,0.0,1481_7,0.0,"{""type"":""MultiPoint"",""coordinates"":[]}",0.05713291466236103,0.46298187226057025,0.46820938587188693,23.03761150687933,295.2521611005068,0.0
13,2019-01-21,-13.25,9.75,0.0,0.0,0.0,0.0,860256,,,0.0,1481_8,0.0,"{""type"":""MultiPoint"",""coordinates"":[]}",0.024318695068359243,0.035949982702731795,0.043299049139022404,8.25261790305376,187.6358170993626,0.0
4,2019-01-21,-13.0,9.25,0.0,0.0,0.0,0.0,859329,,,0.0,1481_9,0.0,"{""type"":""MultiPoint"",""coordinates"":[]}",0.0004088506102566392,0.012760981917380815,0.013180077075958224,9.140746667981146,208.39731581509113,0.0
9,2019-01-21,-13.0,9.5,0.0,0.0,0.0,0.0,860256,,,0.0,1481_10,0.0,"{""type"":""MultiPoint"",""coordinates"":[]}",0.005923211574554343,0.05756691098213125,0.05877576768398257,5.687376484274862,214.7654048167169,0.0
14,2019-01-21,-13.0,9.75,0.0,0.0,0.0,0.0,859329,,,0.0,1481_11,0.0,"{""type"":""MultiPoint"",""coordinates"":[]}",0.007608905434608163,0.01657288521528211,0.01935008913278542,2.6573278009891497,115.91028375551105,0.0
5,2019-01-21,-12.75,9.25,0.0,0.0,0.0,0.0,860256,,,0.0,1481_12,0.0,"{""type"":""MultiPoint"",""coordinates"":[]}",0.0008167698979377747,0.055496580898761735,0.055906362831592546,5.578989163041114,141.27554977312684,0.0
10,2019-01-21,-12.75,9.5,0.0,0.0,0.0,0.0,861184,,,0.0,1481_13,0.0,"{""type"":""MultiPoint"",""coordinates"":[]}",0.0008167698979377747,0.014534220099449139,0.016713514924049346,2.0134625956416126,108.69063157588243,0.0
15,2019-01-21,-12.75,9.75,0.0,0.0,0.0,0.0,860256,,,0.0,1481_14,0.0,"{""type"":""MultiPoint"",""coordinates"":[]}",0.002789311110973225,0.005703419446945062,0.01097936183214157,0.5143675953149781,58.998811058700085,0.0
1,2019-02-06,-13.75,9.25,0.0,0.0,0.0,0.0,859329,,,0.0,1497_0,0.0,"{""type"":""MultiPoint"",""coordinates"":[]}",0.0008428469300270081,0.006243586540222139,0.12358091771602607,1.5943804755806914,54.16417773813009,0.0
6,2019-02-06,-13.75,9.5,0.0505203315819712,0.989282861875813,43460.41836538026,42994.64705882353,860256,0.6638032165289676,0.4594953403091155,0.2039508505524788,1497_1,0.000994652509689331,"{""type"":""MultiPoint"",""coordinates"":[]}",0.005425885319709754,0.038335099816322216,0.09866245090961422,1.7297388985753048,70.18922362476587,0.0
11,2019-02-06,-13.75,9.75,0.2546230802174961,0.1611204376599387,218804.9969002207,35253.9568627451,859329,-0.2155480327003596,-0.3808462404901669,0.1597525243575147,1497_2,0.003984197974205,"{""type"":""MultiPoint"",""coordinates"":[]}",1.303851601619499e-05,0.06435811519622842,0.10023545473813977,3.9902236312627783,72.94097263365984,0.0
2,2019-02-06,-13.5,9.25,0.0,0.0,0.0,0.0,860256,,,0.0,1497_3,0.0,"{""type"":""MultiPoint"",""coordinates"":[]}",0.0004200264811515947,0.011017546057700943,0.0344458967447276,1.5382636338472357,64.42601792514324,0.0
7,2019-02-06,-13.5,9.5,0.0,0.0,0.0,0.0,861184,,,0.0,1497_4,0.000994652509689331,"{""type"":""MultiPoint"",""coordinates"":[]}",1.3038516044505677e-05,0.0027427449822424966,0.007101334631442796,1.8352456390857692,78.88712361454964,0.0
12,2019-02-06,-13.5,9.75,0.0,0.0,0.0,0.0,860256,,,0.0,1497_5,0.003984197974205,"{""type"":""MultiPoint"",""coordinates"":[]}",1.30385160446167e-05,0.004264526069164272,0.025782734155654616,2.9764166101813303,52.299500443041325,0.0
3,2019-02-06,-13.25,9.25,0.0,0.0,0.0,0.0,860256,,,0.0,1497_6,0.0,"{""type"":""MultiPoint"",""coordinates"":[]}",1.30385160446167e-05,0.0004861503839492798,0.12651924043893795,4.946258850395679,96.01019881665707,0.0
8,2019-02-06,-13.25,9.5,0.0,0.0,0.0,0.0,861184,,,0.0,1497_7,0.0,"{""type"":""MultiPoint"",""coordinates"":[]}",1.30385160446167e-05,0.0009434297680854798,0.46392064541578265,11.903906241059303,115.41875451803207,0.0
13,2019-02-06,-13.25,9.75,0.0,0.0,0.0,0.0,860256,,,0.0,1497_8,0.0,"{""type"":""MultiPoint"",""coordinates"":[]}",1.30385160446167e-05,0.0032354146242141715,0.03918074071407288,4.946907982230186,47.20466770231724,0.0
4,2019-02-06,-13.0,9.25,0.0,0.0,0.0,0.0,859329,,,0.0,1497_9,0.0009667128324508668,"{""type"":""MultiPoint"",""coordinates"":[]}",1.3038516045060788e-05,2.2351741790327395e-05,0.012778677046298953,4.8734573647379875,80.57188848033547,0.0
9,2019-02-06,-13.0,9.5,0.0,0.0,0.0,0.0,860256,,,0.0,1497_10,0.0019334256649017,"{""type"":""MultiPoint"",""coordinates"":[]}",1.30385160446167e-05,0.00047869980335191187,0.05804095417261097,4.120614379644393,77.90131773799656,0.0
14,2019-02-06,-13.0,9.75,0.0,0.0,0.0,0.0,859329,,,0.0,1497_11,0.0,"{""type"":""MultiPoint"",""coordinates"":[]}",1.30385160446167e-05,0.00047869980335235596,0.01704692840576139,1.7955889925360673,22.90667686611414,0.0
5,2019-02-06,-12.75,9.25,0.0,0.0,0.0,0.0,860256,,,0.0,1497_12,0.0009667128324508668,"{""type"":""MultiPoint"",""coordinates"":[]}",0.014996156096458416,0.01545064151287077,0.07094256579875943,4.819347523152828,54.51738974079489,0.0
10,2019-02-06,-12.75,9.5,0.0,0.0,0.0,0.0,861184,,,0.0,1497_13,0.0009667128324508668,"{""type"":""MultiPoint"",""coordinates"":[]}",1.30385160446167e-05,2.2351741790771484e-05,0.014551915228366833,1.6973782330751417,35.566424019634724,0.0
15,2019-02-06,-12.75,9.75,0.0,0.0,0.0,0.0,860256,,,0.0,1497_14,0.0,"{""type"":""MultiPoint"",""coordinates"":[]}",1.30385160446167e-05,2.235174179082743e-05,0.0057211145758627,0.31914934515952986,8.931949734687803,0.0
1,2019-03-10,-13.75,9.25,0.0,0.0,0.0,0.0,859329,,,0.0,1529_0,0.0008121132850646973,"{""type"":""MultiPoint"",""coordinates"":[]}",5.587935447692871e-06,0.01635123044252375,0.02078991383314106,0.04907324910163829,1.6047069802880276,0.0
6,2019-03-10,-13.75,9.5,0.0519036151367722,0.9890439399961533,44650.39634309917,44161.20392156863,860256,0.7109953329807829,0.6728588690920672,0.2080145861118734,1529_1,0.0,"{""type"":""MultiPoint"",""coordinates"":[]}",0.0028712674975394795,0.04677847027778613,0.05709007382392847,0.15553366392850815,1.7576022073626507,0.0
11,2019-03-10,-13.75,9.75,0.2503486833661819,0.1723865313358679,215131.8837283777,37085.83921568628,859329,-0.2244062539712607,-0.3659393816912055,0.1649455405348734,1529_2,0.0,"{""type"":""MultiPoint"",""coordinates"":[]}",0.006201677024335972,0.03386475145816817,0.03841053694486579,0.13723596930503779,4.023452289402483,0.0
2,2019-03-10,-13.5,9.25,0.0,0.0,0.0,0.0,860256,,,0.0,1529_3,0.0060275197029113,"{""type"":""MultiPoint"",""coordinates"":[]}",0.0024763867259024862,0.0276342034339902,0.03958214074373211,0.07026549428701326,1.5652431175112713,0.0
7,2019-03-10,-13.5,9.5,0.0,0.0,0.0,0.0,861184,,,0.0,1529_4,0.0,"{""type"":""MultiPoint"",""coordinates"":[]}",0.001136213541030682,0.019821338355541025,0.019837170839309484,0.026957131922244592,1.8477449193596833,0.0
12,2019-03-10,-13.5,9.75,0.0,0.0,0.0,0.0,860256,,,0.0,1529_5,0.0,"{""type"":""MultiPoint"",""coordinates"":[]}",0.003016553819179493,0.03900378942489617,0.04047062247991546,0.0653499737381931,3.002164885401724,0.0
3,2019-03-10,-13.25,9.25,0.0,0.0,0.0,0.0,860256,,,0.0,1529_6,0.0,"{""type"":""MultiPoint"",""coordinates"":[]}",0.003738328814506493,0.007531605660915224,0.007547438144683687,0.12840609997510877,4.665467888116836,0.0
8,2019-03-10,-13.25,9.5,0.0,0.0,0.0,0.0,861184,,,0.0,1529_7,0.0,"{""type"":""MultiPoint"",""coordinates"":[]}",0.00047683715820312495,0.0073481351137160335,0.007363967597484497,0.4472481086850164,11.219294741749763,0.0
13,2019-03-10,-13.25,9.75,0.0,0.0,0.0,0.0,860256,,,0.0,1529_8,0.0,"{""type"":""MultiPoint"",""coordinates"":[]}",0.002752058207988693,0.030513852834701448,0.03052968531846991,0.058096833527087936,4.963221959769725,0.0
4,2019-03-10,-13.0,9.25,0.0,0.0,0.0,0.0,859329,,,0.0,1529_9,0.0,"{""type"":""MultiPoint"",""coordinates"":[]}",0.038401223719120435,0.0384105369448657,0.03946665674448001,0.04087761044502246,4.88192867487669,0.0
9,2019-03-10,-13.0,9.5,0.0,0.0,0.0,0.0,860256,,,0.0,1529_10,0.0,"{""type"":""MultiPoint"",""coordinates"":[]}",0.00047683715820312495,0.004566274583339236,0.006671063601970643,0.03089476376771906,4.09751571714878,0.0
14,2019-03-10,-13.0,9.75,0.0,0.0,0.0,0.0,859329,,,0.0,1529_11,0.0,"{""type"":""MultiPoint"",""coordinates"":[]}",0.00047683715820312495,0.006370246410369779,0.0063860788941382425,0.014486722648143378,1.7915824428200713,0.0
5,2019-03-10,-12.75,9.25,0.0,0.0,0.0,0.0,860256,,,0.0,1529_12,0.0,"{""type"":""MultiPoint"",""coordinates"":[]}",0.061432830989360754,0.06144214421510691,0.06450805813074098,0.081755220890045,4.884820431470871,0.0
10,2019-03-10,-12.75,9.5,0.0,0.0,0.0,0.0,861184,,,0.0,1529_13,0.0,"{""type"":""MultiPoint"",""coordinates"":[]}",0.025059096515178594,0.02506840974092475,0.026514753699302496,0.028333626687526526,1.7244108021259306,0.0
15,2019-03-10,-12.75,9.75,0.0,0.0,0.0,0.0,860256,,,0.0,1529_14,0.0006863847374916077,"{""type"":""MultiPoint"",""coordinates"":[]}",0.006436370313167493,0.00688713043928144,0.007913447916507547,0.010738149285316162,0.32300874590873635,0.0
1,2019-04-11,-13.75,9.25,0.0,0.0,0.0,0.0,859329,,,0.0,1561_0,0.0361194834113121,"{""type"":""MultiPoint"",""coordinates"":[]}",0.051438808441162394,4.358361475169659,4.613159224390984,4.634762182831764,4.663046449422835,0.0
6,2019-04-11,-13.75,9.5,0.0058193197490558,1.0058150913335862,5006.104730043809,5035.215686274511,860256,0.4515203339720801,0.3869983391210438,0.0210001668002202,1561_1,0.0555384904146194,"{""type"":""MultiPoint"",""coordinates"":[]}",0.14304928481578813,3.734278492629528,3.869603388011455,3.926694393157958,4.025138914585113,0.0
11,2019-04-11,-13.75,9.75,0.1504191826984045,0.0607943779661032,129259.56584903727,7858.254901960784,859329,-0.3761901547775823,-0.4660326390884994,0.0314568028850414,1561_2,0.0059083104133605,"{""type"":""MultiPoint"",""coordinates"":[]}",0.4291459918021869,6.6154273226857185,6.634562276303768,6.672010757029056,6.771800108253954,0.0
2,2019-04-11,-13.5,9.25,0.0,0.0,0.0,0.0,860256,,,0.0,1561_3,0.0548847019672393,"{""type"":""MultiPoint"",""coordinates"":[]}",0.09379535913467385,3.6460310220718384,3.674151375889778,3.7197619676589957,3.750446252524852,0.0
7,2019-04-11,-13.5,9.5,0.0,0.0,0.0,0.0,861184,,,0.0,1561_4,0.0112680718302726,"{""type"":""MultiPoint"",""coordinates"":[]}",0.1495201140642165,4.221290349960326,4.232044331729411,4.251882433891295,4.259003326296805,0.0
12,2019-04-11,-13.5,9.75,0.0,0.0,0.0,0.0,860256,,,0.0,1561_5,0.0079711899161338,"{""type"":""MultiPoint"",""coordinates"":[]}",0.6446586921811102,12.85171415656805,12.89087813347578,12.93134968727827,12.956229969859123,0.0
3,2019-04-11,-13.25,9.25,0.0,0.0,0.0,0.0,860256,,,0.0,1561_6,0.0040354207158088,"{""type"":""MultiPoint"",""coordinates"":[]}",1.1615436524152754,23.43884389847517,23.99243414402008,23.99998251348734,24.01526365429163,0.0
8,2019-04-11,-13.25,9.5,0.0,0.0,0.0,0.0,861184,,,0.0,1561_7,0.0169267877936363,"{""type"":""MultiPoint"",""coordinates"":[]}",3.1260857358574867,38.254305720329285,40.354710072278976,40.362074971199036,40.4201652854681,1.0
13,2019-04-11,-13.25,9.75,0.0,0.0,0.0,0.0,860256,,,0.0,1561_8,0.0209333375096321,"{""type"":""MultiPoint"",""coordinates"":[]}",0.267362222075462,34.301855601370335,35.4036008939147,35.434131510555744,35.46169959008694,0.0
4,2019-04-11,-13.0,9.25,0.0,0.0,0.0,0.0,859329,,,0.0,1561_9,0.4219980910420418,"{""type"":""MultiPoint"",""coordinates"":[]}",0.8174311369657514,53.93529403954744,60.35314407199621,60.39261166006327,60.394023545086384,0.0
9,2019-04-11,-13.0,9.5,0.0,0.0,0.0,0.0,860256,,,0.0,1561_10,0.0058086588978767,"{""type"":""MultiPoint"",""coordinates"":[]}",1.123937778174877,77.59660389274359,92.20204129815102,92.20871329307556,92.21706259995699,0.0
14,2019-04-11,-13.0,9.75,0.0,0.0,0.0,0.0,859329,,,0.0,1561_11,0.0053616240620613,"{""type"":""MultiPoint"",""coordinates"":[]}",1.000859774649143,46.30051273852586,51.77775677293538,51.784143783152096,51.792245358228676,0.0
5,2019-04-11,-12.75,9.25,0.0,0.0,0.0,0.0,860256,,,0.0,1561_12,0.0259866937994956,"{""type"":""MultiPoint"",""coordinates"":[]}",0.7498757913708685,38.86652551591396,45.73091119527817,45.79542018473148,45.81266827881336,0.0
10,2019-04-11,-12.75,9.5,0.0,0.0,0.0,0.0,861184,,,0.0,1561_13,0.0017071142792701,"{""type"":""MultiPoint"",""coordinates"":[]}",0.5059521645307539,54.9166314303875,63.81449941545725,63.841015100479126,63.842834904789925,0.0
15,2019-04-11,-12.75,9.75,0.0,0.0,0.0,0.0,860256,,,0.0,1561_14,0.0020191073417663,"{""type"":""MultiPoint"",""coordinates"":[]}",0.40666293352842303,23.63542653620243,27.54883747547865,27.557438239455223,27.560263872146606,0.0
1,2019-05-22,-13.75,9.25,0.5152460009245483,0.9787450888880336,442765.8307284912,433354.8823529412,859329,0.6714210849577548,0.6380932991062579,2.0529413313191878,1602_0,0.0076591968536376,"{""type"":""MultiPoint"",""coordinates"":[]}",15.578621998429298,18.981910310685635,33.34214258939028,37.8101821988821,38.08214049786329,4.0
6,2019-05-22,-13.75,9.5,0.91190175103994,0.5256582094885481,784468.9527426147,412362.54509803926,860256,0.2105427697426396,0.081412306175547,1.8863440160489628,1602_1,0.000821426510810852,"{""type"":""MultiPoint"",""coordinates"":[]}",10.348730720579624,12.628821656107903,24.53315258026123,28.366141952574253,28.549296781420708,4.0
11,2019-05-22,-13.75,9.75,0.9073480305013586,0.1055188653605481,779710.475702702,82274.16470588236,859329,-0.2923931777348427,-0.4560429245872243,0.3151085767373718,1602_2,0.0,"{""type"":""MultiPoint"",""coordinates"":[]}",16.450603492557974,17.68472045660019,26.291944086551666,32.97484293580055,33.02488662302494,4.0
2,2019-05-22,-13.5,9.25,0.7977929415265715,0.2573427127407014,686306.1647058823,176615.8901960784,860256,-0.1123555761643528,-0.2607137569138002,0.7310331707995535,1602_3,0.0757575035095214,"{""type"":""MultiPoint"",""coordinates"":[]}",13.051647692918777,19.03745997697115,36.98752261698246,41.68172553181648,41.73528216779232,4.0
7,2019-05-22,-13.5,9.5,0.9789440502159544,0.0415199615339231,843050.9529411765,35003.4431372549,861184,-0.36180188437761,-0.4831966399030531,0.0858949322564668,1602_4,0.0007776543498039246,"{""type"":""MultiPoint"",""coordinates"":[]}",14.259777963161469,17.843423411250114,33.53501670062542,37.95407060533762,37.98339422792196,4.0
12,2019-05-22,-13.5,9.75,0.9791306704305376,0.00017452151311635815,842303.0340218926,147.0,860256,-0.4987922243730575,-0.5473079125164501,0.0001744911944300009,1602_5,0.000367872416973114,"{""type"":""MultiPoint"",""coordinates"":[]}",30.751986894756552,35.01078533008694,51.80668318644165,65.07012201473117,65.1396787725389,4.0
3,2019-05-22,-13.25,9.25,0.9670140492748438,0.0281120466810198,831879.63797298,23385.83921568628,860256,-0.4243718830438494,-0.5696819252661167,0.055544206988154,1602_6,0.0088093802332878,"{""type"":""MultiPoint"",""coordinates"":[]}",57.444946840405464,64.53440710902214,99.55711476504803,124.34917967766523,124.7553089633584,6.0
8,2019-05-22,-13.25,9.5,0.9792166753369002,0.0,843285.733333333,0.0,861184,-0.5067872950162604,-0.6070849895889707,0.0,1602_7,0.0048736110329627,"{""type"":""MultiPoint"",""coordinates"":[]}",88.80884572863579,100.21855402737856,137.31433544307947,177.59067472070456,179.1081028059125,5.0
13,2019-05-22,-13.25,9.75,0.979388430223218,0.0,842524.7734301046,0.0,860256,-0.516769653454741,-0.5854440566967423,0.0,1602_8,0.0062743201851844,"{""type"":""MultiPoint"",""coordinates"":[]}",60.05091452971101,65.73977274820209,84.11855762824416,119.2908720113337,120.27030671015382,5.0
4,2019-05-22,-13.0,9.25,0.9408102120438112,0.0,808465.4987053963,0.0,859329,-0.4999075284814351,-0.6361032648488376,0.0,1602_9,0.0410536304116249,"{""type"":""MultiPoint"",""coordinates"":[]}",88.61767034977674,103.98400016129017,141.98170322924852,202.59012188762426,208.3113957196474,7.0
9,2019-05-22,-13.0,9.5,0.92401339902103,0.0,794888.070588235,0.0,860256,-0.5140049080423528,-0.6197200432423796,0.0,1602_10,0.0766487792134285,"{""type"":""MultiPoint"",""coordinates"":[]}",105.89729622006416,123.75750951468945,164.60241470485926,246.96938507258892,260.33006701618433,7.0
14,2019-05-22,-13.0,9.75,0.9807416420863938,0.0,842779.7345524587,0.0,859329,-0.5119866403672296,-0.5887026267862387,0.0,1602_11,0.0028284266591072,"{""type"":""MultiPoint"",""coordinates"":[]}",55.087742395699024,63.5041818022728,100.47573130577803,148.73429667204618,153.22841983288527,5.0
5,2019-05-22,-12.75,9.25,0.8465791411268795,0.0,728274.7856292449,0.0,860256,-0.505849352888601,-0.5911657464580609,0.0,1602_12,0.2405503764748573,"{""type"":""MultiPoint"",""coordinates"":[]}",74.42529918625951,87.82240143045783,118.01761435344815,160.92000203207135,167.17419726774096,6.0
10,2019-05-22,-12.75,9.5,0.9708813415824532,0.0,836107.4772693434,0.0,861184,-0.4963895035960223,-0.5723168402598094,0.0,1602_13,0.0364305451512336,"{""type"":""MultiPoint"",""coordinates"":[]}",69.95147746056318,82.25964847952127,111.45424284040928,169.61137764155865,177.24744882434607,5.0
15,2019-05-22,-12.75,9.75,0.9797961779557376,0.0,842875.5408634911,0.0,860256,-0.4765195128382178,-0.5039400718487671,0.0,1602_14,0.0015245750546455,"{""type"":""MultiPoint"",""coordinates"":[]}",26.310847140848637,31.18080645799637,51.79121904075146,76.72763150185347,79.84280027449131,5.0
1,2019-06-07,-13.75,9.25,0.258924536648465,0.956296551440152,222501.36315358875,212777.28627450985,859329,0.6688208732186344,0.6009519065856208,0.993107515984992,1618_0,4.604482091963291,"{""type"":""MultiPoint"",""coordinates"":[]}",30.000879429280758,47.38015215843916,66.26711133867502,80.8898750692606,85.45360062271357,4.0
6,2019-06-07,-13.75,9.5,0.7859065065144413,0.5236428095499419,676080.7876680872,354024.8431372549,860256,0.2131870935918521,0.0959624935392615,1.590520924610967,1618_1,3.0585797503590584,"{""type"":""MultiPoint"",""coordinates"":[]}",32.61238802224398,49.20970555394888,61.71032600104809,73.90152476727962,77.71243341267109,5.0
11,2019-06-07,-13.75,9.75,0.3087487721923325,0.0815112946958414,265316.7736592649,21626.3137254902,859329,-0.3484180305537103,-0.5308020121122871,0.0815338012885588,1618_2,1.794048584997654,"{""type"":""MultiPoint"",""coordinates"":[]}",37.536926567554445,53.31762135028839,70.89059427380562,79.70194332301617,86.30507625639439,4.0
2,2019-06-07,-13.5,9.25,0.6713350809207361,0.2906818314045,577520.0313725488,167874.5803921568,860256,-0.0907600112764001,-0.2714911931814751,0.6769525490116621,1618_3,3.1429724767804146,"{""type"":""MultiPoint"",""coordinates"":[]}",34.239454194903374,54.805041290819645,73.46103619784117,92.9977223277092,96.5884467586875,6.0
7,2019-06-07,-13.5,9.5,0.7488139447961112,0.0413636248093388,644866.5882352942,26674.01960784314,861184,-0.3456828009450882,-0.5019415962046297,0.0625101825491951,1618_4,2.476278692483902,"{""type"":""MultiPoint"",""coordinates"":[]}",32.639047130942345,51.580763421952724,68.79136338829994,85.3314446285367,89.54511396586895,5.0
12,2019-06-07,-13.5,9.75,0.295076374433025,3.939470484098911e-06,253841.2215642564,1.0,860256,-0.5097302010323536,-0.5819737959799256,1.1870149280952442e-06,1618_5,2.067806199193001,"{""type"":""MultiPoint"",""coordinates"":[]}",54.02409937232733,82.00763538479805,115.95709575340152,134.27198538556695,147.10867824032903,6.0
3,2019-06-07,-13.25,9.25,0.2446306946278529,0.0185550393809244,210445.02283777823,3904.81568627451,860256,-0.3895569591167624,-0.583955691978119,0.0072409162801203,1618_6,3.829074092209339,"{""type"":""MultiPoint"",""coordinates"":[]}",56.09462223947048,115.84017425775528,178.35699766874313,216.7572919279337,240.59676099568605,6.0
8,2019-06-07,-13.25,9.5,0.3791825362911217,0.0,326545.93333333335,0.0,861184,-0.471183776492903,-0.6332640186007108,0.0,1618_7,2.978481352329254,"{""type"":""MultiPoint"",""coordinates"":[]}",71.04732375591993,166.7896704748273,263.8571197167039,306.04961048811674,345.89529875665903,6.0
13,2019-06-07,-13.25,9.75,0.4372579615047818,0.0,376153.7849322576,0.0,860256,-0.4999726010878312,-0.6134021303888595,0.0,1618_8,2.0587705075740814,"{""type"":""MultiPoint"",""coordinates"":[]}",69.85391210764647,127.93005164712667,192.4578701145947,212.81043207272887,248.17611882463098,6.0
4,2019-06-07,-13.0,9.25,0.2410567857527334,0.0,207147.08664411068,0.0,859329,-0.4549590455256951,-0.6602351869250199,0.0,1618_9,7.624929770827293,"{""type"":""MultiPoint"",""coordinates"":[]}",63.79209831357002,146.97370072826743,249.14034409448504,295.22158531472087,355.2877395413816,6.0
9,2019-06-07,-13.0,9.5,0.1378402315990935,0.0,118577.88627450982,0.0,860256,-0.4700061778974751,-0.6609335994002531,0.0,1618_10,7.615399546921253,"{""type"":""MultiPoint"",""coordinates"":[]}",72.8314695879817,171.43914569169283,292.86557249724865,339.7319698706269,431.84129521250725,6.0
14,2019-06-07,-13.0,9.75,0.4581347308223326,0.0,393688.46010282426,0.0,859329,-0.4945798295762978,-0.6005830678015058,0.0,1618_11,1.7271311953663826,"{""type"":""MultiPoint"",""coordinates"":[]}",76.7688606865704,144.58320010453463,205.50352707505226,246.04022037237883,297.80807811766863,6.0
5,2019-06-07,-12.75,9.25,0.0766679246815274,0.0,65954.04221483205,0.0,860256,-0.4417260236979742,-0.6353903575149781,0.0,1618_12,9.440804831683636,"{""type"":""MultiPoint"",""coordinates"":[]}",43.78555156290531,105.70421256124973,192.16766441240907,227.6650401763618,273.05751806125045,6.0
10,2019-06-07,-12.75,9.5,0.5383359449467515,0.0,463606.3024130233,0.0,861184,-0.4826154300445677,-0.6421757087138267,0.0,1618_13,4.708978347480297,"{""type"":""MultiPoint"",""coordinates"":[]}",37.448784336447716,101.308673620224,181.98569398373365,214.78498075157404,278.5674845799804,6.0
15,2019-06-07,-12.75,9.75,0.6763118363076139,0.0,581801.3150546427,0.0,860256,-0.4879967469616837,-0.5584173240881672,0.0,1618_14,0.7334733381867409,"{""type"":""MultiPoint"",""coordinates"":[]}",39.86842092126608,82.23613630980253,111.50295473635197,134.53122042119503,162.0735740289092,5.0
1,2019-07-09,-13.75,9.25,0.1070809538391793,0.9877886291772728,92017.76898166814,90894.10588235296,859329,0.7489826407990254,0.7428445348639757,0.4259217276199326,1650_0,5.937293171882629,"{""type"":""MultiPoint"",""coordinates"":[]}",151.73046104609966,225.2034703269601,350.8656993508339,420.92458065599203,436.49301677942276,7.0
6,2019-07-09,-13.75,9.5,0.1145002551071979,0.6149799333843097,98499.53145749772,60575.23529411766,860256,0.3542047239487378,0.2045642582490995,0.2747665863524685,1650_1,4.489275626838207,"{""type"":""MultiPoint"",""coordinates"":[]}",130.33496495336294,185.585742816329,307.57052917033434,371.6005738824606,384.7908629104495,7.0
11,2019-07-09,-13.75,9.75,0.0,0.0,0.0,0.0,859329,,,0.0,1650_2,6.22124969959259,"{""type"":""MultiPoint"",""coordinates"":[]}",114.64768508449194,168.66367030888796,281.511215493083,353.4535113722086,363.00161853432655,7.0
2,2019-07-09,-13.5,9.25,0.0471052347025928,0.098314828834637,40522.560784313726,3983.968627450981,860256,-0.1122289329384189,-0.4179190545586204,0.0083267122573019,1650_3,6.309038028120995,"{""type"":""MultiPoint"",""coordinates"":[]}",148.44107162207365,204.13114968687296,320.6959664821625,396.78697753697634,417.7186666056514,7.0
7,2019-07-09,-13.5,9.5,0.016707586163181,0.0847215794525946,14388.305882352945,1219.0,861184,-0.2771416565299476,-0.5475479168733559,0.0042511510568744,1650_4,5.404130555689335,"{""type"":""MultiPoint"",""coordinates"":[]}",120.46747375279665,161.469342187047,262.41369266062975,332.10131246596575,350.297131575644,7.0
12,2019-07-09,-13.5,9.75,0.0,0.0,0.0,0.0,860256,,,0.0,1650_5,3.521038219332695,"{""type"":""MultiPoint"",""coordinates"":[]}",95.16003914177418,142.55916606634855,234.7556184977293,351.2766589410603,371.113998349756,7.0
3,2019-07-09,-13.25,9.25,0.1379256718815661,0.0069916801772137,118651.3867901486,829.5725490196078,860256,-0.3788807664873118,-0.6475528316197672,0.0012923208881614,1650_6,7.976042106747627,"{""type"":""MultiPoint"",""coordinates"":[]}",189.68191044405103,266.16852218285203,424.0622469224036,604.6054461039603,644.7631414048374,7.0
8,2019-07-09,-13.25,9.5,0.0807450044152619,0.0,69536.30588235294,0.0,861184,-0.4197870951071287,-0.6688106309600973,0.0,1650_7,9.484468027949331,"{""type"":""MultiPoint"",""coordinates"":[]}",172.311429399997,252.39772768691182,426.12212942913175,689.6920301951468,735.145469661802,7.0
13,2019-07-09,-13.25,9.75,0.0,0.0,0.0,0.0,860256,,,0.0,1650_8,3.269200213253498,"{""type"":""MultiPoint"",""coordinates"":[]}",113.24780154973269,163.97573053836823,292.25351102650166,484.504843596369,507.1134208701551,7.0
4,2019-07-09,-13.0,9.25,0.1755755583876855,0.0,150877.16901373144,0.0,859329,-0.4255945469875584,-0.683690438116435,0.0,1650_9,9.931930340826511,"{""type"":""MultiPoint"",""coordinates"":[]}",200.05308464169502,287.6274297013879,455.69988805800676,708.7205168791115,758.5732438601553,7.0
9,2019-07-09,-13.0,9.5,0.0144422399023218,0.0,12424.023529411768,0.0,860256,-0.4253425045472989,-0.6776609129776959,0.0,1650_10,10.154287330806255,"{""type"":""MultiPoint"",""coordinates"":[]}",170.0446861796081,250.96804043278098,403.5186064429581,698.8648227415979,750.9388239122927,7.0
14,2019-07-09,-13.0,9.75,0.0,0.0,0.0,0.0,859329,,,0.0,1650_11,4.279824905097485,"{""type"":""MultiPoint"",""coordinates"":[]}",136.21174171566963,192.28327833116055,319.55466885119677,522.5252956151962,567.3341304063797,7.0
5,2019-07-09,-12.75,9.25,0.0923365141404761,0.0,79433.04030842945,0.0,860256,-0.4333119360403598,-0.6780387361525168,0.0,1650_12,8.545443415641785,"{""type"":""MultiPoint"",""coordinates"":[]}",121.06292601674795,186.5417417138815,325.34531876444817,524.1950978524983,562.2294102795422,7.0
10,2019-07-09,-12.75,9.5,0.0,0.0,0.0,0.0,861184,,,0.0,1650_13,6.170806474983692,"{""type"":""MultiPoint"",""coordinates"":[]}",144.13309236988425,196.37720426544547,303.962669800967,488.1161921657622,523.5141799785197,7.0
15,2019-07-09,-12.75,9.75,0.0,0.0,0.0,0.0,860256,,,0.0,1650_14,3.757077269256115,"{""type"":""MultiPoint"",""coordinates"":[]}",148.6096689477563,185.64536701887846,279.31275125592947,389.47480637580156,414.66261353343725,7.0
1,2019-08-01,-13.75,9.25,0.0,0.0,0.0,0.0,859329,,,0.0,1673_0,7.26740900427103,"{""type"":""MultiPoint"",""coordinates"":[]}",410.03421042114496,830.8063480071723,1211.6277627646923,1443.6770370230079,1487.570253200829,7.0
6,2019-08-01,-13.75,9.5,0.0097978614474576,0.9974933265703552,8428.66909734417,8407.541176470588,860256,0.4587773756850747,0.4280667420420973,0.0366999194063358,1673_1,8.209669031202793,"{""type"":""MultiPoint"",""coordinates"":[]}",381.7313411273062,856.1807735823095,1105.3521395660937,1316.903453785926,1353.0060700140893,7.0
11,2019-08-01,-13.75,9.75,0.0644578657264925,0.4173565251680819,55390.51329688113,23117.592156862745,859329,-0.00014164437812673586,-0.3523988718107619,0.0856047581846826,1673_2,7.234493270516396,"{""type"":""MultiPoint"",""coordinates"":[]}",319.225967861712,727.5037970393896,928.0088334344327,1133.2974405959249,1169.8091654106975,7.0
2,2019-08-01,-13.5,9.25,0.0,0.0,0.0,0.0,860256,,,0.0,1673_3,8.410428650677204,"{""type"":""MultiPoint"",""coordinates"":[]}",361.3427677191794,914.5092889666557,1214.0496745705605,1421.4842235669494,1470.8285015076399,7.0
7,2019-08-01,-13.5,9.5,0.0,0.0,0.0,0.0,861184,,,0.0,1673_4,3.382629714906216,"{""type"":""MultiPoint"",""coordinates"":[]}",287.44234843179584,879.5552751980722,1111.2186829559505,1284.7384721972048,1331.8120245821774,7.0
12,2019-08-01,-13.5,9.75,0.0,0.0,0.0,0.0,860256,,,0.0,1673_5,5.132266320288181,"{""type"":""MultiPoint"",""coordinates"":[]}",209.24020279198885,752.185114659369,947.241110727191,1139.4271403551102,1207.813032437116,7.0
3,2019-08-01,-13.25,9.25,0.0,0.0,0.0,0.0,860256,,,0.0,1673_6,7.00022280216217,"{""type"":""MultiPoint"",""coordinates"":[]}",271.64240600541234,686.9117403402925,995.3553476370871,1283.422730397433,1426.36231565848,7.0
8,2019-08-01,-13.25,9.5,0.0,0.0,0.0,0.0,861184,,,0.0,1673_7,9.22800414264202,"{""type"":""MultiPoint"",""coordinates"":[]}",238.43699833378196,612.6079866662621,919.7177635505795,1240.5993593856692,1455.2076430991292,7.0
13,2019-08-01,-13.25,9.75,0.0,0.0,0.0,0.0,860256,,,0.0,1673_8,7.326697930693626,"{""type"":""MultiPoint"",""coordinates"":[]}",185.03235373646024,452.11087679490447,672.083102632314,919.9721231125295,1049.0500517189503,7.0
4,2019-08-01,-13.0,9.25,0.0,0.0,0.0,0.0,859329,,,0.0,1673_9,6.760930642485619,"{""type"":""MultiPoint"",""coordinates"":[]}",229.81988359242678,487.01699124649167,802.0137157291174,1118.9261823892593,1324.8036284931004,7.0
9,2019-08-01,-13.0,9.5,0.0,0.0,0.0,0.0,860256,,,0.0,1673_10,9.781768545508385,"{""type"":""MultiPoint"",""coordinates"":[]}",212.73743268102407,420.8926111459732,688.0392008461058,993.1033221073449,1235.6179249472916,7.0
14,2019-08-01,-13.0,9.75,0.0,0.0,0.0,0.0,859329,,,0.0,1673_11,8.69299191981554,"{""type"":""MultiPoint"",""coordinates"":[]}",169.99590350314975,343.4134037233889,570.379878859967,826.2380948290229,971.4517700485885,7.0
5,2019-08-01,-12.75,9.25,0.0,0.0,0.0,0.0,860256,,,0.0,1673_12,4.386089742183685,"{""type"":""MultiPoint"",""coordinates"":[]}",175.34441454336047,323.9551861770451,526.2770312838256,775.9621641598642,939.2063478007913,7.0
10,2019-08-01,-12.75,9.5,0.0,0.0,0.0,0.0,861184,,,0.0,1673_13,6.1376262456178665,"{""type"":""MultiPoint"",""coordinates"":[]}",163.75248739495873,300.8030108176172,514.0422210097313,712.1350709348917,869.0352840349078,7.0
15,2019-08-01,-12.75,9.75,0.0,0.0,0.0,0.0,860256,,,0.0,1673_14,6.777406670153141,"{""type"":""MultiPoint"",""coordinates"":[]}",120.56403513997793,247.00559861958027,462.27858401834965,631.5103992819786,710.9924219548702,7.0
1,2019-08-10,-13.75,9.25,0.1589137412203879,0.8385758466521587,136559.1863291748,114515.23529411764,859329,0.4040440102345805,0.3779336690554891,0.4403974215947989,1682_0,33.142718486487865,"{""type"":""MultiPoint"",""coordinates"":[]}",263.27288895845413,697.020623832941,1349.8812103644013,1709.7153021022677,1791.1764904856682,7.0
6,2019-08-10,-13.75,9.5,0.1560082125462845,0.3728587230749622,134207.0008922165,50040.25098039216,860256,0.0808487244003404,-0.0284513066452935,0.1924960893418288,1682_1,17.597985919564962,"{""type"":""MultiPoint"",""coordinates"":[]}",324.26778646185994,721.1632076650858,1320.907020010054,1634.8569290712476,1711.320555768907,7.0
11,2019-08-10,-13.75,9.75,0.0,0.0,0.0,0.0,859329,,,0.0,1682_2,13.760018162429333,"{""type"":""MultiPoint"",""coordinates"":[]}",396.24860789626837,736.414160579443,1226.2244410812855,1516.8847953900695,1596.6000529006124,7.0
2,2019-08-10,-13.5,9.25,0.1411493573731408,0.3609448424824602,121424.58157638862,43827.57647058823,860256,0.0291712885513802,-0.1434990644165224,0.1811337218624488,1682_3,26.34465554729104,"{""type"":""MultiPoint"",""coordinates"":[]}",312.93492484837765,690.3553917072713,1401.1384136974812,1726.4492977410555,1814.9071242660284,7.0
7,2019-08-10,-13.5,9.5,0.1190475975802033,0.04809085050075,102521.88627450982,4930.364705882353,861184,-0.2807211221380015,-0.5405723937318695,0.0172787297900019,1682_4,22.0762831158936,"{""type"":""MultiPoint"",""coordinates"":[]}",384.8174102604389,673.69574168697,1388.023388106376,1655.2215837873518,1736.4327502436936,7.0
12,2019-08-10,-13.5,9.75,0.0,0.0,0.0,0.0,860256,,,0.0,1682_5,19.126963336020708,"{""type"":""MultiPoint"",""coordinates"":[]}",440.16387546435004,669.5928438566625,1303.595710080117,1546.2768315337598,1670.8922237157822,7.0
3,2019-08-10,-13.25,9.25,0.1609896196882204,0.0190624335189844,138492.2862745098,2640.0,860256,-0.3909850283810629,-0.6360147991319474,0.0084774402603646,1682_6,35.626111552119255,"{""type"":""MultiPoint"",""coordinates"":[]}",337.69590966403484,621.0285485722125,1155.8432960882783,1580.324070993811,1777.6418873108923,7.0
8,2019-08-10,-13.25,9.5,0.103276355689422,0.0016640442023756,88939.94509803921,148.0,861184,-0.4479283826161745,-0.6907013010083994,0.0003308487135163202,1682_7,43.17373549565673,"{""type"":""MultiPoint"",""coordinates"":[]}",408.63010194152594,664.9201684631407,1174.3731391616166,1600.2583848312497,1882.95753672719,7.0
13,2019-08-10,-13.25,9.75,0.0,0.0,0.0,0.0,860256,,,0.0,1682_8,39.33121170848608,"{""type"":""MultiPoint"",""coordinates"":[]}",399.66528629884124,607.646060641855,977.6909342035651,1254.5076934620738,1472.377962898463,7.0
4,2019-08-10,-13.0,9.25,0.1308241131109268,0.0028553395762523,112420.95429549964,321.0,859329,-0.4121010381030315,-0.662672245500127,0.00061601228322918,1682_9,28.83625403046608,"{""type"":""MultiPoint"",""coordinates"":[]}",224.08149763941765,462.933243252337,833.1406228244305,1289.3780441954732,1561.7070444859564,7.0
9,2019-08-10,-13.0,9.5,0.0092109608229707,0.0,7923.78431372549,0.0,860256,-0.449332818241512,-0.6810232378991018,0.0,1682_10,35.28242884203792,"{""type"":""MultiPoint"",""coordinates"":[]}",252.42779729887843,482.9978640191257,784.1254319064319,1187.1430575847626,1501.7336225137115,7.0
14,2019-08-10,-13.0,9.75,0.0,0.0,0.0,0.0,859329,,,0.0,1682_11,27.15621516108513,"{""type"":""MultiPoint"",""coordinates"":[]}",221.029051579535,399.8045874759555,665.0197668932378,976.7460213042796,1204.3106495402753,7.0
5,2019-08-10,-12.75,9.25,0.1048221844923907,0.0017078109913708,90173.9131426861,154.0,860256,-0.4153013731377801,-0.6803283317277803,0.0004263267941165508,1682_12,15.87296137586236,"{""type"":""MultiPoint"",""coordinates"":[]}",163.31644402816892,343.7573555856943,573.5079729929566,902.8038643300533,1115.7109518535435,7.0
10,2019-08-10,-12.75,9.5,0.0,0.0,0.0,0.0,861184,,,0.0,1682_13,15.195196494460106,"{""type"":""MultiPoint"",""coordinates"":[]}",144.81170428916812,314.78097569197416,521.0736682638526,827.1576850675046,1024.4991150684655,7.0
15,2019-08-10,-12.75,9.75,0.0,0.0,0.0,0.0,860256,,,0.0,1682_14,10.913462843745949,"{""type"":""MultiPoint"",""coordinates"":[]}",114.22010604292154,236.67419143021107,426.8959928303957,707.2742134332657,832.3274767026305,7.0
1,2019-09-02,-13.75,9.25,0.0,0.0,0.0,0.0,859329,,,0.0,1705_0,7.718680426478386,"{""type"":""MultiPoint"",""coordinates"":[]}",167.45589394122362,360.8324006199837,1043.9506531693041,2296.516704838723,2534.7636896185577,7.0
6,2019-09-02,-13.75,9.5,0.0,0.0,0.0,0.0,860256,,,0.0,1705_1,10.716740041971208,"{""type"":""MultiPoint"",""coordinates"":[]}",215.56273428723216,411.392985843122,988.2154623046517,2124.1404968313873,2344.4353635422885,7.0
11,2019-09-02,-13.75,9.75,3.568894204303366e-05,0.0,30.668542876898076,0.0,859329,-0.471830035528781,-0.7111841939490352,0.0,1705_2,17.082142643630505,"{""type"":""MultiPoint"",""coordinates"":[]}",232.34520433470607,439.5650792866945,999.5823400095105,1943.6440751887858,2163.883324712515,7.0
2,2019-09-02,-13.5,9.25,0.0,0.0,0.0,0.0,860256,,,0.0,1705_3,8.421885780990124,"{""type"":""MultiPoint"",""coordinates"":[]}",162.08677971735597,361.70614790171385,987.6658110879362,2236.1029391177,2447.3731429316103,7.0
7,2019-09-02,-13.5,9.5,0.0,0.0,0.0,0.0,861184,,,0.0,1705_4,8.453680202364922,"{""type"":""MultiPoint"",""coordinates"":[]}",152.51481253653765,336.33894147351384,949.1974972188473,2081.8254346959293,2261.800714302808,7.0
12,2019-09-02,-13.5,9.75,0.0,0.0,0.0,0.0,860256,,,0.0,1705_5,5.82344364374876,"{""type"":""MultiPoint"",""coordinates"":[]}",159.08037964254618,334.94479302316904,931.6970589570702,1888.2587212137878,2096.5498532168567,7.0
3,2019-09-02,-13.25,9.25,0.0,0.0,0.0,0.0,860256,,,0.0,1705_6,31.361542642116547,"{""type"":""MultiPoint"",""coordinates"":[]}",140.11272927746177,322.9799084365368,904.9506187438965,1911.9019391946495,2213.933110702783,7.0
8,2019-09-02,-13.25,9.5,0.0,0.0,0.0,0.0,861184,,,0.0,1705_7,19.136986695230007,"{""type"":""MultiPoint"",""coordinates"":[]}",156.79041715338826,329.8302856273949,1007.7809691429138,1941.4519099518657,2281.826757825911,7.0
13,2019-09-02,-13.25,9.75,0.0,0.0,0.0,0.0,860256,,,0.0,1705_8,10.910353623330591,"{""type"":""MultiPoint"",""coordinates"":[]}",116.09327280893922,246.7869995161891,832.7252217568457,1515.408519655466,1776.9740018993616,7.0
4,2019-09-02,-13.0,9.25,0.0,0.0,0.0,0.0,859329,,,0.0,1705_9,28.948129154741764,"{""type"":""MultiPoint"",""coordinates"":[]}",173.90606133267283,354.64417515322566,812.9560677334666,1622.7378956973553,1954.6839110553265,7.0
9,2019-09-02,-13.0,9.5,0.0,0.0,0.0,0.0,860256,,,0.0,1705_10,23.89401197433472,"{""type"":""MultiPoint"",""coordinates"":[]}",179.13169879466295,346.6696166433394,826.8867856822908,1529.9110990017653,1845.2408593147993,7.0
14,2019-09-02,-13.0,9.75,0.0,0.0,0.0,0.0,859329,,,0.0,1705_11,13.03858682513237,"{""type"":""MultiPoint"",""coordinates"":[]}",157.4903172440827,297.9141669347882,732.6655858196318,1315.3973007574677,1575.297178234905,7.0
5,2019-09-02,-12.75,9.25,0.0,0.0,0.0,0.0,860256,,,0.0,1705_12,15.11428877711296,"{""type"":""MultiPoint"",""coordinates"":[]}",123.17687924951315,257.7655860222876,616.22847430408,1152.7119115926325,1412.3077145777643,7.0
10,2019-09-02,-12.75,9.5,0.0,0.0,0.0,0.0,861184,,,0.0,1705_13,11.271767318248749,"{""type"":""MultiPoint"",""coordinates"":[]}",141.65850542485714,272.998227737844,605.2554096095264,1130.0958092324436,1334.7386899404228,7.0
15,2019-09-02,-12.75,9.75,0.0,0.0,0.0,0.0,860256,,,0.0,1705_14,7.3286378756165504,"{""type"":""MultiPoint"",""coordinates"":[]}",158.78830756992102,266.91667921841145,551.2248263694346,1021.31024049595,1189.2292643897235,7.0
1,2019-09-11,-13.75,9.25,0.0323093903248131,0.9525370410206556,27764.39607843137,26446.615686274512,859329,0.674689767729947,0.4676042747655162,0.1156365548725195,1714_0,25.02283360809088,"{""type"":""MultiPoint"",""coordinates"":[]}",241.38943385332823,393.52342672646046,720.7688353955746,2361.7401416413486,2717.468363698572,7.0
6,2019-09-11,-13.75,9.5,0.2166939023209775,0.3668545599421098,186412.22963503483,68386.17647058824,860256,0.0492195797932268,-0.1938087821059024,0.2708836646325221,1714_1,22.415464278310537,"{""type"":""MultiPoint"",""coordinates"":[]}",192.38153705373406,392.18123350292444,738.9533785171807,2173.109474591911,2484.291481785476,7.0
11,2019-09-11,-13.75,9.75,0.4954251358636237,0.1143605246744859,425733.18657655193,48687.0705882353,859329,-0.2700525598564807,-0.5347982119456329,0.1941327472134281,1714_2,17.366529442369938,"{""type"":""MultiPoint"",""coordinates"":[]}",171.48315627127886,413.9078133739531,746.2051608599722,2020.729273557663,2300.063190050423,7.0
2,2019-09-11,-13.5,9.25,0.1061638879224643,0.559147621605372,91328.12156862744,51065.90196078432,860256,0.2794027754157426,0.0021666287127955,0.2174264080942935,1714_3,28.509126976132396,"{""type"":""MultiPoint"",""coordinates"":[]}",196.5043367817998,345.5641237087548,672.9014702141285,2265.088082756847,2584.3183477409184,7.0
7,2019-09-11,-13.5,9.5,0.1523985946935254,0.070611895458646,131243.23137254902,9267.333333333332,861184,-0.2756468111447371,-0.5231727898138205,0.0372830673669896,1714_4,24.593237787485123,"{""type"":""MultiPoint"",""coordinates"":[]}",169.13750302046537,315.18674548715353,620.6896719522774,2120.6988752819598,2384.2622307129204,7.0
12,2019-09-11,-13.5,9.75,0.4217208960833793,0.00019390142833637823,362787.9311811036,70.34509803921569,860256,-0.4860805850351264,-0.6999600915296894,0.00018265599515109528,1714_5,21.94576058536768,"{""type"":""MultiPoint"",""coordinates"":[]}",151.05424355715513,309.3946101143956,596.3282287120819,1943.524185102433,2188.534114975482,7.0
3,2019-09-11,-13.25,9.25,0.0703884634797266,0.0008422499244695137,60552.098039215685,51.0,860256,-0.4403344131574802,-0.6942034874520785,0.00015286410310134705,1714_6,22.201657760888335,"{""type"":""MultiPoint"",""coordinates"":[]}",248.35547572001815,408.9369736611843,712.5386786647141,1993.9958020113409,2402.1884612739086,7.0
8,2019-09-11,-13.25,9.5,0.0523879754785386,2.216523968881742e-05,45115.68627450981,1.0,861184,-0.4512252047010773,-0.6872446151907793,1.1858376828541942e-06,1714_7,25.018075481057167,"{""type"":""MultiPoint"",""coordinates"":[]}",298.7277414649725,460.72357380762696,815.2040541172028,2080.6903331540525,2497.8760108351707,7.0
13,2019-09-11,-13.25,9.75,0.05414715127207,0.0,46580.41176470589,0.0,860256,-0.4279721202086866,-0.7026647771470989,0.0,1714_8,20.0330913066864,"{""type"":""MultiPoint"",""coordinates"":[]}",201.70326018705964,325.38754446431994,595.4985450953245,1613.519280217588,1888.354622758925,7.0
4,2019-09-11,-13.0,9.25,0.055121153739235,0.0111442205206105,47367.20592158313,527.8705882352941,859329,-0.43395287373662,-0.7013179998378024,0.0020371191720081,1714_9,24.385320022702217,"{""type"":""MultiPoint"",""coordinates"":[]}",235.18033744767308,427.3565160110593,773.655032273382,1683.9543175883591,2124.9203863553703,7.0
9,2019-09-11,-13.0,9.5,0.0452823345608749,0.0,38954.4,0.0,860256,-0.4481791981500472,-0.703204742241066,0.0,1714_10,25.578174740076065,"{""type"":""MultiPoint"",""coordinates"":[]}",261.82934921234846,454.3019998818636,808.3611144684255,1645.895427558571,2040.2336586266756,7.0
14,2019-09-11,-13.0,9.75,0.0246348798500535,0.0,21169.466666666667,0.0,859329,-0.4322220036973399,-0.7073460138833906,0.0,1714_11,21.70550264418125,"{""type"":""MultiPoint"",""coordinates"":[]}",195.1654264703393,359.21256290748715,685.2676733396947,1370.9020866081119,1676.6127133741975,7.0
5,2019-09-11,-12.75,9.25,0.1382588648676092,0.0021860125488098,118938.01805555006,260.0,860256,-0.4567580017072792,-0.7009375564862054,0.00086686448137032,1714_12,21.721510216593742,"{""type"":""MultiPoint"",""coordinates"":[]}",161.5051729604602,294.34011690318584,587.2205635532737,1199.7618866153061,1519.1621123813093,7.0
10,2019-09-11,-12.75,9.5,0.3878028940299101,0.011569913700285,333969.6474922541,3864.0,861184,-0.4663713263151461,-0.7027338123735077,0.0146144889329495,1714_13,23.876787163317204,"{""type"":""MultiPoint"",""coordinates"":[]}",188.9029941521585,337.90557412430644,630.8687678538263,1180.2277169190347,1481.846689246595,7.0
15,2019-09-11,-12.75,9.75,0.4141665215828845,0.0035867532398027,356289.23519080586,1277.9215686274508,860256,-0.4622409763319461,-0.7157298132530299,0.004075924329976,1714_14,24.945844896137714,"{""type"":""MultiPoint"",""coordinates"":[]}",180.5314109660685,348.39035337790847,613.3519257418811,1047.0877829939127,1316.5111653506756,7.0
1,2019-09-18,-13.75,9.25,0.0,0.0,0.0,0.0,859329,,,0.0,1721_0,6.361806765198708,"{""type"":""MultiPoint"",""coordinates"":[]}",120.06618594750763,366.52397690340877,710.7514957897365,2096.67892428115,2804.4985868036747,7.0
6,2019-09-18,-13.75,9.5,0.0147662447586649,1.0009457837205684,12702.750651110093,12714.764705882351,860256,0.5260897521522516,0.4932970752656185,0.0518101136541275,1721_1,7.860507816076279,"{""type"":""MultiPoint"",""coordinates"":[]}",119.12662629038095,319.57480078563094,716.9799781404436,2011.9575001299381,2568.368837237358,7.0
11,2019-09-18,-13.75,9.75,0.1874133401836651,0.2467024788884866,161049.71820668876,39731.36470588236,859329,-0.1520449633293589,-0.4027309822913164,0.1453559094871497,1721_2,11.539255268871784,"{""type"":""MultiPoint"",""coordinates"":[]}",115.5025688931346,306.79648369550705,737.3836422339082,1875.5232840776443,2384.3053858727217,7.0
2,2019-09-18,-13.5,9.25,0.0,0.0,0.0,0.0,860256,,,0.0,1721_3,3.931839019060135,"{""type"":""MultiPoint"",""coordinates"":[]}",121.31158495321871,322.04598700627685,669.1805296577513,1974.84808601439,2675.166287459433,7.0
7,2019-09-18,-13.5,9.5,0.0,0.0,0.0,0.0,861184,,,0.0,1721_4,5.960949696600437,"{""type"":""MultiPoint"",""coordinates"":[]}",118.50576242431998,296.615541446954,628.4169349819422,1820.2450694516301,2469.6332840248942,7.0
12,2019-09-18,-13.5,9.75,0.0,0.0,0.0,0.0,860256,,,0.0,1721_5,10.614017024636269,"{""type"":""MultiPoint"",""coordinates"":[]}",100.38152616471052,268.834974616766,595.3499404713511,1605.9396262280643,2263.4472656063735,7.0
3,2019-09-18,-13.25,9.25,0.0,0.0,0.0,0.0,860256,,,0.0,1721_6,4.201944917440414,"{""type"":""MultiPoint"",""coordinates"":[]}",132.47773796319962,392.0445810072124,729.4385596178472,1831.8111039698124,2481.3520312309265,7.0
8,2019-09-18,-13.25,9.5,0.0,0.0,0.0,0.0,861184,,,0.0,1721_7,6.961070001125336,"{""type"":""MultiPoint"",""coordinates"":[]}",165.8451957628131,481.1794953420758,818.2461862452328,1974.1421211510897,2602.5685435160995,7.0
13,2019-09-18,-13.25,9.75,0.0,0.0,0.0,0.0,860256,,,0.0,1721_8,10.563996620476246,"{""type"":""MultiPoint"",""coordinates"":[]}",121.22426927089693,343.28766260296106,594.9383471161127,1519.5572832599282,1977.6708502322435,7.0
4,2019-09-18,-13.0,9.25,0.0,0.0,0.0,0.0,859329,,,0.0,1721_9,8.37594736367464,"{""type"":""MultiPoint"",""coordinates"":[]}",128.71925393119454,384.473891928792,749.5014206506312,1621.2722063064575,2202.9273556545377,7.0
9,2019-09-18,-13.0,9.5,0.0,0.0,0.0,0.0,860256,,,0.0,1721_10,11.731327511370182,"{""type"":""MultiPoint"",""coordinates"":[]}",141.3135165348649,427.01363656669855,784.5856309868395,1650.8727329783142,2131.7466842010617,7.0
14,2019-09-18,-13.0,9.75,0.0,0.0,0.0,0.0,859329,,,0.0,1721_11,17.683664336800575,"{""type"":""MultiPoint"",""coordinates"":[]}",125.16582105308771,332.64440577477217,632.4673499912024,1388.4619204327464,1768.5821121558547,7.0
5,2019-09-18,-12.75,9.25,0.0,0.0,0.0,0.0,860256,,,0.0,1721_12,5.793590098619461,"{""type"":""MultiPoint"",""coordinates"":[]}",91.58304519951344,268.06031446903944,528.3035119064152,1191.4151958189905,1567.2249333001673,7.0
10,2019-09-18,-12.75,9.5,0.0,0.0,0.0,0.0,861184,,,0.0,1721_13,9.093541651964188,"{""type"":""MultiPoint"",""coordinates"":[]}",95.77024448662996,301.30763491615653,572.0055620186031,1202.93498178944,1547.2739608958364,7.0
15,2019-09-18,-12.75,9.75,0.0,0.0,0.0,0.0,860256,,,0.0,1721_14,16.12598355859518,"{""type"":""MultiPoint"",""coordinates"":[]}",92.25800121203065,284.2491762712598,547.4393982440233,1079.796761739999,1387.1447914279997,7.0
1,2019-09-27,-13.75,9.25,0.1298274113266408,0.9854440543058404,111564.45954791098,109940.53333333334,859329,0.5530940735555887,0.4988746827723035,0.4547546796373585,1730_0,0.3195209428668022,"{""type"":""MultiPoint"",""coordinates"":[]}",133.9908316731453,243.2346255518496,636.4844548515975,1790.417498908937,2861.809260211885,7.0
6,2019-09-27,-13.75,9.5,9.0670684075438e-05,0.0,78.0,0.0,860256,-0.1295493343510688,-0.4534747733157244,0.0,1730_1,0.6425781175494194,"{""type"":""MultiPoint"",""coordinates"":[]}",127.31666583567858,238.47102420404553,621.1469424888492,1634.7794495522976,2633.0487625673413,7.0
11,2019-09-27,-13.75,9.75,0.0,0.0,0.0,0.0,859329,,,0.0,1730_2,1.654614694416523,"{""type"":""MultiPoint"",""coordinates"":[]}",106.62192152813077,221.99113992974162,618.23236849159,1559.7705352120101,2429.436581209302,7.0
2,2019-09-27,-13.5,9.25,0.1427842261157744,0.7238450330103048,122830.98722145164,88910.59999999999,860256,0.3921747336425009,0.133926228404218,0.3903709592616627,1730_3,0.4001110792160034,"{""type"":""MultiPoint"",""coordinates"":[]}",99.61166512221098,203.3168594352901,548.7058945000172,1633.5847787559032,2709.4803052023053,7.0
7,2019-09-27,-13.5,9.5,0.0,0.0,0.0,0.0,861184,,,0.0,1730_4,0.8671805262565613,"{""type"":""MultiPoint"",""coordinates"":[]}",98.11204206198454,202.66096340492368,517.5881688483059,1485.6056030839682,2516.878583468497,7.0
12,2019-09-27,-13.5,9.75,0.0,0.0,0.0,0.0,860256,,,0.0,1730_5,1.0669343173503876,"{""type"":""MultiPoint"",""coordinates"":[]}",107.93404094874859,202.47053261846304,503.5996758379042,1410.3027121163905,2324.770217295736,6.0
3,2019-09-27,-13.25,9.25,0.0032992349743166,0.0,2838.186682065738,0.0,860256,-0.4100871737191598,-0.6312091721993937,0.0,1730_6,1.018027774989605,"{""type"":""MultiPoint"",""coordinates"":[]}",138.55119654908776,260.35542879253626,673.621176276356,1621.816921979189,2530.8487717993557,7.0
8,2019-09-27,-13.25,9.5,0.0,0.0,0.0,0.0,861184,,,0.0,1730_7,1.599995419383049,"{""type"":""MultiPoint"",""coordinates"":[]}",150.80160461366177,303.31904254853725,762.8397326916456,1784.62119307369,2653.8852332159877,7.0
13,2019-09-27,-13.25,9.75,0.0,0.0,0.0,0.0,860256,,,0.0,1730_8,1.43451988697052,"{""type"":""MultiPoint"",""coordinates"":[]}",106.13458137959242,221.53897117823362,544.227706734091,1394.3802365101874,2028.9963260293007,7.0
4,2019-09-27,-13.0,9.25,0.0246812277721089,0.0,21209.294780178632,0.0,859329,-0.432939833412477,-0.6538417539511934,0.0,1730_9,0.6520561873912811,"{""type"":""MultiPoint"",""coordinates"":[]}",143.12650728970766,268.17720709368587,707.0105872116983,1508.8804815895855,2249.9549705535173,7.0
9,2019-09-27,-13.0,9.5,0.0,0.0,0.0,0.0,860256,,,0.0,1730_10,0.9357137605547904,"{""type"":""MultiPoint"",""coordinates"":[]}",123.9847163669765,261.42817502841353,722.0808183774352,1528.8971532136202,2174.5556998066604,7.0
14,2019-09-27,-13.0,9.75,0.0,0.0,0.0,0.0,859329,,,0.0,1730_11,3.3394675701856613,"{""type"":""MultiPoint"",""coordinates"":[]}",86.3339202478528,217.2930659726262,580.5390677414834,1264.2072648741305,1811.3207938149571,7.0
5,2019-09-27,-12.75,9.25,0.0210501816878222,0.0,18108.545098039216,0.0,860256,-0.4405346899279199,-0.6655269321589375,0.0,1730_12,0.2683671191334724,"{""type"":""MultiPoint"",""coordinates"":[]}",124.80223784223199,208.97030225023627,516.7219280265272,1130.1828739233315,1609.2922249808908,7.0
10,2019-09-27,-12.75,9.5,0.0,0.0,0.0,0.0,861184,,,0.0,1730_13,0.3327550366520881,"{""type"":""MultiPoint"",""coordinates"":[]}",83.69802497327328,172.09486570209265,520.9544156678021,1093.9824357628822,1569.8068281635642,7.0
15,2019-09-27,-12.75,9.75,0.0,0.0,0.0,0.0,860256,,,0.0,1730_14,1.7397431656718254,"{""type"":""MultiPoint"",""coordinates"":[]}",59.57699287682772,151.845617685467,509.8455250263214,973.1344557367265,1417.3033111728728,7.0
1,2019-10-29,-13.75,9.25,0.4938103730983276,0.9864393321163348,424345.5741042128,418591.1647058823,859329,0.6667691050990254,0.606667957183661,1.980576972030336,1762_0,1.808232627809048,"{""type"":""MultiPoint"",""coordinates"":[]}",76.16023486480117,127.92905839160085,263.2671152241528,855.2965614944696,2025.4382812418044,5.0
6,2019-10-29,-13.75,9.5,0.8419136055453545,0.5773429475840484,724261.2306520245,418147.11372549017,860256,0.2913818384828812,0.0966735928706955,1.8857095182656007,1762_1,2.196535468101501,"{""type"":""MultiPoint"",""coordinates"":[]}",55.53330294787884,99.93177466094494,230.11197557207197,811.4041289081797,1849.8724804958329,5.0
11,2019-10-29,-13.75,9.75,0.8755339483504596,0.1818493695755795,752371.7123020521,136818.32156862746,859329,-0.2052939029857672,-0.5198810516443265,0.5265194361482634,1762_2,1.3028327375650406,"{""type"":""MultiPoint"",""coordinates"":[]}",46.46203899756074,85.161950904876,226.39476309996098,808.8185241213068,1775.8639570092782,6.0
2,2019-10-29,-13.5,9.25,0.5953778738367347,0.3417876576064326,512177.388235294,175055.9098039216,860256,-0.030024266216428,-0.2839360607520345,0.7497133043981027,1762_3,1.3581346720457077,"{""type"":""MultiPoint"",""coordinates"":[]}",61.5562479943037,102.46169846504927,226.29014239646494,735.1039100904018,1825.1911068800837,5.0
7,2019-10-29,-13.5,9.5,0.9506884639259984,0.0867343476368487,818717.6941176469,71010.94509803921,861184,-0.3328953709971481,-0.5681384886719851,0.2226285507224973,1762_4,1.0614385828375816,"{""type"":""MultiPoint"",""coordinates"":[]}",44.891107361763716,84.24903871491551,201.03781801299192,688.3132102957461,1678.0396685062442,6.0
12,2019-10-29,-13.5,9.75,0.9522407724485052,0.0014658054735611,819170.8379434614,1200.7450980392157,860256,-0.5361150209578956,-0.6858016605551593,0.0026993557357776,1762_5,0.3251573070883751,"{""type"":""MultiPoint"",""coordinates"":[]}",46.73825763165951,92.20697218552232,237.15320008341223,712.1987176360562,1642.5518022151664,7.0
3,2019-10-29,-13.25,9.25,0.6183366597233952,0.077496744558154,531927.821547009,41222.67450980392,860256,-0.373673218487154,-0.6172507363132693,0.1494568902689374,1762_6,1.2771813198924065,"{""type"":""MultiPoint"",""coordinates"":[]}",98.87526603415608,173.20321733132005,312.01213141321205,948.3537502528634,1910.9581178927328,7.0
8,2019-10-29,-13.25,9.5,0.8581913445929799,9.471482419705562e-06,739060.6549019607,7.0,861184,-0.5115260847487029,-0.7005088435888557,1.067253914568775e-05,1762_7,1.5091123059391975,"{""type"":""MultiPoint"",""coordinates"":[]}",89.1177817247808,203.98289943113923,379.3810286151711,1115.1534343662206,2156.4462470414583,7.0
13,2019-10-29,-13.25,9.75,0.972838869993068,0.001014469665288,836890.4749447568,849.0,860256,-0.5387200495650678,-0.6953725393443758,0.0016269734414624,1762_8,1.170145347714424,"{""type"":""MultiPoint"",""coordinates"":[]}",58.70683304965496,132.83415883779526,309.9227503989823,843.6584736336954,1695.3907663119026,7.0
4,2019-10-29,-13.0,9.25,0.4937545255306336,0.0014345739862101,424297.5826697138,608.686274509804,859329,-0.4893228742011753,-0.7162353638444567,0.0012809617715227,1762_9,2.14326661080122,"{""type"":""MultiPoint"",""coordinates"":[]}",93.01742119714618,172.98235138878226,333.7398887379095,997.6751151261851,1816.3851987337694,7.0
9,2019-10-29,-13.0,9.5,0.7738783457436836,0.0,665733.4901960783,0.0,860256,-0.5255462159309592,-0.702803990465107,0.0,1762_10,0.9929882362484932,"{""type"":""MultiPoint"",""coordinates"":[]}",72.08139169961214,147.4022283218801,331.28809920162894,1020.6472965946887,1841.770789498696,7.0
14,2019-10-29,-13.0,9.75,0.9289064972963832,0.0032910054682461,798236.2914152037,2627.0,859329,-0.5201792826189491,-0.6982558099562766,0.0085073343480075,1762_11,0.3741299733519554,"{""type"":""MultiPoint"",""coordinates"":[]}",54.44483272731304,110.84365658462048,276.2143296422437,831.268684589304,1527.2256979951635,5.0
5,2019-10-29,-12.75,9.25,0.4969028727098292,0.0033118007067503,427463.67766586685,1415.6745098039214,860256,-0.4948070528408861,-0.710683841995492,0.0026712624509309,1762_12,0.6436742842197418,"{""type"":""MultiPoint"",""coordinates"":[]}",54.207720793783665,105.59441801160574,249.67096792533994,738.3979242295027,1358.6084879934788,6.0
10,2019-10-29,-12.75,9.5,0.7864891510455948,0.0061341742037885,677311.8730540496,4154.749019607843,861184,-0.4987812433497113,-0.702250722973733,0.0079147477828352,1762_13,0.3955764696002006,"{""type"":""MultiPoint"",""coordinates"":[]}",41.42202902585268,81.25621825456619,217.7733244607225,710.3764862986282,1292.50269907061,5.0
15,2019-10-29,-12.75,9.75,0.9723732804033084,0.0003965121540137889,836489.9487066284,331.678431372549,860256,-0.5123659782731431,-0.7075777083118959,0.000502063785764092,1762_14,0.069616362452507,"{""type"":""MultiPoint"",""coordinates"":[]}",26.492195203900337,53.17161697894335,183.3075806207489,663.6456167034339,1144.231231388403,5.0
1,2019-11-14,-13.75,9.25,0.0399418128495851,0.7308285860287018,34323.15809422112,25084.34509803921,859329,0.5079999092984913,0.3091379898556333,0.1168151072363582,1778_0,0.3436906263232231,"{""type"":""MultiPoint"",""coordinates"":[]}",36.57741844654083,72.41916842758656,191.318164113909,517.8634510375559,1267.5429796800017,6.0
6,2019-11-14,-13.75,9.5,0.4222092426718687,0.3559430094830151,363208.0342639312,129281.36078431371,860256,0.0731659733557047,-0.1954650903811943,0.556498709144211,1778_1,0.7043015211820602,"{""type"":""MultiPoint"",""coordinates"":[]}",38.95610384643078,70.22638246417046,164.75051268935204,485.1418494945392,1244.9614367214963,7.0
11,2019-11-14,-13.75,9.75,0.8968210797827845,0.1380034353495779,770664.3616686604,106354.32941176472,859329,-0.2500112623077952,-0.5400204052600331,0.4608686085911317,1778_2,2.4095578119158745,"{""type"":""MultiPoint"",""coordinates"":[]}",47.81271889805794,82.76315033435822,166.159029584378,492.98978492151946,1251.6108284471557,7.0
2,2019-11-14,-13.5,9.25,0.448745585445427,0.2073219692224035,386036.0823529412,80033.76078431372,860256,-0.117789305185679,-0.4099102658129854,0.3401328554807578,1778_3,0.9710071608424188,"{""type"":""MultiPoint"",""coordinates"":[]}",35.20634863525629,62.104121781885624,158.4976315498352,432.4617844540626,1142.0245438348502,7.0
7,2019-11-14,-13.5,9.5,0.6359633831981071,0.0788582858879334,547681.4901960787,43189.22352941176,861184,-0.3523491519867623,-0.5691979403946322,0.1487097452795708,1778_4,2.939586527645588,"{""type"":""MultiPoint"",""coordinates"":[]}",42.748658917844296,73.02036415785551,154.02588853612542,416.2582144199405,1082.9564010782633,7.0
12,2019-11-14,-13.5,9.75,0.7785775393027786,0.0011603059805738,669775.9996504511,777.1450980392158,860256,-0.5457074155178011,-0.6783088559875577,0.0017750155738686,1778_5,9.452598169445992,"{""type"":""MultiPoint"",""coordinates"":[]}",43.53372473269701,76.54592208564281,159.9827092140913,482.3320839786902,1094.39543785993,7.0
3,2019-11-14,-13.25,9.25,0.93418787026798,0.054030475419039,803640.7205252514,43421.09019607843,860256,-0.4220696083548765,-0.65495367854295,0.1712703305771851,1778_6,5.257607437670231,"{""type"":""MultiPoint"",""coordinates"":[]}",50.20514503121376,98.41340687125921,268.21949193254113,608.5318649129476,1352.9052139201667,7.0
8,2019-11-14,-13.25,9.5,0.6525494631376628,7.117879019992273e-06,561965.1568627451,4.0,861184,-0.5150524499250275,-0.7056950460637461,7.115026097125167e-06,1778_7,9.544843807816504,"{""type"":""MultiPoint"",""coordinates"":[]}",51.77512671798468,95.96176259219646,290.87266186252236,702.1896267833654,1532.3664407769684,7.0
13,2019-11-14,-13.25,9.75,0.7545354917278398,0.000989071401945528,649093.6839718246,642.0,860256,-0.5455907317122078,-0.6826637069868924,0.0009363107551523664,1778_8,9.020734578371048,"{""type"":""MultiPoint"",""coordinates"":[]}",27.509963139891624,57.27554205805064,184.63947717100382,539.0025771339424,1131.6428140853532,7.0
4,2019-11-14,-13.0,9.25,0.97712469261471,0.0033907000793316,839671.5849799061,2847.074509803921,859329,-0.5293742633512868,-0.7391342350021289,0.0100404055743109,1778_9,6.414541974663734,"{""type"":""MultiPoint"",""coordinates"":[]}",40.50094727426767,95.21923866122961,260.7938922010362,644.0225968835875,1413.8733729487285,7.0
9,2019-11-14,-13.0,9.5,0.8557306744257792,0.0,736147.4470588231,0.0,860256,-0.5446485020953286,-0.7093604298618107,0.0,1778_10,11.686677113175392,"{""type"":""MultiPoint"",""coordinates"":[]}",39.856286719441414,94.30124703794718,232.0730402134359,629.2523652373347,1428.4663171565626,7.0
14,2019-11-14,-13.0,9.75,0.8756354807104605,0.0028200873498139,752458.9620034393,2122.0,859329,-0.5331215288300212,-0.6957612130131806,0.0034143227239667,1778_11,6.348303519189358,"{""type"":""MultiPoint"",""coordinates"":[]}",19.60384100675583,49.85122242942452,154.51330179348588,494.93831081781536,1138.116940506734,6.0
5,2019-11-14,-12.75,9.25,0.9803944453676592,0.0031184272332504,843390.2039942009,2630.050980392157,860256,-0.5453754660776051,-0.7333697728226192,0.0092448129369283,1778_12,4.472821019589901,"{""type"":""MultiPoint"",""coordinates"":[]}",20.750634372234344,75.39340388029814,174.31962583214045,497.72353656589985,1040.9693378023803,6.0
10,2019-11-14,-12.75,9.5,0.9795537885264508,0.003587997810345,843576.049818363,3026.749019607844,861184,-0.5429865014911666,-0.7136388973001715,0.0093389245382068,1778_13,4.4013699516654015,"{""type"":""MultiPoint"",""coordinates"":[]}",20.652277395129204,53.38638089597225,128.79087682813406,402.85877941641957,996.487554279156,7.0
15,2019-11-14,-12.75,9.75,0.9797961779557376,0.00041960931860737127,842875.5408634911,353.678431372549,860256,-0.5413129397019854,-0.6994713267466907,0.0009179760452248818,1778_14,2.235161140561104,"{""type"":""MultiPoint"",""coordinates"":[]}",10.062199085950851,26.52078401297331,76.27663016319275,323.5281007073354,888.0323692865204,3.0
1,2019-12-16,-13.75,9.25,0.3778782791078853,0.9699007747438032,324721.7637075,314947.89019607846,859329,0.7169501337300999,0.5916858857299768,1.492334730127869,1810_0,0.0,"{""type"":""MultiPoint"",""coordinates"":[]}",1.0608676820993423,1.972566358745098,14.816035516560078,201.93695509806275,511.6694229654968,0.0
6,2019-12-16,-13.75,9.5,0.8711535737091308,0.5014839975524981,749415.088704722,375819.674509804,860256,0.2345897837845146,0.0675283626856499,1.7310917113261997,1810_1,0.0,"{""type"":""MultiPoint"",""coordinates"":[]}",2.1738046780228615,3.1167976558208466,17.92775373905897,178.8312764838338,480.7371370261535,1.0
11,2019-12-16,-13.75,9.75,0.9798270750978428,0.1178838701255231,841993.8206167541,99257.49019607843,859329,-0.287179164571309,-0.4951381909611688,0.4437394884639423,1810_2,0.0,"{""type"":""MultiPoint"",""coordinates"":[]}",1.22974906116724,2.0294534042477603,23.152821697294712,187.08613002672791,491.7481051525101,1.0
2,2019-12-16,-13.5,9.25,0.7734413486035712,0.2500415197659488,665357.5607843137,166367.01568627448,860256,-0.1063378752848398,-0.3221308963237449,0.7422749879190955,1810_3,0.0,"{""type"":""MultiPoint"",""coordinates"":[]}",1.537606120109558,2.450419589877128,14.87018447369337,170.82162108272314,427.93800332583487,1.0
7,2019-12-16,-13.5,9.5,0.9789612722876012,0.0506373575155382,843065.7843137254,42690.623529411765,861184,-0.3792050194216557,-0.5407799029301528,0.1412541784065184,1810_4,0.0,"{""type"":""MultiPoint"",""coordinates"":[]}",1.3137264177203178,2.4891626089811325,30.911436304450035,185.58947509154677,439.58199527696706,1.0
12,2019-12-16,-13.5,9.75,0.9791329953198732,0.0005047447212535511,842305.0340218927,425.1490196078431,860256,-0.5309758036238558,-0.5940190066101843,0.0008331169009447773,1810_5,0.0,"{""type"":""MultiPoint"",""coordinates"":[]}",0.08633453398942934,0.24190731346607175,29.1825570166111,194.76717803627253,509.29474795702845,0.0
3,2019-12-16,-13.25,9.25,0.9594329260460676,0.0335774274770404,825357.931228686,27713.396078431368,860256,-0.4398208430292672,-0.6190943903155286,0.0978897522990909,1810_6,0.0,"{""type"":""MultiPoint"",""coordinates"":[]}",2.5576306506991386,3.1637158244848247,46.27319425344467,311.74965715035796,641.3612492324319,1.0
8,2019-12-16,-13.25,9.5,0.9792166753369004,1.0523728142349186e-05,843285.7333333332,8.874509803921569,861184,-0.5292207896301376,-0.6485236352687395,1.170956582520338e-05,1810_7,0.0,"{""type"":""MultiPoint"",""coordinates"":[]}",1.225433312356472,1.9507547840476032,63.30782547593116,355.2770563401282,766.5101789461914,0.0
13,2019-12-16,-13.25,9.75,0.979388430223218,0.00017684939920922213,842524.7734301046,149.0,860256,-0.541390400543404,-0.607969714440118,0.00018275266957346568,1810_8,0.0,"{""type"":""MultiPoint"",""coordinates"":[]}",0.02740789204835872,0.17081946134567214,35.05334630608559,224.81843084096909,581.96162461536,0.0
4,2019-12-16,-13.0,9.25,0.9821274331250384,0.0016060544872311,843970.5849799061,1355.4627450980392,859329,-0.5304882521897044,-0.6931051519112831,0.0016673352676304,1810_9,0.0,"{""type"":""MultiPoint"",""coordinates"":[]}",1.072857528924942,1.1908812448382373,30.945460312068462,295.6801797263324,664.1063409624621,1.0
9,2019-12-16,-13.0,9.5,0.980565393028468,1.1854840848947565e-06,843537.2627450977,1.0,860256,-0.5341491859078514,-0.6485389523122699,2.370968169789513e-06,1810_10,0.0,"{""type"":""MultiPoint"",""coordinates"":[]}",0.10105967521667467,0.19720662385225257,26.08125377446413,274.7222403995693,657.4350236041937,0.0
14,2019-12-16,-13.0,9.75,0.980741642086394,0.0017406683381856,842779.7345524589,1467.0,859329,-0.5520333152662953,-0.6334759057278717,0.0024177865571383,1810_11,0.0,"{""type"":""MultiPoint"",""coordinates"":[]}",0.014604069292545192,0.07845368236303278,16.135643236339092,179.00143517181277,502.8516292804852,0.0
5,2019-12-16,-12.75,9.25,0.9811651461823004,0.0019414304459491,844053.2039942009,1638.6705882352942,860256,-0.5529977835574836,-0.6585829879496864,0.0025472282895227,1810_12,0.0,"{""type"":""MultiPoint"",""coordinates"":[]}",0.2541774883866309,0.3211032599210737,19.350516609847546,194.29494719952345,509.4028152525425,0.0
10,2019-12-16,-12.75,9.5,0.9795537885264508,0.001918912965768,843576.049818363,1618.7490196078431,861184,-0.5375558119823788,-0.6132478261561268,0.0021115270295452,1810_13,0.0,"{""type"":""MultiPoint"",""coordinates"":[]}",0.04043150693178163,0.08990336209535561,10.695151053369043,144.31710448116064,407.15935884509236,0.0
15,2019-12-16,-12.75,9.75,0.9797961779557376,0.00025886174733530983,842875.5408634911,218.18823529411765,860256,-0.5323853720489271,-0.5873970124841263,0.0003243285920042678,1810_14,0.0,"{""type"":""MultiPoint"",""coordinates"":[]}",0.013414770364761191,0.089861452579498,8.814426138997078,85.7096305117011,320.7283131487202,0.0
1,2020-01-01,-13.75,9.25,0.2009200480755463,0.9424730326644624,172656.42399271118,162724.02352941173,859329,0.7455556260516671,0.6449057106026647,0.7706392860495653,1826_0,0.0596828758716583,"{""type"":""MultiPoint"",""coordinates"":[]}",0.032257288694381554,0.17539877444505655,1.8901955336332315,61.01757846772671,328.5712315700948,0.0
6,2020-01-01,-13.75,9.5,0.9316738948520438,0.5269218755347247,801478.0580898398,422316.3215686274,860256,0.2635193311913353,0.0823135095645588,1.9692424972085243,1826_1,0.0487901270389556,"{""type"":""MultiPoint"",""coordinates"":[]}",0.07580313831567739,0.19883178174495658,2.889618277549743,68.44107434153557,290.2034953003749,0.0
11,2020-01-01,-13.75,9.75,0.979828238796496,0.1118089547336587,841994.8206167541,94142.56078431374,859329,-0.2896326089753614,-0.4767278862142942,0.4263463637002315,1826_2,0.0041248276829719,"{""type"":""MultiPoint"",""coordinates"":[]}",0.008870847523212318,0.27923379093408573,1.6476372256875034,88.94997090101242,305.90005207341164,0.0
2,2020-01-01,-13.5,9.25,0.732821980761951,0.1961163379968258,630414.5058823529,123634.5843137255,860256,-0.1727744337482063,-0.3548328743400212,0.562031288720605,1826_3,0.0402657315135002,"{""type"":""MultiPoint"",""coordinates"":[]}",0.007961876690387629,0.38633309304714186,2.4001151323318477,61.055585741996765,283.3900286350399,0.0
7,2020-01-01,-13.5,9.5,0.9789612722876012,0.0326149646871229,843065.7843137254,27496.56078431372,861184,-0.3889084086365127,-0.5170130592678521,0.1065325142096347,1826_4,0.0042244791984558,"{""type"":""MultiPoint"",""coordinates"":[]}",0.00617001205682753,0.3347154706716536,1.770958304405212,91.3486685603857,286.1057104601059,0.0
12,2020-01-01,-13.5,9.75,0.9791329953198727,0.00013107821831489288,842305.0340218926,110.4078431372549,860256,-0.5088722635241507,-0.5529991191580425,0.0002207149522181804,1826_5,0.0180602073669433,"{""type"":""MultiPoint"",""coordinates"":[]}",0.0180425122380255,0.07642153650522206,0.28203986585140167,101.54000762850046,330.3733655484393,0.0
3,2020-01-01,-13.25,9.25,0.9567611048896492,0.0258918032151379,823059.48104795,21310.494117647057,860256,-0.4536520551558972,-0.5951017304109101,0.0656720079771315,1826_6,0.0011716037988662,"{""type"":""MultiPoint"",""coordinates"":[]}",0.00046659260988235474,1.098828390240669,3.9593381807208052,122.95610457658769,435.5321341136005,0.0
8,2020-01-01,-13.25,9.5,0.9792166753369004,1.1858376828541946e-05,843285.7333333332,10.0,861184,-0.5182723575785358,-0.6160785001064554,1.897340292566711e-05,1826_7,0.0110063701868057,"{""type"":""MultiPoint"",""coordinates"":[]}",0.0067651271820067605,1.5587732195854185,3.216686658561229,165.6088512390852,522.5602548161987,0.0
13,2020-01-01,-13.25,9.75,0.979388430223218,0.0008189670164722367,842524.7734301046,690.0,860256,-0.5227746467181753,-0.5703030980644506,0.0009529246342044996,1826_8,0.0265073031187057,"{""type"":""MultiPoint"",""coordinates"":[]}",0.035591423511505,0.2196114510297773,0.37317257374525,101.56461969017982,378.7497368757613,0.0
4,2020-01-01,-13.0,9.25,0.9821274331250384,0.0013325387749604,843970.5849799061,1124.6235294117646,859329,-0.5369038147707149,-0.6709315196958994,0.0019442852847097,1826_9,0.0,"{""type"":""MultiPoint"",""coordinates"":[]}",0.0004386529326438904,1.3701012358069418,2.5222636759281154,103.08495536446571,434.263386647217,0.0
9,2020-01-01,-13.0,9.5,0.980565393028468,4.741936339579026e-06,843537.2627450977,4.0,860256,-0.5271753981781973,-0.6245942191668176,4.741936339579026e-06,1826_10,0.0074235722422599,"{""type"":""MultiPoint"",""coordinates"":[]}",0.007591210305690731,1.4092465862631793,1.5990501269698136,111.33794952183962,426.54315746040083,0.0
14,2020-01-01,-13.0,9.75,0.9807416420863938,0.0028144957724447,842779.7345524587,2372.0,859329,-0.5416221277472862,-0.6022873721271575,0.0077195962351812,1826_11,0.0085951760411262,"{""type"":""MultiPoint"",""coordinates"":[]}",0.0152708962559699,0.180481933057308,0.24957489222288068,64.99834451824427,312.74442898575217,0.0
5,2020-01-01,-12.75,9.25,0.9811651461823,0.0010965111217047,844053.2039942008,925.513725490196,860256,-0.550903191210655,-0.6195068244343306,0.0024906308533583,1826_12,0.0,"{""type"":""MultiPoint"",""coordinates"":[]}",0.0004386529326438904,1.1760788038372993,1.4542452991008756,67.72579066455364,314.4966480322182,0.0
10,2020-01-01,-12.75,9.5,0.9795537885264508,0.0018348962255829,843576.049818363,1547.8745098039217,861184,-0.5282237485529653,-0.571280034225515,0.0023107703084795,1826_13,0.0023897737264633,"{""type"":""MultiPoint"",""coordinates"":[]}",0.0008279457688331604,0.5581174045801163,0.6400290876626965,52.818320691585534,251.45837210584432,0.0
15,2020-01-01,-12.75,9.75,0.9797961779557376,0.00018641600399877528,842875.5408634911,157.12549019607843,860256,-0.509832498232228,-0.5417448276786873,0.0002029472119033244,1826_14,0.0035837292671203,"{""type"":""MultiPoint"",""coordinates"":[]}",0.0057490542531013,0.05002319812774646,0.11206511408090554,30.33678140491247,184.17889808188193,0.0
1,2020-02-18,-13.75,9.25,0.9770421061282878,0.9879438098883434,839600.6160171154,829478.2313725491,859329,0.4167832116939094,0.3935756897341917,3.233610613079507,1874_0,0.0088708475232124,"{""type"":""MultiPoint"",""coordinates"":[]}",0.05795061588287329,0.10733027011156027,0.24573225528001694,0.3506354987621295,4.691292531788347,0.0
6,2020-02-18,-13.75,9.5,0.611222182814967,0.5643332550440961,525807.5500996723,296730.6862745097,860256,0.2378539700234846,0.144951058531603,1.3404884553064338,1874_1,0.0121537595987319,"{""type"":""MultiPoint"",""coordinates"":[]}",0.09955838322639449,0.1913718879222866,0.3537451848387711,0.5037011578679073,7.029536180198191,0.0
11,2020-02-18,-13.75,9.75,0.0,0.0,0.0,0.0,859329,,,0.0,1874_2,0.0082785263657569,"{""type"":""MultiPoint"",""coordinates"":[]}",0.010663643479347083,0.03506988286972024,0.11745840311050376,0.13846624642610486,9.916140697896479,0.0
2,2020-02-18,-13.5,9.25,0.9805090713612444,0.3105719263451283,843488.8116929387,261963.94509803917,860256,-0.0591221688191535,-0.1975548280885253,1.1179138374485844,1874_3,0.0029969960451126,"{""type"":""MultiPoint"",""coordinates"":[]}",0.08856412023305876,0.14737993478774997,0.7176706567406647,0.7982812821865071,7.484016939997671,0.0
7,2020-02-18,-13.5,9.5,0.4104482419825838,0.0424727749602702,353471.4588235295,15012.913725490198,861184,-0.2928802363242206,-0.4192371024294791,0.0371559961303696,1874_4,0.0116154551506042,"{""type"":""MultiPoint"",""coordinates"":[]}",0.03019906580448149,0.03617350012063961,0.27442816644906953,0.29510725289583145,11.260409839451311,0.0
12,2020-02-18,-13.5,9.75,0.0,0.0,0.0,0.0,860256,,,0.0,1874_5,0.0244844704866409,"{""type"":""MultiPoint"",""coordinates"":[]}",0.006190501153469031,0.011830590665340208,0.9656008332967755,1.0120077058672896,3.5879304632544504,0.0
3,2020-02-18,-13.25,9.25,0.9807831195544602,0.0192896516815968,843724.5632954417,16275.15294117647,860256,-0.3896020396353361,-0.4988551583869416,0.0322399617798383,1874_6,0.0042067840695381,"{""type"":""MultiPoint"",""coordinates"":[]}",0.005254521965980431,0.005978159606456658,0.22197235375642746,0.5149487406015392,17.054440453648567,0.0
8,2020-02-18,-13.25,9.5,0.2032541154467138,0.0,175039.19215686276,0.0,861184,-0.4473985178064704,-0.53261983109144,0.0,1874_7,0.0100433826446533,"{""type"":""MultiPoint"",""coordinates"":[]}",0.012682750821113432,0.013512559235095823,0.7038125768303868,0.7396610453724857,22.863036952912804,0.0
13,2020-02-18,-13.25,9.75,0.0,0.0,0.0,0.0,860256,,,0.0,1874_8,0.0370340421795845,"{""type"":""MultiPoint"",""coordinates"":[]}",0.008406117558479231,0.010150484740734,0.355906784534454,0.4208004102110858,6.214114837348459,0.0
4,2020-02-18,-13.0,9.25,0.9534147387083572,0.0,819296.9339995139,0.0,859329,-0.4604584055211677,-0.5627683064066579,0.0,1874_9,0.0004284083843231201,"{""type"":""MultiPoint"",""coordinates"":[]}",0.0009508803486824037,0.0013764947652816775,0.19084662199020386,0.28370041400194157,8.419777266681193,0.0
9,2020-02-18,-13.0,9.5,0.0236691011449031,0.0,20361.4862745098,0.0,860256,-0.4628429190997503,-0.5693053465889187,0.0,1874_10,0.0069411471486091,"{""type"":""MultiPoint"",""coordinates"":[]}",0.002069398760795531,0.0020898878574370713,0.3143996000289915,0.33095758408307996,5.093630403280257,0.0
14,2020-02-18,-13.0,9.75,0.0,0.0,0.0,0.0,859329,,,0.0,1874_11,0.0109262764453887,"{""type"":""MultiPoint"",""coordinates"":[]}",0.002069398760795531,0.002522952854633269,0.29137730598449685,0.31825620681047395,2.108233049511908,0.0
5,2020-02-18,-12.75,9.25,0.7668664992193575,0.0,659701.5071524476,0.0,860256,-0.4396376495683166,-0.4796401123150819,0.0,1874_12,0.0031236559152603,"{""type"":""MultiPoint"",""coordinates"":[]}",0.03142282366752619,0.033191405236720914,0.28632488101720793,0.28678961098194106,3.6054328083991996,0.0
10,2020-02-18,-12.75,9.5,0.0,0.0,0.0,0.0,861184,,,0.0,1874_13,2.7939677238464355e-06,"{""type"":""MultiPoint"",""coordinates"":[]}",0.005161389708518976,0.006452202796936029,0.12693833559751494,0.13018213212490065,1.4400016516447056,0.0
15,2020-02-18,-12.75,9.75,0.0,0.0,0.0,0.0,860256,,,0.0,1874_14,0.0023338943719863,"{""type"":""MultiPoint"",""coordinates"":[]}",0.0017499551177023928,0.0017704442143439334,0.18115155398845645,0.19179843366146046,0.5158120766282068,0.0
1,2020-03-05,-13.75,9.25,0.5299289635012956,0.976156651100327,455383.3262766048,444525.4627450981,859329,0.7246795540315496,0.6964169720854771,2.104646217355125,1890_0,0.0067884102463722,"{""type"":""MultiPoint"",""coordinates"":[]}",0.1322086900472638,0.1811329275369639,0.2816431224346151,0.4364727064967141,1.7556492239236812,0.0
6,2020-03-05,-13.75,9.5,0.8191314340377703,0.4119862567521525,704662.7309195962,290311.3607843137,860256,0.1287816654516577,0.0303312095373248,1.299993292352306,1890_1,0.0133989378809928,"{""type"":""MultiPoint"",""coordinates"":[]}",0.1860316842794415,0.308213755488395,0.4830574616789807,0.674132257699965,3.144036978483198,0.0
11,2020-03-05,-13.75,9.75,0.979828238796496,0.083880051157224,841994.8206167541,70626.568627451,859329,-0.3127029857027453,-0.4398269551824541,0.2929868906393689,1890_2,0.0028498470783233,"{""type"":""MultiPoint"",""coordinates"":[]}",0.04068203270435289,0.29590539634227675,0.3392538055777539,0.4216618835926043,1.9484944641590103,0.0
2,2020-03-05,-13.5,9.25,0.7878707742629096,0.2188816074163058,677770.5607843136,148351.50980392157,860256,-0.1529696004288278,-0.2722086676999369,0.5973175462951582,1890_3,0.0075902789831161,"{""type"":""MultiPoint"",""coordinates"":[]}",0.2306094393134116,0.25846716016530935,0.39037317037582314,1.00484862923622,2.9821041971445066,0.0
7,2020-03-05,-13.5,9.5,0.9789612722876012,0.0211863354463419,843065.7843137254,17861.474509803928,861184,-0.3812000797324613,-0.4594146986568163,0.0427011405966854,1890_4,0.0004405155777931213,"{""type"":""MultiPoint"",""coordinates"":[]}",0.08191540837287876,0.13902876526117275,0.18681772053241658,0.4250919446349134,2.0866878330707537,0.0
12,2020-03-05,-13.5,9.75,0.9791329953198727,0.0,842305.0340218926,0.0,860256,-0.4814347587440742,-0.5088290079793107,0.0,1890_5,0.0,"{""type"":""MultiPoint"",""coordinates"":[]}",0.11091679334640486,0.42246002703905056,0.4587750881910317,1.4125648885965338,1.618052832782267,0.0
3,2020-03-05,-13.25,9.25,0.962472441206408,0.0161806226808525,827972.6923824598,13397.113725490197,860256,-0.4372578872988401,-0.5382293441364682,0.0220276173457256,1890_6,0.0009816139936447144,"{""type"":""MultiPoint"",""coordinates"":[]}",0.012982636690139646,0.1138495281338688,0.12403447180986356,0.34004822373390126,3.99767979979515,0.0
8,2020-03-05,-13.25,9.5,0.9792166753369004,1.1858376828541944e-06,843285.7333333332,1.0,861184,-0.4894644295840891,-0.558270425760531,1.1858376828541944e-06,1890_7,0.0029448419809341,"{""type"":""MultiPoint"",""coordinates"":[]}",0.0568125396966932,0.48337876796722373,0.506934709846973,1.197254285216331,4.000118933618068,0.0
13,2020-03-05,-13.25,9.75,0.979388430223218,0.0,842524.7734301046,0.0,860256,-0.4881052513864715,-0.5207457251406166,0.0,1890_8,0.0,"{""type"":""MultiPoint"",""coordinates"":[]}",0.1609660685062406,0.7439171895384785,0.7911017164587969,1.136877574026584,1.4373734593391407,0.0
4,2020-03-05,-13.0,9.25,0.9821274331250384,0.0,843970.5849799062,0.0,859329,-0.487670089274194,-0.5892191302279698,0.0,1890_9,0.0,"{""type"":""MultiPoint"",""coordinates"":[]}",0.02010725438594814,0.1301094889640806,0.13191439211368539,0.3223139792680738,2.783511765301227,0.0
9,2020-03-05,-13.0,9.5,0.980565393028468,0.0,843537.2627450977,0.0,860256,-0.4855432410231926,-0.562755457875673,0.0,1890_10,0.0,"{""type"":""MultiPoint"",""coordinates"":[]}",0.032196752727031576,0.2983445301651951,0.30737556517124126,0.6197048351168627,2.1913154050707804,0.0
14,2020-03-05,-13.0,9.75,0.9807416420863938,0.0,842779.7345524587,0.0,859329,-0.4945515308182549,-0.541499827988684,0.0,1890_11,0.0,"{""type"":""MultiPoint"",""coordinates"":[]}",0.04261638969182943,0.1324070617556567,0.14585629105567866,0.43473020195960915,0.6510308012366282,0.0
5,2020-03-05,-12.75,9.25,0.9811651461823004,0.0,844053.2039942009,0.0,860256,-0.4748012700859422,-0.512738084212131,0.0,1890_12,0.0,"{""type"":""MultiPoint"",""coordinates"":[]}",0.0013671815395354394,0.07243826985359166,0.10875333100557287,0.3619063645601268,1.8093623220920556,0.0
10,2020-03-05,-12.75,9.5,0.9795537885264508,0.0,843576.049818363,0.0,861184,-0.4614137353426559,-0.4752122848863065,0.0,1890_13,0.0,"{""type"":""MultiPoint"",""coordinates"":[]}",8.381903171539307e-06,0.0746510922908782,0.08110608905553807,0.20161177963018395,0.824727118015289,0.0
15,2020-03-05,-12.75,9.75,0.9797961779557376,0.0,842875.5408634911,0.0,860256,-0.4565301043203859,-0.4659588166523935,0.0,1890_14,0.0,"{""type"":""MultiPoint"",""coordinates"":[]}",0.0042496249079703235,0.004256144165992632,0.008360482752322864,0.18776115030050228,0.25858078151941216,0.0
1,2020-04-06,-13.75,9.25,0.4752760552563432,0.9744397337730596,408418.4972873781,397979.2117647058,859329,0.5846323474545259,0.3847233129819821,1.8784193179875623,1922_0,0.0010756775736808,"{""type"":""MultiPoint"",""coordinates"":[]}",0.6678393110632894,0.8533503860235212,3.765695728361606,4.252324812114237,4.407162778079508,0.0
6,2020-04-06,-13.75,9.5,0.9384709374330432,0.5272114444828406,807325.2547524001,425631.1137254901,860256,0.1891876225437067,-0.011839965301806,1.9549947500339049,1922_1,0.0031637027859687,"{""type"":""MultiPoint"",""coordinates"":[]}",0.5577839910984037,0.8122259750962255,2.7596121653914443,3.414217382669447,3.605300560593603,0.0
11,2020-04-06,-13.75,9.75,0.951852124555606,0.0905004768699084,817954.1343422444,74025.23921568628,859329,-0.3161196413189048,-0.4597742745039634,0.3202414373663573,1922_2,6.51925802230835e-06,"{""type"":""MultiPoint"",""coordinates"":[]}",0.8258903399109838,1.2002475559711452,1.866770908236503,2.223002724349497,2.305419184267519,0.0
2,2020-04-06,-13.5,9.25,0.6012597754758638,0.2532873766545472,517237.3294117648,131009.6862745098,860256,-0.1455798363566937,-0.3133026450865992,0.5652044269455383,1922_3,0.0325413420796394,"{""type"":""MultiPoint"",""coordinates"":[]}",1.3927146792411804,2.666886895895004,7.86927156150341,8.696781471371649,9.311265312135218,0.0
7,2020-04-06,-13.5,9.5,0.9175423010873492,0.0284380753256085,790172.7490196077,22470.992156862743,861184,-0.3875504010811798,-0.4838499256373635,0.0689019755279255,1922_4,0.0031637027859687,"{""type"":""MultiPoint"",""coordinates"":[]}",1.2209480628371239,2.0650057122111316,4.250524565577506,4.564279690384863,4.802562296390532,0.0
12,2020-04-06,-13.5,9.75,0.9665929455120192,2.064734645917776e-05,831517.3809343876,17.16862745098039,860256,-0.5081641816076055,-0.5386691338047619,2.1566432007314768e-05,1922_5,0.0010756775736808,"{""type"":""MultiPoint"",""coordinates"":[]}",1.63031555712223,4.563724622130393,7.824956439435481,8.348194882273672,9.301993064582346,0.0
3,2020-04-06,-13.25,9.25,0.4213829679930105,0.0076006639673925,362497.22651379526,2755.219607843137,860256,-0.4676969870916126,-0.5714203547833069,0.0062251913573243,1922_6,0.0010756775736808,"{""type"":""MultiPoint"",""coordinates"":[]}",2.0331665873527527,8.748898282647133,13.787007890641688,14.018045738339422,14.234067872166632,0.0
8,2020-04-06,-13.25,9.5,0.9153024345142337,8.88050105249609e-06,788243.8117647058,7.0,861184,-0.5219801214023964,-0.601352044000288,8.30086377997936e-06,1922_7,0.0334950163960456,"{""type"":""MultiPoint"",""coordinates"":[]}",3.839491866528988,24.851820897310972,30.796366278082132,31.679861713200808,32.37018967047334,1.0
13,2020-04-06,-13.25,9.75,0.9762986522966473,3.5719951007797144e-06,839866.7734301046,3.0,860256,-0.5283213594666472,-0.5711871592715401,3.560116939742837e-06,1922_8,0.142277218401432,"{""type"":""MultiPoint"",""coordinates"":[]}",1.3881167396903036,10.190415196120739,12.113222852349281,13.203514739871023,13.549298979341982,0.0
4,2020-04-06,-13.0,9.25,0.7122745345587872,0.0,612078.1635078681,0.0,859329,-0.5235730840171354,-0.632110192329965,0.0,1922_9,0.3602877259254455,"{""type"":""MultiPoint"",""coordinates"":[]}",3.6775022745132446,15.147347934544086,18.692671321332455,19.2050002515316,19.39540822058916,2.0
9,2020-04-06,-13.0,9.5,0.9403588480364802,0.0,808949.3411764703,0.0,860256,-0.5201479393414625,-0.6038831789280471,0.0,1922_10,0.2548899501562118,"{""type"":""MultiPoint"",""coordinates"":[]}",5.27004711329937,29.55610305070877,31.25490713864565,31.728209927678108,32.0405475795269,3.0
14,2020-04-06,-13.0,9.75,0.9761496872006634,0.00020504659375885351,838833.7345524589,172.0,859329,-0.5267935748119037,-0.57843210035027,0.000205238996263464,1922_11,0.0378163531422615,"{""type"":""MultiPoint"",""coordinates"":[]}",1.0089920833706854,9.157850407063961,10.748375207185743,10.968361049890516,11.257243342697619,0.0
5,2020-04-06,-12.75,9.25,0.9032910483515154,1.286899355147219e-06,777061.5440906812,1.0,860256,-0.5077332305209358,-0.5565096126090614,1.1842410947681966e-06,1922_12,0.2405820414423942,"{""type"":""MultiPoint"",""coordinates"":[]}",4.020429216325283,13.664687983691692,15.276094898581505,15.654361806809902,15.907956287264824,2.0
10,2020-04-06,-12.75,9.5,0.9460602156390594,1.9638361518192675e-05,814731.9207449077,16.0,861184,-0.4960854393396225,-0.5228947345744986,1.8961386873758723e-05,1922_13,0.2090781927108764,"{""type"":""MultiPoint"",""coordinates"":[]}",2.3595262318849564,16.01895224303007,17.072448506951332,17.19107571989298,17.312053591012955,1.0
15,2020-04-06,-12.75,9.75,0.9728560322772604,2.389756817178326e-06,836905.2389027069,2.0,860256,-0.4903771768466698,-0.5059317596943395,2.371910948752102e-06,1922_14,0.0010496005415916,"{""type"":""MultiPoint"",""coordinates"":[]}",0.30394364148378356,4.559752531349659,6.010304205119609,6.019653752446174,6.199062801897525,0.0
1,2020-05-15,-13.75,9.25,0.0,0.0,0.0,0.0,859329,,,0.0,1961_0,0.0805137678980827,"{""type"":""MultiPoint"",""coordinates"":[]}",7.975847460329533,24.335226975381374,33.04422274231911,55.19069824367761,58.50985180586576,2.0
6,2020-05-15,-13.75,9.5,0.0041992014601894,0.9676581307259998,3612.3882513367657,3495.556862745098,860256,0.3425959608349767,0.2360571652685375,0.0129539439658735,1961_1,0.1945653930306434,"{""type"":""MultiPoint"",""coordinates"":[]}",3.170860931277275,19.970211200416085,28.35354488343,50.98973773419857,53.467908874154084,1.0
11,2020-05-15,-13.75,9.75,0.1083014393600271,0.0415565923636512,93066.56758381276,3867.529411764706,859329,-0.3877658086987542,-0.4908632966084058,0.0088390244090496,1961_2,0.950581394135952,"{""type"":""MultiPoint"",""coordinates"":[]}",2.0653260871767998,19.222217611968517,22.99076039344072,35.58116219937801,36.57227009534835,0.0
2,2020-05-15,-13.5,9.25,0.0,0.0,0.0,0.0,860256,,,0.0,1961_3,0.2907318994402885,"{""type"":""MultiPoint"",""coordinates"":[]}",10.242891497910023,28.090973384678364,39.60355278104544,70.31190302222967,76.24238170683384,2.0
7,2020-05-15,-13.5,9.5,0.0,0.0,0.0,0.0,861184,,,0.0,1961_4,0.7164152339100838,"{""type"":""MultiPoint"",""coordinates"":[]}",6.697690114378929,24.27962701767683,44.232030399143696,71.40733581036329,73.8688912242651,1.0
12,2020-05-15,-13.5,9.75,0.0,0.0,0.0,0.0,860256,,,0.0,1961_5,3.265504725277424,"{""type"":""MultiPoint"",""coordinates"":[]}",6.071122363209724,25.226596742868423,39.68694247305393,68.9592994749546,72.70986586809158,3.0
3,2020-05-15,-13.25,9.25,0.0,0.0,0.0,0.0,860256,,,0.0,1961_6,2.382592298090458,"{""type"":""MultiPoint"",""coordinates"":[]}",17.532731406390663,38.67887612432241,70.38614246994257,122.24977742880583,127.51039303839207,3.0
8,2020-05-15,-13.25,9.5,0.0,0.0,0.0,0.0,861184,,,0.0,1961_7,8.964912965893745,"{""type"":""MultiPoint"",""coordinates"":[]}",24.709374643862247,48.08909073472023,82.82620646059513,173.80578350275755,180.61418179422617,5.0
13,2020-05-15,-13.25,9.75,0.0,0.0,0.0,0.0,860256,,,0.0,1961_8,3.468813374638557,"{""type"":""MultiPoint"",""coordinates"":[]}",15.915486961603165,35.479442216455936,56.437230668962,102.64093428850174,105.63507862389088,3.0
4,2020-05-15,-13.0,9.25,0.0,0.0,0.0,0.0,859329,,,0.0,1961_9,10.113555006682873,"{""type"":""MultiPoint"",""coordinates"":[]}",40.473817847669125,70.52856311202049,133.71340092271566,206.44643902778625,210.44605318456888,6.0
9,2020-05-15,-13.0,9.5,0.0,0.0,0.0,0.0,860256,,,0.0,1961_10,18.143617548048496,"{""type"":""MultiPoint"",""coordinates"":[]}",56.27013649791479,94.14797089993954,180.0426272675395,286.54941264539957,288.5705977678299,7.0
14,2020-05-15,-13.0,9.75,0.0,0.0,0.0,0.0,859329,,,0.0,1961_11,6.35541882365942,"{""type"":""MultiPoint"",""coordinates"":[]}",26.876618154346943,47.87129443138838,91.9635621830821,156.266076490283,158.0730378627777,4.0
5,2020-05-15,-12.75,9.25,0.0,0.0,0.0,0.0,860256,,,0.0,1961_12,7.729313336312771,"{""type"":""MultiPoint"",""coordinates"":[]}",38.81601244211197,65.03862049430609,117.51661356538534,176.723956130445,178.65468189120293,6.0
10,2020-05-15,-12.75,9.5,0.0,0.0,0.0,0.0,861184,,,0.0,1961_13,7.864527404308319,"{""type"":""MultiPoint"",""coordinates"":[]}",36.07312124222517,62.88225017488003,129.0490971878171,188.7705037370324,189.8784665390849,6.0
15,2020-05-15,-12.75,9.75,0.0,0.0,0.0,0.0,860256,,,0.0,1961_14,2.6916516944766045,"{""type"":""MultiPoint"",""coordinates"":[]}",18.91541201621294,36.80227976292372,75.60183387249708,114.5184924826026,115.97801558673382,3.0
1,2020-06-16,-13.75,9.25,0.0,0.0,0.0,0.0,859329,,,0.0,1993_0,4.357592202723026,"{""type"":""MultiPoint"",""coordinates"":[]}",44.12225913256407,91.04372374713421,153.58360577374697,184.99018717557192,208.99497624486685,7.0
6,2020-06-16,-13.75,9.5,0.0,0.0,0.0,0.0,860256,,,0.0,1993_1,3.989941440522671,"{""type"":""MultiPoint"",""coordinates"":[]}",50.49681942909956,96.13748453557491,155.6999860331416,183.32027085125446,207.0416957139969,7.0
11,2020-06-16,-13.75,9.75,0.0225975142777057,0.0290441697422176,19418.6993467466,564.0,859329,-0.3051350057585286,-0.4870450046031147,0.001384369132957,1993_2,4.299283027648926,"{""type"":""MultiPoint"",""coordinates"":[]}",61.13353930413723,118.15812950953841,193.31883965060115,216.6273440234363,230.12496484443545,7.0
2,2020-06-16,-13.5,9.25,0.0,0.0,0.0,0.0,860256,,,0.0,1993_3,3.067473880946636,"{""type"":""MultiPoint"",""coordinates"":[]}",48.10108058154583,90.43412748724222,162.77268854901195,202.31342175975442,233.7707015685737,7.0
7,2020-06-16,-13.5,9.5,0.0,0.0,0.0,0.0,861184,,,0.0,1993_4,2.4569332599639893,"{""type"":""MultiPoint"",""coordinates"":[]}",54.0585070848465,103.71813923120499,173.90222288668156,218.02564337849617,246.40932958573103,7.0
12,2020-06-16,-13.5,9.75,0.0,0.0,0.0,0.0,860256,,,0.0,1993_5,4.966209642589092,"{""type"":""MultiPoint"",""coordinates"":[]}",58.8797670789063,119.22118486836553,219.0281879156828,261.4511661231518,292.95787308365107,6.0
3,2020-06-16,-13.25,9.25,0.0,0.0,0.0,0.0,860256,,,0.0,1993_6,4.3878015130758286,"{""type"":""MultiPoint"",""coordinates"":[]}",74.82186891138554,137.57635932415724,245.31342275440693,318.89396719634533,372.4449062719941,7.0
8,2020-06-16,-13.25,9.5,0.0,0.0,0.0,0.0,861184,,,0.0,1993_7,10.765790939331056,"{""type"":""MultiPoint"",""coordinates"":[]}",90.02780541777611,189.07035887241364,334.9716830998659,425.8560221642256,522.8304713964462,7.0
13,2020-06-16,-13.25,9.75,0.0,0.0,0.0,0.0,860256,,,0.0,1993_8,10.5486698448658,"{""type"":""MultiPoint"",""coordinates"":[]}",60.05557347089052,145.82351641729474,251.43394898623228,307.2760943323374,359.35484524816275,6.0
4,2020-06-16,-13.0,9.25,0.0,0.0,0.0,0.0,859329,,,0.0,1993_9,4.404621198773384,"{""type"":""MultiPoint"",""coordinates"":[]}",70.57842379435897,135.84400014951825,294.9328599497676,435.27338095009327,517.8757337853312,7.0
9,2020-06-16,-13.0,9.5,0.0,0.0,0.0,0.0,860256,,,0.0,1993_10,7.419781759381294,"{""type"":""MultiPoint"",""coordinates"":[]}",65.04321843385696,162.258118391037,321.47877383977175,502.36653722822666,631.6598877310753,6.0
14,2020-06-16,-13.0,9.75,0.0,0.0,0.0,0.0,859329,,,0.0,1993_11,7.8079719096422195,"{""type"":""MultiPoint"",""coordinates"":[]}",53.7135093472898,144.09162709489465,262.56835041567683,353.9051781408489,432.4843385256827,6.0
5,2020-06-16,-12.75,9.25,0.0,0.0,0.0,0.0,860256,,,0.0,1993_12,4.7951871529221535,"{""type"":""MultiPoint"",""coordinates"":[]}",46.903250738978386,94.81613431125879,215.30572324991226,333.0412656068802,404.0496526286006,6.0
10,2020-06-16,-12.75,9.5,0.0,0.0,0.0,0.0,861184,,,0.0,1993_13,2.901859581470489,"{""type"":""MultiPoint"",""coordinates"":[]}",34.62736215442419,93.20613276213408,211.6071623750031,333.90192361548543,413.43017062172294,6.0
15,2020-06-16,-12.75,9.75,0.0,0.0,0.0,0.0,860256,,,0.0,1993_14,2.9659736901521683,"{""type"":""MultiPoint"",""coordinates"":[]}",25.759215466678146,83.45160679891707,158.47234474495053,234.31201791390777,283.4447822533548,6.0
1,2020-07-02,-13.75,9.25,0.0,0.0,0.0,0.0,859329,,,0.0,2009_0,49.753391183912754,"{""type"":""MultiPoint"",""coordinates"":[]}",59.11531392484903,199.19494353234768,269.1330974921584,367.8135918453336,412.2634772211313,7.0
6,2020-07-02,-13.75,9.5,0.0,0.0,0.0,0.0,860256,,,0.0,2009_1,25.597705505788326,"{""type"":""MultiPoint"",""coordinates"":[]}",58.22043865919113,238.90326544642448,322.84739427268505,404.8282699659467,449.5423762127757,7.0
11,2020-07-02,-13.75,9.75,0.0,0.0,0.0,0.0,859329,,,0.0,2009_2,32.202268950641155,"{""type"":""MultiPoint"",""coordinates"":[]}",61.33238971233368,235.4768356308341,347.9033182375133,439.46432834491134,469.42985849455,7.0
2,2020-07-02,-13.5,9.25,0.0,0.0,0.0,0.0,860256,,,0.0,2009_3,27.77775377035141,"{""type"":""MultiPoint"",""coordinates"":[]}",44.33420952409506,201.85989793390036,274.64967407286167,381.8996059708297,436.8618610315025,7.0
7,2020-07-02,-13.5,9.5,0.0,0.0,0.0,0.0,861184,,,0.0,2009_4,22.49059174209833,"{""type"":""MultiPoint"",""coordinates"":[]}",39.36644736677408,212.64563128352165,305.57399056851864,399.5826356112957,459.9428717046976,7.0
12,2020-07-02,-13.5,9.75,0.0,0.0,0.0,0.0,860256,,,0.0,2009_5,26.842794381082054,"{""type"":""MultiPoint"",""coordinates"":[]}",45.55497970432043,172.28061612695456,283.4321935661137,411.16485744714737,466.3027683272958,7.0
3,2020-07-02,-13.25,9.25,0.0,0.0,0.0,0.0,860256,,,0.0,2009_6,15.819150023162363,"{""type"":""MultiPoint"",""coordinates"":[]}",61.087931506335735,213.60319294035435,344.6824913844466,490.7918032258749,582.7896120026708,7.0
8,2020-07-02,-13.25,9.5,0.0,0.0,0.0,0.0,861184,,,0.0,2009_7,27.698643505573276,"{""type"":""MultiPoint"",""coordinates"":[]}",81.74048364162445,269.7113025933504,457.7612718567252,658.4659749642015,780.1219844259322,7.0
13,2020-07-02,-13.25,9.75,0.0,0.0,0.0,0.0,860256,,,0.0,2009_8,17.550433054566383,"{""type"":""MultiPoint"",""coordinates"":[]}",61.435273848474026,178.4464092925191,321.29825791344047,464.8441802710295,538.7429352849722,7.0
4,2020-07-02,-13.0,9.25,0.0,0.0,0.0,0.0,859329,,,0.0,2009_9,18.030322156846523,"{""type"":""MultiPoint"",""coordinates"":[]}",77.32849568128586,212.30054926127195,347.94315649196506,578.2258361577988,721.1265293881297,7.0
9,2020-07-02,-13.0,9.5,0.0,0.0,0.0,0.0,860256,,,0.0,2009_10,18.172849901020527,"{""type"":""MultiPoint"",""coordinates"":[]}",79.66096280142665,218.95549446344376,381.7672450095415,641.615373082459,829.8680037260056,7.0
14,2020-07-02,-13.0,9.75,0.0,0.0,0.0,0.0,859329,,,0.0,2009_11,18.63467413932085,"{""type"":""MultiPoint"",""coordinates"":[]}",57.17484327033162,156.48573637008667,292.62728383764625,471.09670797362924,587.770854588598,7.0
5,2020-07-02,-12.75,9.25,0.0,0.0,0.0,0.0,860256,,,0.0,2009_12,12.76075839996338,"{""type"":""MultiPoint"",""coordinates"":[]}",53.06391790509224,148.22388254106045,245.4945221543312,426.3638900592923,544.4793850183487,7.0
10,2020-07-02,-12.75,9.5,0.0,0.0,0.0,0.0,861184,,,0.0,2009_13,10.282560251653194,"{""type"":""MultiPoint"",""coordinates"":[]}",46.27803433686495,134.29079484194517,223.5457729548216,406.2193031422794,535.2664249949157,7.0
15,2020-07-02,-12.75,9.75,0.0,0.0,0.0,0.0,860256,,,0.0,2009_14,9.83922090381384,"{""type"":""MultiPoint"",""coordinates"":[]}",32.404462806880474,85.63741855323315,155.86347319185734,278.8224262185395,367.501771543175,7.0
1,2020-09-13,-13.75,9.25,0.00013498904377717965,0.0344827586206896,116.0,4.0,859329,-0.0529763698748489,-0.4403601386901511,4.742272550566014e-06,2082_0,15.931416302919388,"{""type"":""MultiPoint"",""coordinates"":[]}",226.4885655604303,373.1921701692045,706.4081551507115,2199.7831617482007,2870.3105617314577,7.0
6,2020-09-13,-13.75,9.5,0.0257254475275212,0.0790249270369838,22130.470588235294,1748.858823529412,860256,-0.2023088392575844,-0.3752293643608377,0.0063496025140656,2082_1,12.094434350728989,"{""type"":""MultiPoint"",""coordinates"":[]}",214.62432201951742,403.876137919724,723.2541432604194,2366.131463088095,2997.5479184649885,7.0
11,2020-09-13,-13.75,9.75,0.029273251502966,0.0697312281758715,25155.35394079229,1754.113725490196,859329,-0.2667776026031263,-0.5892751107584304,0.0063970164412423,2082_2,21.62342704832554,"{""type"":""MultiPoint"",""coordinates"":[]}",214.5689125172794,419.0396200865507,694.9797761626542,2042.9142559878528,2616.622841451317,7.0
2,2020-09-13,-13.5,9.25,0.0173413632275809,0.0322429025788801,14918.01176470588,481.0,860256,-0.2491843583794431,-0.4758465311538016,0.0016404585380031,2082_3,8.668534457683563,"{""type"":""MultiPoint"",""coordinates"":[]}",249.0846225991845,438.85272927582264,765.678093302995,2201.222791802138,2809.6844130195677,7.0
7,2020-09-13,-13.5,9.5,0.1085181131385372,0.0172277154433764,93454.06274509804,1610.0,861184,-0.3700682071174412,-0.5432788179088442,0.005160925850575,2082_4,19.241404253989455,"{""type"":""MultiPoint"",""coordinates"":[]}",183.55635274201632,384.4752162694931,642.1992187388241,1974.5616121217608,2475.924546830356,7.0
12,2020-09-13,-13.5,9.75,0.0072737839773011,0.0,6257.316309177172,0.0,860256,-0.4487335950340017,-0.6257715876846561,0.0,2082_5,16.78221207112074,"{""type"":""MultiPoint"",""coordinates"":[]}",201.36946067214012,388.88097926974297,625.2048397436738,1621.270002797246,2026.0891146026552,7.0
3,2020-09-13,-13.25,9.25,0.0,0.0,0.0,0.0,860256,,,0.0,2082_6,21.48839132860303,"{""type"":""MultiPoint"",""coordinates"":[]}",174.7557702474296,359.19866943731904,712.8090639598668,1891.436104197055,2448.9462985657156,7.0
8,2020-09-13,-13.25,9.5,0.0,0.0,0.0,0.0,861184,,,0.0,2082_7,21.064927335828543,"{""type"":""MultiPoint"",""coordinates"":[]}",181.99975322932005,369.1579117439687,738.3850300684571,1842.6581341773272,2390.1092200540006,7.0
13,2020-09-13,-13.25,9.75,0.0633365748424688,1.835345012775101e-05,54485.66852768286,1.0,860256,-0.5219665023179653,-0.6878504053825634,1.186705646580946e-06,2082_8,18.67533847689629,"{""type"":""MultiPoint"",""coordinates"":[]}",189.23623580485582,317.5793495029211,607.611465267837,1355.4691676981747,1730.3240736946464,7.0
4,2020-09-13,-13.0,9.25,0.0013179666000434,0.0,1132.566920448752,0.0,859329,-0.4350339986932489,-0.6664191801478383,0.0,2082_9,17.040947452187538,"{""type"":""MultiPoint"",""coordinates"":[]}",184.69685968011615,377.86468584090477,834.1414928436279,1829.6174257993698,2345.3720775432885,7.0
9,2020-09-13,-13.0,9.5,0.0063446229959453,0.0,5458.0,0.0,860256,-0.4844025836164762,-0.6694588997716595,0.0,2082_10,20.510518923401836,"{""type"":""MultiPoint"",""coordinates"":[]}",182.2748356498778,341.33632481098175,761.4449644461274,1637.5615601427853,2102.094431873411,7.0
14,2020-09-13,-13.0,9.75,0.2473273159145046,0.0002023191086063212,212535.53505749535,43.0,859329,-0.5092634292605429,-0.6976460120753456,0.0001340578414900083,2082_11,12.48885691165924,"{""type"":""MultiPoint"",""coordinates"":[]}",155.2897416986525,254.04377654194832,598.4824127517641,1283.8462190702558,1628.0613671988249,7.0
5,2020-09-13,-12.75,9.25,0.0005296621524213337,0.0,455.6450445933668,0.0,860256,-0.4182670593003873,-0.646285312871572,0.0,2082_12,12.44843378663063,"{""type"":""MultiPoint"",""coordinates"":[]}",189.61908342316747,357.0290068164468,804.3299079872668,1554.7744040377438,1897.8663124144077,7.0
10,2020-09-13,-12.75,9.5,0.2066109402733729,0.0063283300862902,177930.03598838445,1126.0,861184,-0.4992601572361518,-0.7129601904363655,0.0040328499707125,2082_13,8.989937603473663,"{""type"":""MultiPoint"",""coordinates"":[]}",161.7959444411099,286.8816126137972,686.7840839549899,1375.5917702801526,1674.1330423392355,7.0
15,2020-09-13,-12.75,9.75,0.2075256448995799,6.721740832732177e-05,178525.18117873307,12.0,860256,-0.4923348970928481,-0.700259377759416,2.846293138502522e-05,2082_14,4.125327803194523,"{""type"":""MultiPoint"",""coordinates"":[]}",136.2167908810079,242.22504487261176,573.7100676633418,1206.7916044034064,1419.0408154390752,7.0
1,2020-09-29,-13.75,9.25,0.0677137064851063,0.9980910081021842,58188.35168013993,58077.27058823529,859329,0.675009266165546,0.5513836488556597,0.2710577265121376,2098_0,0.8973320946097374,"{""type"":""MultiPoint"",""coordinates"":[]}",60.9476063400507,191.0498645156622,546.0366518236697,1363.6152273975313,2876.627848483622,7.0
6,2020-09-29,-13.75,9.5,0.3889973658485015,0.3847242822390633,334637.3179553685,128743.10196078436,860256,0.0752496368675038,-0.0826938460679387,0.5583083084538476,2098_1,1.033090054988861,"{""type"":""MultiPoint"",""coordinates"":[]}",73.1620485894382,167.96098882332444,551.5608037821949,1415.3965688310564,2937.0292080566287,7.0
11,2020-09-29,-13.75,9.75,0.3197601988031554,0.1442927889364197,274779.2118773168,39648.65882352942,859329,-0.230822917630969,-0.4871817994938353,0.1620174040337769,2098_2,2.173641696572304,"{""type"":""MultiPoint"",""coordinates"":[]}",87.99082133919,173.3419606462121,588.307143189013,1327.0794348791242,2576.133122202009,7.0
2,2020-09-29,-13.5,9.25,0.0020468097777369,0.3876801507353022,1760.780392156863,682.6196078431373,860256,0.010600896911703,-0.3528556925564484,0.0023353246460334,2098_3,1.179092563688755,"{""type"":""MultiPoint"",""coordinates"":[]}",51.725484896451235,171.19390377774835,588.2267053239048,1391.151602845639,2785.4701159521937,7.0
7,2020-09-29,-13.5,9.5,0.0455550206482712,0.0626092441300803,39231.2549019608,2456.2392156862743,861184,-0.2454048714926213,-0.4929085498966518,0.0078065640680471,2098_4,1.498519442975521,"{""type"":""MultiPoint"",""coordinates"":[]}",53.64518379792571,130.2599343471229,512.1716186404228,1221.2101425975561,2411.035374738276,7.0
12,2020-09-29,-13.5,9.75,0.2489969569876103,7.936466207801189e-05,214201.12623033367,17.0,860256,-0.4945029432036524,-0.6846370548118422,3.086238813047635e-05,2098_5,2.549645490944385,"{""type"":""MultiPoint"",""coordinates"":[]}",63.19965934380889,129.0101227350533,511.62316324189305,1111.977209802717,2000.8990410715342,6.0
3,2020-09-29,-13.25,9.25,0.034147648643016,0.0386713930507218,29375.71963104641,1136.0,860256,-0.3399511568058968,-0.6250306615824984,0.0040491212426147,2098_6,1.8953802064061165,"{""type"":""MultiPoint"",""coordinates"":[]}",63.78639023751021,184.70229906961322,549.9266856350005,1306.877893395722,2443.1718275882304,7.0
8,2020-09-29,-13.25,9.5,0.0131370071809936,0.0,11313.38039215686,0.0,861184,-0.4485476628697375,-0.6873070339709733,0.0,2098_7,3.305142745375633,"{""type"":""MultiPoint"",""coordinates"":[]}",74.27030988037586,211.5153158083558,583.5409015417099,1345.1005136594176,2353.9999360218644,6.0
13,2020-09-29,-13.25,9.75,0.1343771001865747,0.00010380738974302924,115598.70669810202,12.0,860256,-0.5003022531051886,-0.687116154622539,1.8987290345295132e-05,2098_8,2.7160001918673515,"{""type"":""MultiPoint"",""coordinates"":[]}",52.96530947089195,164.842470549047,480.26295751333237,1048.6423536203802,1735.1967627182603,6.0
4,2020-09-29,-13.0,9.25,0.0006446890539013579,0.0,554.0,0.0,859329,-0.4214493575832043,-0.6761371617579214,0.0,2098_9,2.570255659520626,"{""type"":""MultiPoint"",""coordinates"":[]}",65.29079703614113,169.94866961613297,550.8021456189454,1362.484416924417,2326.083881780505,7.0
9,2020-09-29,-13.0,9.5,0.0344556850564501,0.0,29640.709803921567,0.0,860256,-0.4748028315913951,-0.7023374730786638,0.0,2098_10,2.7950340881943703,"{""type"":""MultiPoint"",""coordinates"":[]}",63.612766563892365,176.3741998001933,521.4634835720062,1263.7232076376677,2085.8529289253056,7.0
14,2020-09-29,-13.0,9.75,0.2718753713178021,0.0044300743398616,233630.39095915557,1035.0,859329,-0.495608691173594,-0.6928844231731532,0.0036088845470142,2098_11,1.683204434812069,"{""type"":""MultiPoint"",""coordinates"":[]}",63.70977312326431,138.59891705214977,386.21268421411514,1005.7252910919487,1622.7161288261414,7.0
5,2020-09-29,-12.75,9.25,0.0140874937000057,0.0,12118.850980392155,0.0,860256,-0.440185275860535,-0.6854108971467424,0.0,2098_12,2.392919734120369,"{""type"":""MultiPoint"",""coordinates"":[]}",52.34370147809386,127.25570751354098,486.69259482994676,1168.7669875100255,1889.6603207103908,7.0
10,2020-09-29,-12.75,9.5,0.063366046787147,0.0036467039738435,54569.82563634246,199.0,861184,-0.4503582998528948,-0.6906257669721441,0.0004017443843877629,2098_13,1.3913502916693687,"{""type"":""MultiPoint"",""coordinates"":[]}",42.55052423104644,107.57448384538293,388.47686955705285,1048.5873692668974,1659.1762294992805,7.0
15,2020-09-29,-12.75,9.75,0.5597897653502848,0.00014953773196777455,481562.50438117457,72.01176470588236,860256,-0.503631399095516,-0.7132626098200849,0.00011531672936138894,2098_14,0.514959916472435,"{""type"":""MultiPoint"",""coordinates"":[]}",38.54771796613932,82.71544426679611,308.75967210158706,928.2930116169155,1421.8457634560764,7.0
1,2020-10-31,-13.75,9.25,0.0713189498743864,0.8770429721711728,61286.44187660662,53750.8431372549,859329,0.7340164185593224,0.5765023310557758,0.2530192050136123,2130_0,0.856827013194561,"{""type"":""MultiPoint"",""coordinates"":[]}",11.569508351385593,59.570963494479656,253.83834773674607,767.5653379410505,1618.0128743872046,5.0
6,2020-10-31,-13.75,9.5,0.5765929976728037,0.4080187878596635,496017.5858060154,202384.49411764703,860256,0.1313785768102734,-0.0979322443419423,0.9132694174269096,2130_1,0.921209342777729,"{""type"":""MultiPoint"",""coordinates"":[]}",10.496240109205246,57.596935890614986,232.34782880172133,752.5361925363541,1640.778448432684,5.0
11,2020-10-31,-13.75,9.75,0.9383320146974942,0.1132947815382455,806335.911857983,91353.65098039217,859329,-0.2969451494335804,-0.5589159460043893,0.3901382176621524,2130_2,1.0564373806118963,"{""type"":""MultiPoint"",""coordinates"":[]}",11.556562967598438,70.41228748857975,229.23670383170247,791.8231715448201,1542.0985291711986,7.0
2,2020-10-31,-13.5,9.25,0.4811130685767594,0.2692499129922944,413880.4039215687,111437.26274509804,860256,-0.0622588701366321,-0.3479866069894495,0.4860280572422602,2130_3,0.8127698674798012,"{""type"":""MultiPoint"",""coordinates"":[]}",7.564559578895569,44.912004843354225,259.05256625264883,797.2726658917965,1645.2971599064767,3.0
7,2020-10-31,-13.5,9.5,0.8759039310767414,0.0564405955731209,754314.4509803924,42573.9568627451,861184,-0.3754555151151799,-0.580863419354259,0.140173821711166,2130_4,1.0679364204406738,"{""type"":""MultiPoint"",""coordinates"":[]}",8.722109720110893,60.53133262321353,283.2309468649328,773.0504511855543,1501.6805096529424,5.0
12,2020-10-31,-13.5,9.75,0.9632981740573652,0.00011875209108559484,828683.0340218927,98.40784313725489,860256,-0.5558219298873838,-0.6783286303164106,0.00017905771068279085,2130_5,0.0682799145579338,"{""type"":""MultiPoint"",""coordinates"":[]}",2.8851702809333797,56.127252988517284,263.909462839365,767.8606198169291,1366.4401788264513,1.0
3,2020-10-31,-13.25,9.25,0.7620802084192633,0.0477080762766709,655584.0717739217,31276.654901960785,860256,-0.4085990394876616,-0.6405037326734402,0.1152132074808137,2130_6,1.6798675060272217,"{""type"":""MultiPoint"",""coordinates"":[]}",12.37578596919775,79.06810054555535,304.0475216694176,802.2854356095195,1610.5879521928728,5.0
8,2020-10-31,-13.25,9.5,0.820611782447075,3.679083521760584e-05,706697.7372549018,26.0,861184,-0.5271773273229978,-0.6934276468486467,3.913264353418842e-05,2130_7,2.12003942579031,"{""type"":""MultiPoint"",""coordinates"":[]}",15.057159587740898,107.53489285707474,388.07921437546617,953.8083295337856,1729.8898589797318,5.0
13,2020-10-31,-13.25,9.75,0.9784945102738076,0.0010109820768228,841755.7734301046,851.0,860256,-0.5570059271940917,-0.6879232204880255,0.0019984123088423,2130_8,0.0443728640675544,"{""type"":""MultiPoint"",""coordinates"":[]}",3.205875866115093,67.79433414340019,302.377310115844,793.034830596298,1356.6127102822065,1.0
4,2020-10-31,-13.0,9.25,0.6034176802070044,0.0020967697493891,518534.3117146049,1087.2470588235294,859329,-0.5011552287676034,-0.7190465488936956,0.0019793784731525,2130_9,0.7177926599979401,"{""type"":""MultiPoint"",""coordinates"":[]}",4.6725803986191465,62.193368561565876,296.6535878367722,793.7488434836268,1651.182206813246,3.0
9,2020-10-31,-13.0,9.5,0.7208594495901994,0.0,620123.6666666666,0.0,860256,-0.5326665164631034,-0.7068150423713869,0.0,2130_10,0.1168418675661087,"{""type"":""MultiPoint"",""coordinates"":[]}",2.116133458912372,60.503664426505566,323.4271942637861,835.2201296947896,1585.231286007911,0.0
14,2020-10-31,-13.0,9.75,0.9666085219426538,0.0029916880388332,830634.7345524587,2485.0,859329,-0.5401630552037144,-0.6962926621605118,0.0067693278189556,2130_11,0.0124406069517135,"{""type"":""MultiPoint"",""coordinates"":[]}",1.0065063834190366,52.286538295447826,257.52359814941883,652.6371315121651,1266.1053207702935,0.0
5,2020-10-31,-12.75,9.25,0.3842044678551712,0.0014674104831465,330514.1986992182,485.0,860256,-0.5013053007047019,-0.7041877594354653,0.0005921205473840984,2130_12,0.1429570838809013,"{""type"":""MultiPoint"",""coordinates"":[]}",2.5063222274184227,43.853758834302425,249.58271579816935,688.6124834418297,1413.973851595074,1.0
10,2020-10-31,-12.75,9.5,0.8357939437249811,0.0021294913225561,719772.3716328541,1532.7490196078431,861184,-0.5149350046282922,-0.6891899377044942,0.002723919409384,2130_13,0.0231200829148292,"{""type"":""MultiPoint"",""coordinates"":[]}",0.7054731249809262,34.19674001634121,230.82822794094682,608.1686308607459,1273.1515979394317,0.0
15,2020-10-31,-12.75,9.75,0.978068785179634,0.0004678908071147752,841389.5408634911,393.678431372549,860256,-0.5280086003897974,-0.6920536737753433,0.0009250917780711382,2130_14,0.0072205439209938,"{""type"":""MultiPoint"",""coordinates"":[]}",0.2813860774040219,29.187551699578762,190.86537137627602,498.82712541148067,1114.4465901888907,0.0
1,2020-11-16,-13.75,9.25,0.0478564194200416,0.8748723368842465,41124.40904380493,35978.60784313726,859329,0.7313313916444002,0.5165286988267423,0.1671200744153689,2146_0,0.0017872080206871,"{""type"":""MultiPoint"",""coordinates"":[]}",6.819425150752068,41.60002619028091,82.94769795611501,476.124778855592,1148.0297311209142,4.0
6,2020-11-16,-13.75,9.5,0.6208966731868708,0.3708616770729248,534130.0884890447,198088.3803921569,860256,0.0898209554564633,-0.1799591675649769,0.8620587442450702,2146_1,0.0027539208531379,"{""type"":""MultiPoint"",""coordinates"":[]}",4.472811706364155,40.85870552808046,85.80263890326023,427.844038233161,1129.8801228404045,2.0
11,2020-11-16,-13.75,9.75,0.9646770089274248,0.155585177777743,828974.9294045949,128976.21176470588,859329,-0.2492867030339613,-0.5216966840174677,0.5321911545354089,2146_2,0.0058067962527275,"{""type"":""MultiPoint"",""coordinates"":[]}",2.444697543978691,46.861252747476094,109.9390434101224,437.2176327742636,1135.8338063582778,0.0
2,2020-11-16,-13.5,9.25,0.6809547527302406,0.226908578066772,585795.4117647059,132922.00392156863,860256,-0.1313665813352887,-0.4041590464752655,0.5477217369741343,2146_3,0.0058058649301528,"{""type"":""MultiPoint"",""coordinates"":[]}",5.673485808074474,39.67409301549196,74.72440460696816,458.93052825704217,1185.6981068849564,4.0
7,2020-11-16,-13.5,9.5,0.9787545801056746,0.0972215616262458,842887.7843137253,81946.86666666664,861184,-0.3469823261238273,-0.5505790771887952,0.2947234620236995,2146_4,0.0147363170981407,"{""type"":""MultiPoint"",""coordinates"":[]}",3.016958944499492,40.44479690492153,92.87339355796576,448.2765840366483,1089.0257554128766,2.0
12,2020-11-16,-13.5,9.75,0.9791329953198732,0.0016254881633647,842305.0340218927,1369.156862745098,860256,-0.5547843418465499,-0.6469805427299301,0.0041814905047603,2146_5,9.313225746154784e-07,"{""type"":""MultiPoint"",""coordinates"":[]}",2.554436214268207,38.079483434557915,85.42705420404673,418.51866664364934,1060.1010019890964,1.0
3,2020-11-16,-13.25,9.25,0.957615276114029,0.0622945448977423,823794.2869687501,51317.89019607842,860256,-0.423189073196887,-0.6342290773950893,0.1992060537289045,2146_6,0.0207666307687759,"{""type"":""MultiPoint"",""coordinates"":[]}",5.994672887027264,49.10162463784218,121.23736506327987,533.77356659621,1234.0584872290492,3.0
8,2020-11-16,-13.25,9.5,0.9792085469926672,8.997559976877743e-05,843278.7333333332,75.87450980392157,861184,-0.5438522748093539,-0.6884090989835581,0.00014911792603295137,2146_7,0.0022128224372863,"{""type"":""MultiPoint"",""coordinates"":[]}",6.581220775842667,69.07027726992965,167.314522434026,651.5627019107342,1391.7884430848062,3.0
13,2020-11-16,-13.25,9.75,0.979388430223218,0.0011385107710323,842524.7734301046,959.2235294117648,860256,-0.5612215138889861,-0.6585408065068639,0.0032886266102909,2146_8,9.313225746154784e-07,"{""type"":""MultiPoint"",""coordinates"":[]}",3.364551812410354,43.60238369554281,103.97623293101788,493.0029693059624,1121.7066016979516,1.0
4,2020-11-16,-13.0,9.25,0.9821274331250384,0.0029202439562021,843970.5849799061,2464.6,859329,-0.542505312391275,-0.725544999614454,0.0081934279312642,2146_9,0.0060079619288444,"{""type"":""MultiPoint"",""coordinates"":[]}",5.655388347804518,44.44381222128868,100.67758429795504,511.8361134082079,1329.8694100230932,3.0
9,2020-11-16,-13.0,9.5,0.980565393028468,1.778226127342135e-05,843537.2627450977,15.0,860256,-0.5554528990941331,-0.6887860592700803,2.489516578278989e-05,2146_10,9.313225746154784e-07,"{""type"":""MultiPoint"",""coordinates"":[]}",2.9200036078691483,48.80884196609259,103.35977282375097,540.4499941505492,1307.747723069042,2.0
14,2020-11-16,-13.0,9.75,0.9807381509904344,0.0029924888723218,842776.7345524589,2522.0,859329,-0.5647326754471155,-0.6743123101508822,0.0107839449481785,2146_11,9.313225746154784e-07,"{""type"":""MultiPoint"",""coordinates"":[]}",1.5147356316447256,23.919574916362762,73.07010609656572,413.3002245798707,1015.6386480666697,0.0
5,2020-11-16,-12.75,9.25,0.9811651461823,0.0031464562399865,844053.2039942008,2655.7764705882355,860256,-0.5560021299827913,-0.7120152094187224,0.0093692789980298,2146_12,9.313225746154784e-07,"{""type"":""MultiPoint"",""coordinates"":[]}",1.5957700088620184,20.74803877621889,57.64335487037897,392.0220248401165,1178.371470887214,0.0
10,2020-11-16,-12.75,9.5,0.9795526273344176,0.0033758099178265,843575.049818363,2847.749019607844,861184,-0.5517410910922307,-0.6703290099700605,0.0093707731617964,2146_13,9.313225746154784e-07,"{""type"":""MultiPoint"",""coordinates"":[]}",1.3678185641765592,25.516651570796967,55.22869527339935,364.7023532539606,1041.1235624924302,0.0
15,2020-11-16,-12.75,9.75,0.9797961779557376,0.0005323187227771451,842875.5408634911,448.678431372549,860256,-0.555521135816234,-0.6519643039130684,0.0014883880727592,2146_14,9.313225746154784e-07,"{""type"":""MultiPoint"",""coordinates"":[]}",0.8741095662117003,13.002349063754082,41.05511214584112,286.96204349398613,853.2862714491785,0.0
1,2020-12-09,-13.75,9.25,0.0,0.0,0.0,0.0,859329,,,0.0,2169_0,4.656612873077393e-06,"{""type"":""MultiPoint"",""coordinates"":[]}",4.608313553035259,20.273172296583652,33.49709417670965,272.9906984604895,703.8700981065631,1.0
6,2020-12-09,-13.75,9.5,0.004077078196507,0.9648530012843723,3507.330981014406,3384.058823529412,860256,0.7407777937704344,0.5641518906505121,0.0149481536333176,2169_1,4.656612873077393e-06,"{""type"":""MultiPoint"",""coordinates"":[]}",3.741760738193989,14.814209192991257,26.979342103004456,246.86086690053344,638.9567740261555,1.0
11,2020-12-09,-13.75,9.75,0.1517469467028152,0.1050605441075466,130400.55196318352,13699.952941176469,859329,-0.3330878664423132,-0.4913055366006575,0.0595619220612144,2169_2,4.656612873077393e-06,"{""type"":""MultiPoint"",""coordinates"":[]}",3.9673699066042905,7.304551079869269,18.028004094958305,241.10657768324018,655.1567791029811,2.0
2,2020-12-09,-13.5,9.25,0.0,0.0,0.0,0.0,860256,,,0.0,2169_3,4.656612873077393e-06,"{""type"":""MultiPoint"",""coordinates"":[]}",4.938995465636253,17.550835385918617,29.280470684170723,266.16613660007715,711.1249337904155,1.0
7,2020-12-09,-13.5,9.5,0.0,0.0,0.0,0.0,861184,,,0.0,2169_4,4.656612873077393e-06,"{""type"":""MultiPoint"",""coordinates"":[]}",3.614279441535473,12.444264255464077,23.901457898318764,293.92152884975076,637.8923798911273,2.0
12,2020-12-09,-13.5,9.75,0.0,0.0,0.0,0.0,860256,,,0.0,2169_5,4.656612873077393e-06,"{""type"":""MultiPoint"",""coordinates"":[]}",3.6759544163942337,10.181385092437266,20.416051149368286,248.5275026410818,614.0176164917648,1.0
3,2020-12-09,-13.25,9.25,0.0,0.0,0.0,0.0,860256,,,0.0,2169_6,0.0734115019440651,"{""type"":""MultiPoint"",""coordinates"":[]}",4.784335382282734,10.055030696094036,25.234433822333813,294.697139877826,718.134019523859,3.0
8,2020-12-09,-13.25,9.5,0.0,0.0,0.0,0.0,861184,,,0.0,2169_7,0.0393148511648178,"{""type"":""MultiPoint"",""coordinates"":[]}",6.951643154025078,13.956952840089798,32.227993942797184,378.8036620244384,865.6564145348966,3.0
13,2020-12-09,-13.25,9.75,0.0,0.0,0.0,0.0,860256,,,0.0,2169_8,4.656612873077393e-06,"{""type"":""MultiPoint"",""coordinates"":[]}",2.008995972573757,2.948087640106678,9.35431756079197,261.1341490410268,692.4055614508688,1.0
4,2020-12-09,-13.0,9.25,0.0,0.0,0.0,0.0,859329,,,0.0,2169_9,0.0217137858271598,"{""type"":""MultiPoint"",""coordinates"":[]}",6.577087566256495,16.639464534819126,28.896495699882507,242.43357544764876,690.2662366628647,3.0
9,2020-12-09,-13.0,9.5,0.0,0.0,0.0,0.0,860256,,,0.0,2169_10,0.0014947727322578,"{""type"":""MultiPoint"",""coordinates"":[]}",3.7951124832034107,17.57022738456726,23.653839714825153,253.7243478000164,732.30657633394,2.0
14,2020-12-09,-13.0,9.75,0.0,0.0,0.0,0.0,859329,,,0.0,2169_11,4.656612873077393e-06,"{""type"":""MultiPoint"",""coordinates"":[]}",0.8429130539298061,4.124870523810386,6.845740601420402,183.67667449638247,555.8425304479897,0.0
5,2020-12-09,-12.75,9.25,0.0,0.0,0.0,0.0,860256,,,0.0,2169_12,0.0004600733518600464,"{""type"":""MultiPoint"",""coordinates"":[]}",3.709305077791214,12.777473777532578,17.498528584837914,175.20076362416148,566.3719926960766,2.0
10,2020-12-09,-12.75,9.5,0.0,0.0,0.0,0.0,861184,,,0.0,2169_13,4.656612873077393e-06,"{""type"":""MultiPoint"",""coordinates"":[]}",1.9824737682938578,9.827421978116035,12.556254863739012,160.02829140052197,503.39826801791787,1.0
15,2020-12-09,-12.75,9.75,0.0,0.0,0.0,0.0,860256,,,0.0,2169_14,4.656612873077393e-06,"{""type"":""MultiPoint"",""coordinates"":[]}",0.2835923805832865,3.8196826353669158,5.073701962828635,123.83282370865345,393.49705586209893,0.0
1,2021-01-19,-13.75,9.25,0.3814242450392299,0.9706685587581002,327768.9150653164,318154.98039215687,859329,0.7730317344411531,0.7062451255017365,1.5073537351105657,2210_0,0.0,"{""type"":""MultiPoint"",""coordinates"":[]}",0.630434602499008,0.9066099300980565,3.296528942883014,44.7435756213963,112.5636943615973,0.0
6,2021-01-19,-13.75,9.5,0.9629084520622176,0.5452836698114737,828347.773337235,451684.5137254903,860256,0.3199490160075227,0.1826791922374177,2.101030666800433,2210_1,0.0,"{""type"":""MultiPoint"",""coordinates"":[]}",0.342268496751785,0.5919383838772768,2.378228120505809,36.84115223586559,100.44520534574986,0.0
11,2021-01-19,-13.75,9.75,0.9798235840018832,0.1106762706193264,841990.8206167542,93188.40392156862,859329,-0.2596326245009822,-0.4519349110247614,0.4173928807891958,2210_2,0.0,"{""type"":""MultiPoint"",""coordinates"":[]}",0.053528696298599555,0.12351386249065416,0.7333280518651002,20.629262551665303,95.93454003334045,0.0
2,2021-01-19,-13.5,9.25,0.7709594927693206,0.2413621678276793,663222.5294117647,160076.82745098037,860256,-0.0920786558903172,-0.307129684557776,0.7328212343496678,2210_3,0.0,"{""type"":""MultiPoint"",""coordinates"":[]}",0.13384874910116187,0.6193136796355245,4.289856180548667,41.329887229949236,101.16999829187989,0.0
7,2021-01-19,-13.5,9.5,0.9789601110955678,0.0334057550621095,843064.7843137254,28163.21568627451,861184,-0.3498164244950701,-0.4709028650869286,0.1063036482976289,2210_4,0.0,"{""type"":""MultiPoint"",""coordinates"":[]}",0.04236865788698188,0.5633793771266934,2.6027997955679885,34.73964147269726,102.332953363657,0.0
12,2021-01-19,-13.5,9.75,0.9791318328752054,0.0001467589864009803,842304.0340218927,123.6156862745098,860256,-0.4872787251345641,-0.5218536406892155,0.00021103263437332508,2210_5,0.0,"{""type"":""MultiPoint"",""coordinates"":[]}",0.08057896047830612,0.22651255130767786,0.5167908966541284,24.44352488964796,75.09535737335682,0.0
3,2021-01-19,-13.25,9.25,0.9548126929915676,0.02900339046092,821383.3480221541,23822.90196078431,860256,-0.4126460627163402,-0.5464847410303788,0.0907334538166107,2210_6,0.0,"{""type"":""MultiPoint"",""coordinates"":[]}",0.08435454219579687,0.6620278581976886,3.5699242725968348,35.95654480159283,122.65604175627232,0.0
8,2021-01-19,-13.25,9.5,0.979214352952834,0.00022278920175691156,843283.7333333333,187.8745098039216,861184,-0.4920489691767043,-0.5768623960630236,0.00023583288788464607,2210_7,0.0,"{""type"":""MultiPoint"",""coordinates"":[]}",0.2500303089618683,1.4054700732231136,4.216210916638373,41.90597590059042,158.90731802210212,0.0
13,2021-01-19,-13.25,9.75,0.979388430223218,0.0008783124524484858,842524.7734301046,740.0,860256,-0.4936159549592429,-0.5305574389874046,0.0015759450986594,2210_8,0.0,"{""type"":""MultiPoint"",""coordinates"":[]}",0.04492793232202527,0.07525552064180366,0.2518640831112857,8.573158644139765,76.91626343876123,0.0
4,2021-01-19,-13.0,9.25,0.9821018317546668,0.0017916805613766,843948.5849799061,1512.0862745098038,859329,-0.4852011884903091,-0.6031818090357596,0.0025001225520666,2210_9,0.0,"{""type"":""MultiPoint"",""coordinates"":[]}",0.25495514273640646,0.5837194621562956,2.108489163219928,42.47284121811389,108.4742471575737,0.0
9,2021-01-19,-13.0,9.5,0.9805642305838004,0.0007219606635737833,843536.2627450977,609.0,860256,-0.4848111845446853,-0.565478583258187,0.0007587098143326442,2210_10,0.0,"{""type"":""MultiPoint"",""coordinates"":[]}",0.02612918615341185,0.2337023615837096,1.4882246032357211,28.38589996099472,96.66015766561031,0.0
14,2021-01-19,-13.0,9.75,0.9807416420863938,0.0030162092131342,842779.7345524587,2542.0,859329,-0.5081089238905614,-0.5532494174449185,0.0079283942891834,2210_11,0.0,"{""type"":""MultiPoint"",""coordinates"":[]}",0.004212372004986224,0.04125852137804007,0.0933045521378514,7.538067176938056,50.011126324534416,0.0
5,2021-01-19,-12.75,9.25,0.9811651461823,0.0023072237610468,844053.2039942008,1947.419607843137,860256,-0.4847907681350812,-0.531826205245011,0.0035160350307803,2210_12,0.0,"{""type"":""MultiPoint"",""coordinates"":[]}",0.02054683864116667,0.15067029744386662,0.8269632235169406,26.28974849358201,63.0036354996264,0.0
10,2021-01-19,-12.75,9.5,0.979553788526451,0.0028885943598476,843576.0498183632,2436.749019607844,861184,-0.4221781481795243,-0.4386347309218845,0.0045265849658305,2210_13,0.0,"{""type"":""MultiPoint"",""coordinates"":[]}",0.005924142897128968,0.10308902710676265,0.6382055580615992,17.037319019436833,52.496955730021,0.0
15,2021-01-19,-12.75,9.75,0.9795973999175724,0.000458840136627794,842704.5408634911,386.6666666666667,860256,-0.4368954029167105,-0.4487820376688912,0.0007251489867028999,2210_14,0.0,"{""type"":""MultiPoint"",""coordinates"":[]}",0.0004498288035397202,0.01605134457349762,0.1551285386085505,7.899106014519928,28.238566126674414,0.0
1,2021-02-27,-13.75,9.25,0.0,0.0,0.0,0.0,859329,,,0.0,2249_0,0.0025713816285133,"{""type"":""MultiPoint"",""coordinates"":[]}",0.49807317554950675,0.7659513503313059,0.7789013907313341,3.157073631882666,34.73377740010619,0.0
6,2021-02-27,-13.75,9.5,0.0237794434341033,1.0015698101240946,20456.40889084798,20488.521568627453,860256,0.4373977608136801,0.2479053683136011,0.0969026044483498,2249_1,0.0049341470003128,"{""type"":""MultiPoint"",""coordinates"":[]}",0.589759089052677,0.73736160993576,0.7552485913038247,2.5688605383038503,27.558544650673866,0.0
11,2021-02-27,-13.75,9.75,0.20791259959363,0.1648225710149993,178665.32629619451,29448.07843137255,859329,-0.2155548360522863,-0.373455805085968,0.1157862820682209,2249_2,9.313225746154784e-07,"{""type"":""MultiPoint"",""coordinates"":[]}",0.9865872561931612,1.1091036722064018,1.113250851631164,1.6773929819464675,13.448894955217837,0.0
2,2021-02-27,-13.5,9.25,0.0,0.0,0.0,0.0,860256,,,0.0,2249_3,0.0108052045106887,"{""type"":""MultiPoint"",""coordinates"":[]}",1.1990526691079137,1.6876664012670515,1.7098421230912204,4.566971212625503,33.7528963573277,0.0
7,2021-02-27,-13.5,9.5,0.0,0.0,0.0,0.0,861184,,,0.0,2249_4,9.313225746154784e-07,"{""type"":""MultiPoint"",""coordinates"":[]}",0.838389620184898,1.1780345812439914,1.1812103912234302,2.5047818198800074,26.94942522794008,0.0
12,2021-02-27,-13.5,9.75,0.0,0.0,0.0,0.0,860256,,,0.0,2249_5,9.313225746154784e-07,"{""type"":""MultiPoint"",""coordinates"":[]}",1.5922049060463908,2.373946830630302,2.382458187639713,2.7849283069372164,18.21979321539402,0.0
3,2021-02-27,-13.25,9.25,0.0,0.0,0.0,0.0,860256,,,0.0,2249_6,9.313225746154784e-07,"{""type"":""MultiPoint"",""coordinates"":[]}",4.04090341180563,6.432068534195422,6.482359953224658,9.179974906146525,33.11131615191698,1.0
8,2021-02-27,-13.25,9.5,0.0,0.0,0.0,0.0,861184,,,0.0,2249_7,9.313225746154784e-07,"{""type"":""MultiPoint"",""coordinates"":[]}",5.8531928807497025,9.63009428232908,9.857539087533949,13.045831583440302,36.82306408882141,1.0
13,2021-02-27,-13.25,9.75,0.0,0.0,0.0,0.0,860256,,,0.0,2249_8,9.313225746154784e-07,"{""type"":""MultiPoint"",""coordinates"":[]}",0.3099376335740087,0.711872242391109,1.282405108213424,1.5190839767456046,6.426662206649779,0.0
4,2021-02-27,-13.0,9.25,0.0,0.0,0.0,0.0,859329,,,0.0,2249_9,9.313225746154784e-07,"{""type"":""MultiPoint"",""coordinates"":[]}",1.7919894307851505,9.916950017213821,9.967837482690811,11.338044889271258,40.08480999618768,0.0
9,2021-02-27,-13.0,9.5,0.0,0.0,0.0,0.0,860256,,,0.0,2249_10,9.313225746154784e-07,"{""type"":""MultiPoint"",""coordinates"":[]}",0.6635561585426328,4.768702201545238,4.898011684417724,5.33563084900379,18.797566182911396,0.0
14,2021-02-27,-13.0,9.75,0.0,0.0,0.0,0.0,859329,,,0.0,2249_11,9.313225746154784e-07,"{""type"":""MultiPoint"",""coordinates"":[]}",0.399444252252579,1.606078818440437,1.750336959958076,1.8359776586294168,7.511105388402937,0.0
5,2021-02-27,-12.75,9.25,0.0,0.0,0.0,0.0,860256,,,0.0,2249_12,9.313225746154784e-07,"{""type"":""MultiPoint"",""coordinates"":[]}",0.24649035185575463,4.354620352387428,4.357671365141868,4.6959277242422095,21.862583700567484,0.0
10,2021-02-27,-12.75,9.5,0.0,0.0,0.0,0.0,861184,,,0.0,2249_13,9.313225746154784e-07,"{""type"":""MultiPoint"",""coordinates"":[]}",0.28707180172204966,1.9721519201993951,2.0013153553009033,2.1571964025497428,12.34992779791355,0.0
15,2021-02-27,-12.75,9.75,0.0,0.0,0.0,0.0,860256,,,0.0,2249_14,9.313225746154784e-07,"{""type"":""MultiPoint"",""coordinates"":[]}",0.2559060230851178,0.7671089842915535,0.7680235430598259,0.8009988814592358,7.974838372319936,0.0
1,2021-03-24,-13.75,9.25,0.3337124330696084,0.9631206225884216,286768.7713972735,276192.91764705884,859329,0.7196345324801726,0.6845373826337806,1.3052541376420983,2274_0,0.0,"{""type"":""MultiPoint"",""coordinates"":[]}",0.002648215740918999,0.012841541320085364,0.8982797153294082,1.1867624707519997,3.601480741053818,0.0
6,2021-03-24,-13.75,9.5,0.8586327187829828,0.4462611291783125,738643.9481293736,329628.0823529412,860256,0.1759874148961582,0.0828132219966752,1.474191614813212,2274_1,0.0,"{""type"":""MultiPoint"",""coordinates"":[]}",0.003627967089414424,0.020958948880433842,0.9501096792519085,1.1424315162003027,2.9547330923378445,0.0
11,2021-03-24,-13.75,9.75,0.9689673541869354,0.0789887349049062,832661.747506105,65770.89803921568,859329,-0.3105512154321271,-0.4396446861480888,0.246402727307296,2274_2,0.0,"{""type"":""MultiPoint"",""coordinates"":[]}",0.0008726492524151475,0.0020274892449381994,1.0469052940607069,1.1801077052950855,1.800181344151496,0.0
2,2021-03-24,-13.5,9.25,0.7812766359380118,0.2103057428000336,672097.9137254902,141346.05098039214,860256,-0.1591528817942401,-0.2737704708894742,0.545322122454931,2274_3,0.0,"{""type"":""MultiPoint"",""coordinates"":[]}",0.003327615559101053,0.02019200474023803,2.169595099985599,2.6872577145695677,5.647583864629267,0.0
7,2021-03-24,-13.5,9.5,0.9789496603672682,0.0189653860739334,843055.7843137254,15988.87843137255,861184,-0.3776358448080736,-0.4492290278660958,0.0302954796982209,2274_4,0.0,"{""type"":""MultiPoint"",""coordinates"":[]}",0.009297393262386223,0.02135429531335813,1.5051392838358872,1.8827347084879866,3.3066757023334485,0.0
12,2021-03-24,-13.5,9.75,0.9791329953198732,0.0,842305.0340218927,0.0,860256,-0.4774442933711312,-0.5055505201527628,0.0,2274_5,0.0,"{""type"":""MultiPoint"",""coordinates"":[]}",0.014691613614559567,0.024357810616493024,1.5928680077195165,2.5465777143836013,2.955643460154532,0.0
3,2021-03-24,-13.25,9.25,0.9603466836568586,0.0105152062407365,826143.9966959145,8687.074509803924,860256,-0.4373491519082573,-0.5390629433349029,0.0128739224649104,2274_6,0.0,"{""type"":""MultiPoint"",""coordinates"":[]}",0.0007105991244316101,0.06093550473451605,4.875482991337776,7.450451143085957,10.541427880525587,0.0
8,2021-03-24,-13.25,9.5,0.9792166753369006,0.0,843285.7333333334,0.0,861184,-0.4914397904122582,-0.5605006349359144,0.0,2274_7,0.0,"{""type"":""MultiPoint"",""coordinates"":[]}",0.002091750502586324,0.2895947545766829,6.948799826204776,11.406216770410536,15.073284506797789,0.0
13,2021-03-24,-13.25,9.75,0.979388430223218,0.0,842524.7734301047,0.0,860256,-0.4886578724640581,-0.5210707883596208,0.0,2274_8,0.0,"{""type"":""MultiPoint"",""coordinates"":[]}",0.006055459380149801,0.34900195896625513,0.9685801342129703,2.1648826077580443,2.4054283276200286,0.0
4,2021-03-24,-13.0,9.25,0.9821274331250384,0.0,843970.5849799061,0.0,859329,-0.4967386763580274,-0.5896589233851902,0.0,2274_9,0.0,"{""type"":""MultiPoint"",""coordinates"":[]}",1.0244548292348554e-05,0.13208575546741486,3.2856902107596393,12.03858759254217,13.4885236620903,0.0
9,2021-03-24,-13.0,9.5,0.980565393028468,0.0,843537.2627450977,0.0,860256,-0.4811067122936868,-0.5561360934426776,0.0,2274_10,0.0,"{""type"":""MultiPoint"",""coordinates"":[]}",0.0010319054126739237,0.20821671932935748,1.997471787035465,6.664894521236419,7.121498696506022,0.0
14,2021-03-24,-13.0,9.75,0.9627019855636884,0.0,827277.7345524589,0.0,859329,-0.4917721367403116,-0.538705185676419,0.0,2274_11,0.0,"{""type"":""MultiPoint"",""coordinates"":[]}",0.0010319054126743678,0.08684955537319175,0.3871684893965717,2.127722837030887,2.2169547155499445,0.0
5,2021-03-24,-12.75,9.25,0.9811651461823004,0.0,844053.203994201,0.0,860256,-0.4873646158587871,-0.5319159958046072,0.0,2274_12,0.0,"{""type"":""MultiPoint"",""coordinates"":[]}",1.0244548320770264e-05,0.1762630417942999,1.2397328391671174,5.5596865713596335,5.899094045162199,0.0
10,2021-03-24,-12.75,9.5,0.889453415087093,0.0,765983.049818363,0.0,861184,-0.4666800228986634,-0.4912648613704856,0.0,2274_13,0.0,"{""type"":""MultiPoint"",""coordinates"":[]}",1.0244548320770264e-05,0.053176656365395675,0.7651550695300098,2.765001729130744,2.921298146247863,0.0
15,2021-03-24,-12.75,9.75,0.9797961779557376,0.0,842875.540863491,0.0,860256,-0.4640417804596028,-0.4788408998611407,0.0,2274_14,0.0,"{""type"":""MultiPoint"",""coordinates"":[]}",1.0244548321214353e-05,0.000500120222568512,0.06913766264915452,0.8367039263248442,0.8713006973266596,0.0
1,2021-04-16,-13.75,9.25,0.0,0.0,0.0,0.0,859329,,,0.0,2297_0,0.0,"{""type"":""MultiPoint"",""coordinates"":[]}",1.2776525691151615,1.410703174769878,2.9807104729115954,4.1190669871866685,4.23461804166436,0.0
6,2021-04-16,-13.75,9.5,9.594009397258e-05,1.0696132093160822,82.53304148047579,88.27843137254904,860256,0.2361065007411603,0.1803615407499985,0.00020946917838676163,2297_1,0.0,"{""type"":""MultiPoint"",""coordinates"":[]}",1.9641434773802753,2.097925171256065,2.4991338141262522,3.5880650393664824,3.7721847184002377,0.0
11,2021-04-16,-13.75,9.75,0.0979446543709341,0.0081435512347045,84166.68189592045,685.4156862745098,859329,-0.4242863302942296,-0.4924982497948876,0.0013613312340909,2297_2,0.0351406633853912,"{""type"":""MultiPoint"",""coordinates"":[]}",2.2751726210117345,2.8046779334545135,3.0204951763153067,4.190615378320216,4.230311140418051,1.0
2,2021-04-16,-13.5,9.25,0.0,0.0,0.0,0.0,860256,,,0.0,2297_3,0.0,"{""type"":""MultiPoint"",""coordinates"":[]}",3.9253728464245796,4.436936229467392,6.2363315373659125,8.866789750754831,8.992215618491171,1.0
7,2021-04-16,-13.5,9.5,0.0,0.0,0.0,0.0,861184,,,0.0,2297_4,0.0,"{""type"":""MultiPoint"",""coordinates"":[]}",3.337094560265541,3.9045475423336025,4.483970813453197,6.348795257508753,6.388526409864424,2.0
12,2021-04-16,-13.5,9.75,0.0,0.0,0.0,0.0,860256,,,0.0,2297_5,0.0358503311872482,"{""type"":""MultiPoint"",""coordinates"":[]}",2.858243882656098,5.136650055646896,6.170223467051983,8.68761260062456,8.705862797796724,1.0
3,2021-04-16,-13.25,9.25,0.0,0.0,0.0,0.0,860256,,,0.0,2297_6,0.0396324321627616,"{""type"":""MultiPoint"",""coordinates"":[]}",19.18429834768176,23.021856788545847,27.710348833352327,35.10473249480128,35.17513582482934,2.0
8,2021-04-16,-13.25,9.5,0.0,0.0,0.0,0.0,861184,,,0.0,2297_7,0.164855271577835,"{""type"":""MultiPoint"",""coordinates"":[]}",17.79970806092024,29.526742175221443,34.42332707345486,45.59734370559454,45.839618891477585,4.0
13,2021-04-16,-13.25,9.75,0.0,0.0,0.0,0.0,860256,,,0.0,2297_8,0.7904395461082458,"{""type"":""MultiPoint"",""coordinates"":[]}",6.785274483263493,13.854200020432472,14.704383909702301,16.288955695927143,16.869849525392056,5.0
4,2021-04-16,-13.0,9.25,0.0,0.0,0.0,0.0,859329,,,0.0,2297_9,0.8372003212571144,"{""type"":""MultiPoint"",""coordinates"":[]}",24.009140208363505,31.690197996795177,38.03847450762987,49.807000905275345,50.07979832589626,3.0
9,2021-04-16,-13.0,9.5,0.0,0.0,0.0,0.0,860256,,,0.0,2297_10,2.034295350313186,"{""type"":""MultiPoint"",""coordinates"":[]}",23.041641805320978,31.12092101946473,39.13074312731624,45.10841565206647,45.79544207081199,4.0
14,2021-04-16,-13.0,9.75,0.0,0.0,0.0,0.0,859329,,,0.0,2297_11,0.3389939665794372,"{""type"":""MultiPoint"",""coordinates"":[]}",7.6079340651631355,11.44751813262701,17.544304952025414,19.525213167071342,19.672643393278122,2.0
5,2021-04-16,-12.75,9.25,0.0,0.0,0.0,0.0,860256,,,0.0,2297_12,1.2852242216467855,"{""type"":""MultiPoint"",""coordinates"":[]}",17.363710328936577,25.338574312627316,31.99765644967556,37.33575809746981,37.5586012378335,2.0
10,2021-04-16,-12.75,9.5,0.0,0.0,0.0,0.0,861184,,,0.0,2297_13,0.8225925266742706,"{""type"":""MultiPoint"",""coordinates"":[]}",15.368606895208357,18.857077695429325,24.046399630606174,26.543337851762768,26.811830699443814,2.0
15,2021-04-16,-12.75,9.75,0.0,0.0,0.0,0.0,860256,,,0.0,2297_14,0.0979993492364883,"{""type"":""MultiPoint"",""coordinates"":[]}",8.597207255661488,9.533744305372236,14.190690591931341,15.025858767330645,15.02826903015375,2.0
1,2021-05-02,-13.75,9.25,0.0,0.0,0.0,0.0,859329,,,0.0,2313_0,0.0396622344851493,"{""type"":""MultiPoint"",""coordinates"":[]}",16.31331630051136,16.426002606749535,17.836705781519413,19.469700288027525,20.581166725605726,1.0
6,2021-05-02,-13.75,9.5,0.0,0.0,0.0,0.0,860256,,,0.0,2313_1,0.0402638688683509,"{""type"":""MultiPoint"",""coordinates"":[]}",16.323582269251347,16.41784328967333,18.515768460929394,18.97040707990527,20.02344885841012,1.0
11,2021-05-02,-13.75,9.75,0.0737927758567426,0.0022605261233468,63412.27228419877,143.3450980392157,859329,-0.4193810319836432,-0.4708877568609076,0.00022253828096329572,2313_2,0.0189803540706634,"{""type"":""MultiPoint"",""coordinates"":[]}",16.29561185836792,16.379646956920624,19.21946555376053,19.43803019821644,20.610179752111435,1.0
2,2021-05-02,-13.5,9.25,0.0,0.0,0.0,0.0,860256,,,0.0,2313_3,0.1513557508587837,"{""type"":""MultiPoint"",""coordinates"":[]}",16.365330666303635,17.044165171682835,21.481101401150227,23.533450439572334,25.95553919672966,1.0
7,2021-05-02,-13.5,9.5,0.0,0.0,0.0,0.0,861184,,,0.0,2313_4,0.0195931643247604,"{""type"":""MultiPoint"",""coordinates"":[]}",16.295837238430977,16.598994843661785,20.503542385995388,21.111181005835533,22.95501809567213,1.0
12,2021-05-02,-13.5,9.75,0.0,0.0,0.0,0.0,860256,,,0.0,2313_5,0.0288356095552444,"{""type"":""MultiPoint"",""coordinates"":[]}",16.297577880322933,17.238489352166653,22.410989739000797,23.46844132989645,25.975655764341354,1.0
3,2021-05-02,-13.25,9.25,0.0,0.0,0.0,0.0,860256,,,0.0,2313_6,0.2374537289142608,"{""type"":""MultiPoint"",""coordinates"":[]}",16.343778930604458,17.557423561811447,40.61891278252005,45.60585366562008,52.75553883984684,1.0
8,2021-05-02,-13.25,9.5,0.0,0.0,0.0,0.0,861184,,,0.0,2313_7,0.4601189866662025,"{""type"":""MultiPoint"",""coordinates"":[]}",16.578554175794125,20.26852685958147,49.96012430638075,56.05933256447315,66.25920068472624,1.0
13,2021-05-02,-13.25,9.75,0.0,0.0,0.0,0.0,860256,,,0.0,2313_8,0.0754017382860183,"{""type"":""MultiPoint"",""coordinates"":[]}",16.772573813796043,20.302782766520977,34.947422333061695,36.638385616242886,37.95212600380182,1.0
4,2021-05-02,-13.0,9.25,0.0,0.0,0.0,0.0,859329,,,0.0,2313_9,0.4293117672204971,"{""type"":""MultiPoint"",""coordinates"":[]}",16.467934474348993,21.73059806227684,54.25708089023828,62.30279989540576,72.60105758905411,1.0
9,2021-05-02,-13.0,9.5,0.0,0.0,0.0,0.0,860256,,,0.0,2313_10,0.5296701565384865,"{""type"":""MultiPoint"",""coordinates"":[]}",16.647545620799065,24.715853855013847,57.86968441680074,67.57041672244668,72.5443665869534,1.0
14,2021-05-02,-13.0,9.75,0.0,0.0,0.0,0.0,859329,,,0.0,2313_11,0.1482749357819557,"{""type"":""MultiPoint"",""coordinates"":[]}",16.428600065410137,17.721714451909065,29.508226551115513,35.96924152225256,37.729570642113686,1.0
5,2021-05-02,-12.75,9.25,0.0,0.0,0.0,0.0,860256,,,0.0,2313_12,0.5930326879024506,"{""type"":""MultiPoint"",""coordinates"":[]}",16.39361120760441,22.462238557636738,49.085576087236404,56.87225330621004,61.30209099501371,1.0
10,2021-05-02,-12.75,9.5,0.0,0.0,0.0,0.0,861184,,,0.0,2313_13,0.3261463716626167,"{""type"":""MultiPoint"",""coordinates"":[]}",16.405382193624973,20.862193778157234,40.54140299558639,46.46405950188636,48.49616810679435,1.0
15,2021-05-02,-12.75,9.75,0.0,0.0,0.0,0.0,860256,,,0.0,2313_14,0.0584358349442482,"{""type"":""MultiPoint"",""coordinates"":[]}",16.298444010317326,16.83932077139616,26.471064426004887,31.191994436085224,31.964242458343506,1.0
1,2021-06-03,-13.75,9.25,0.0,0.0,0.0,0.0,859329,,,0.0,2345_0,0.1455191522836685,"{""type"":""MultiPoint"",""coordinates"":[]}",8.15512053668499,20.995386876165867,27.520235627889633,45.40008492767811,47.033417504280806,1.0
6,2021-06-03,-13.75,9.5,0.0,0.0,0.0,0.0,860256,,,0.0,2345_1,0.2685030922293663,"{""type"":""MultiPoint"",""coordinates"":[]}",3.1719049438834186,14.117242768406868,18.575742840766907,37.151639349758625,37.60627890005708,1.0
11,2021-06-03,-13.75,9.75,0.0603433419070737,0.0305274083739965,51854.783657663786,1582.992156862745,859329,-0.4408243306479565,-0.5372828340263529,0.0069960669957929,2345_2,0.2504494041204452,"{""type"":""MultiPoint"",""coordinates"":[]}",2.5334926322102547,16.028831712901592,20.420807413756847,39.644692093133926,39.903150871396065,1.0
2,2021-06-03,-13.5,9.25,0.0,0.0,0.0,0.0,860256,,,0.0,2345_3,0.4524709656834602,"{""type"":""MultiPoint"",""coordinates"":[]}",12.724310159683228,26.67760755866766,35.370307974517345,57.02040437608957,59.07321907579899,2.0
7,2021-06-03,-13.5,9.5,0.0,0.0,0.0,0.0,861184,,,0.0,2345_4,0.1846347004175186,"{""type"":""MultiPoint"",""coordinates"":[]}",2.3924773558974266,11.799848638474941,17.189635895192623,37.64797281473875,38.32040447741747,0.0
12,2021-06-03,-13.5,9.75,0.0,0.0,0.0,0.0,860256,,,0.0,2345_5,0.0094622373580932,"{""type"":""MultiPoint"",""coordinates"":[]}",3.2288385555148125,10.977281257510185,19.083176739513874,41.18490219116211,42.58044809103012,1.0
3,2021-06-03,-13.25,9.25,0.0,0.0,0.0,0.0,860256,,,0.0,2345_6,0.7006311789155006,"{""type"":""MultiPoint"",""coordinates"":[]}",8.058551698923111,20.838171243667603,32.807993702590466,73.01236921921372,78.6086986772716,4.0
8,2021-06-03,-13.25,9.5,0.0,0.0,0.0,0.0,861184,,,0.0,2345_7,1.1953776702284813,"{""type"":""MultiPoint"",""coordinates"":[]}",19.159975461661816,39.838358759880066,67.71309114992619,117.163747549057,123.7506465986371,4.0
13,2021-06-03,-13.25,9.75,0.0,0.0,0.0,0.0,860256,,,0.0,2345_8,1.0510124266147614,"{""type"":""MultiPoint"",""coordinates"":[]}",9.086981415748596,23.575411178171635,51.05523578822613,85.8406899496913,87.52171602100134,2.0
4,2021-06-03,-13.0,9.25,0.0,0.0,0.0,0.0,859329,,,0.0,2345_9,1.3376353308558464,"{""type"":""MultiPoint"",""coordinates"":[]}",29.94985738769171,44.870971236377954,67.85822799429297,121.9418509863317,129.96204802766442,5.0
9,2021-06-03,-13.0,9.5,0.0,0.0,0.0,0.0,860256,,,0.0,2345_10,2.1779658272862434,"{""type"":""MultiPoint"",""coordinates"":[]}",49.56444865092635,70.47946518287063,112.49224049970508,170.75644247233868,179.99626975506544,5.0
14,2021-06-03,-13.0,9.75,0.0,0.0,0.0,0.0,859329,,,0.0,2345_11,1.9374582916498184,"{""type"":""MultiPoint"",""coordinates"":[]}",13.854609802365303,24.639399722218513,43.3552535250783,72.94559478759766,79.34308424592018,4.0
5,2021-06-03,-12.75,9.25,0.0,0.0,0.0,0.0,860256,,,0.0,2345_12,0.8807890117168427,"{""type"":""MultiPoint"",""coordinates"":[]}",32.612040638923645,45.41481100022793,68.09655111283064,117.58924182504416,125.17124321311712,4.0
10,2021-06-03,-12.75,9.5,0.0,0.0,0.0,0.0,861184,,,0.0,2345_13,1.6595283523201942,"{""type"":""MultiPoint"",""coordinates"":[]}",28.566014021635056,38.950626738369465,62.027052976191044,102.86360513418913,108.49314834922552,5.0
15,2021-06-03,-12.75,9.75,0.0,0.0,0.0,0.0,860256,,,0.0,2345_14,1.1134780943393707,"{""type"":""MultiPoint"",""coordinates"":[]}",9.873957373201847,15.353700146079063,28.6431098356843,55.1668144762516,59.869096614420414,3.0
1,2021-07-05,-13.75,9.25,0.0,0.0,0.0,0.0,859329,,,0.0,2377_0,12.727700173854828,"{""type"":""MultiPoint"",""coordinates"":[]}",55.42419385164976,200.64643304795027,308.1862023100257,335.85310727357864,353.7322413176298,5.0
6,2021-07-05,-13.75,9.5,0.0106033094448979,0.992226585864716,9121.560569830152,9050.654901960785,860256,0.661206087404324,0.5260335729633471,0.0410666925028425,2377_1,15.063803642988203,"{""type"":""MultiPoint"",""coordinates"":[]}",46.46913334727287,150.17625922337174,258.543842472136,277.3915259167552,295.9674233570695,7.0
11,2021-07-05,-13.75,9.75,0.0294817931394192,0.1091344996640101,25334.559816703964,2764.874509803924,859329,-0.1565763153327884,-0.4626744259484464,0.006262648873866,2377_2,24.981836788356304,"{""type"":""MultiPoint"",""coordinates"":[]}",57.750009931623936,145.3339857980609,262.4438055790961,283.2087320275605,302.35440330579877,7.0
2,2021-07-05,-13.5,9.25,0.0,0.0,0.0,0.0,860256,,,0.0,2377_3,11.893090792000294,"{""type"":""MultiPoint"",""coordinates"":[]}",44.63278688490391,154.08211620524526,258.4705948829651,294.2935135215521,315.9065246582031,7.0
7,2021-07-05,-13.5,9.5,0.0,0.0,0.0,0.0,861184,,,0.0,2377_4,17.77405757457018,"{""type"":""MultiPoint"",""coordinates"":[]}",49.25085790455341,135.03944920375943,234.70285814255476,252.2060116752982,272.5910786539316,7.0
12,2021-07-05,-13.5,9.75,0.0,0.0,0.0,0.0,860256,,,0.0,2377_5,18.21485348045826,"{""type"":""MultiPoint"",""coordinates"":[]}",74.1033274680376,163.62281143665314,271.1086575873196,290.86704878136516,312.55944492295384,7.0
3,2021-07-05,-13.25,9.25,0.0,0.0,0.0,0.0,860256,,,0.0,2377_6,27.19925530254841,"{""type"":""MultiPoint"",""coordinates"":[]}",81.03559445589781,205.24305058643222,379.2463424615562,413.46496948972344,453.42811569571495,7.0
8,2021-07-05,-13.25,9.5,0.0,0.0,0.0,0.0,861184,,,0.0,2377_7,30.05491103976965,"{""type"":""MultiPoint"",""coordinates"":[]}",124.85711369663478,292.9234104231,557.4163179844618,629.1617387905717,677.6372939348221,7.0
13,2021-07-05,-13.25,9.75,0.0,0.0,0.0,0.0,860256,,,0.0,2377_8,28.198943473398685,"{""type"":""MultiPoint"",""coordinates"":[]}",115.31441006809474,216.1242733709514,413.7800745666027,470.4041564837098,504.6048564836383,7.0
4,2021-07-05,-13.0,9.25,0.0,0.0,0.0,0.0,859329,,,0.0,2377_9,31.771681271493435,"{""type"":""MultiPoint"",""coordinates"":[]}",87.60645752772686,220.24159645661712,398.5852119512856,470.2772246673703,524.5584473013878,7.0
9,2021-07-05,-13.0,9.5,0.0,0.0,0.0,0.0,860256,,,0.0,2377_10,34.857614897191525,"{""type"":""MultiPoint"",""coordinates"":[]}",109.07960450276732,260.2120954543352,495.64557196572423,616.589323617518,675.3892018459737,7.0
14,2021-07-05,-13.0,9.75,0.0,0.0,0.0,0.0,859329,,,0.0,2377_11,29.9466522410512,"{""type"":""MultiPoint"",""coordinates"":[]}",83.26376602053642,172.2287656739354,356.21409211307764,403.7569062784314,432.9784279689193,7.0
5,2021-07-05,-12.75,9.25,0.0,0.0,0.0,0.0,860256,,,0.0,2377_12,37.35002409666777,"{""type"":""MultiPoint"",""coordinates"":[]}",62.83745542168617,179.15893672034144,317.65271397307515,389.30632593110204,438.9640032313764,7.0
10,2021-07-05,-12.75,9.5,0.0,0.0,0.0,0.0,861184,,,0.0,2377_13,23.89053534716368,"{""type"":""MultiPoint"",""coordinates"":[]}",53.80191281437874,142.82366493716836,277.9440046288073,343.71031587943435,385.12630900368094,7.0
15,2021-07-05,-12.75,9.75,0.0,0.0,0.0,0.0,860256,,,0.0,2377_14,18.212378956377503,"{""type"":""MultiPoint"",""coordinates"":[]}",38.81292138248682,97.22996596246958,203.5270044580102,234.1828802600503,260.61931625008583,6.0
1,2021-07-21,-13.75,9.25,0.0,0.0,0.0,0.0,859329,,,0.0,2393_0,4.926534369587898,"{""type"":""MultiPoint"",""coordinates"":[]}",77.85634882748127,255.11533115059137,455.4566312581301,588.424134068191,620.0529495254159,7.0
6,2021-07-21,-13.75,9.5,0.0,0.0,0.0,0.0,860256,,,0.0,2393_1,5.614482797682285,"{""type"":""MultiPoint"",""coordinates"":[]}",71.0160955786705,231.69282358139753,389.5322713069618,510.1295355707407,540.5318774282932,7.0
11,2021-07-21,-13.75,9.75,0.0,0.0,0.0,0.0,859329,,,0.0,2393_2,5.771917290985584,"{""type"":""MultiPoint"",""coordinates"":[]}",66.55188836157322,199.10420523956418,368.4709775261581,490.5176926404238,523.6347122117877,7.0
2,2021-07-21,-13.5,9.25,0.0,0.0,0.0,0.0,860256,,,0.0,2393_3,6.207822822034359,"{""type"":""MultiPoint"",""coordinates"":[]}",64.67918306589127,204.69043822959065,360.05385406315327,493.25985414907336,527.4150590412319,7.0
7,2021-07-21,-13.5,9.5,0.0,0.0,0.0,0.0,861184,,,0.0,2393_4,5.662973038852215,"{""type"":""MultiPoint"",""coordinates"":[]}",57.816844433546066,159.3205276876688,306.0736577026546,416.445042937994,445.6160347908735,7.0
12,2021-07-21,-13.5,9.75,0.0,0.0,0.0,0.0,860256,,,0.0,2393_5,5.5396948009729385,"{""type"":""MultiPoint"",""coordinates"":[]}",49.30908605456352,141.53694035485387,321.18199253454804,437.0634760707617,466.94526355713606,7.0
3,2021-07-21,-13.25,9.25,0.0,0.0,0.0,0.0,860256,,,0.0,2393_6,8.166245184838772,"{""type"":""MultiPoint"",""coordinates"":[]}",85.0105918943882,204.93837213143706,424.67247508466244,626.0057287290692,662.3450517654419,7.0
8,2021-07-21,-13.25,9.5,0.0,0.0,0.0,0.0,861184,,,0.0,2393_7,8.427310734987259,"{""type"":""MultiPoint"",""coordinates"":[]}",92.32667041942477,250.6745378486812,551.2239909730852,873.3835504390299,927.0631917752326,7.0
13,2021-07-21,-13.25,9.75,0.0,0.0,0.0,0.0,860256,,,0.0,2393_8,6.692778319120407,"{""type"":""MultiPoint"",""coordinates"":[]}",66.9771982356906,204.7036224976182,439.6385154686869,668.5490505769849,720.1547054573894,7.0
4,2021-07-21,-13.0,9.25,0.0,0.0,0.0,0.0,859329,,,0.0,2393_9,5.778255872428417,"{""type"":""MultiPoint"",""coordinates"":[]}",89.84984224662182,212.14117156341672,446.2395180016756,685.2060086093843,731.9910419173539,7.0
9,2021-07-21,-13.0,9.5,0.0,0.0,0.0,0.0,860256,,,0.0,2393_10,7.321849465370178,"{""type"":""MultiPoint"",""coordinates"":[]}",94.09366501495242,234.92208309471607,509.53951571136713,836.7275958880782,904.7932373359799,7.0
14,2021-07-21,-13.0,9.75,0.0,0.0,0.0,0.0,859329,,,0.0,2393_11,7.854157127439976,"{""type"":""MultiPoint"",""coordinates"":[]}",78.662293497473,212.245702277869,403.4784068353474,622.7292814292014,662.5767885707319,7.0
5,2021-07-21,-12.75,9.25,0.0,0.0,0.0,0.0,860256,,,0.0,2393_12,3.436833620071411,"{""type"":""MultiPoint"",""coordinates"":[]}",74.56390745937824,153.11668207868934,350.63052270561457,553.254590369761,597.5243765860796,7.0
10,2021-07-21,-12.75,9.5,0.0,0.0,0.0,0.0,861184,,,0.0,2393_13,4.7506308183074,"{""type"":""MultiPoint"",""coordinates"":[]}",56.31066393107176,138.05879512801766,289.4768454134464,478.3563334494829,523.2215952128172,7.0
15,2021-07-21,-12.75,9.75,0.0,0.0,0.0,0.0,860256,,,0.0,2393_14,4.965885542333126,"{""type"":""MultiPoint"",""coordinates"":[]}",46.007019467651844,135.94883307814598,238.31701837480068,372.7453937754035,404.7192772850394,7.0
1,2021-08-22,-13.75,9.25,0.0,0.0,0.0,0.0,859329,,,0.0,2425_0,22.46817387640476,"{""type"":""MultiPoint"",""coordinates"":[]}",213.4336782619357,452.3534248583019,983.074548188597,1422.6407944224775,1585.1509640924633,7.0
6,2021-08-22,-13.75,9.5,0.0001640773353327795,0.96452434647757,141.14851218403555,136.14117647058822,860256,0.4952398206052092,0.495239818962382,0.0005389613765159443,2425_1,11.910108849406242,"{""type"":""MultiPoint"",""coordinates"":[]}",269.2836602218449,493.68099542334676,1039.2365474253893,1415.6113895587623,1564.9058744311333,7.0
11,2021-08-22,-13.75,9.75,0.0,0.0,0.0,0.0,859329,,,0.0,2425_2,6.920739077031612,"{""type"":""MultiPoint"",""coordinates"":[]}",282.4112866073847,486.98014207184315,990.0917583145201,1351.3993984088302,1494.3699804134667,7.0
2,2021-08-22,-13.5,9.25,0.0,0.0,0.0,0.0,860256,,,0.0,2425_3,14.706039801239967,"{""type"":""MultiPoint"",""coordinates"":[]}",226.34529462084174,481.1677522957325,1032.4440030381083,1380.5522108450532,1537.3787363059819,7.0
7,2021-08-22,-13.5,9.5,0.0,0.0,0.0,0.0,861184,,,0.0,2425_4,11.986118741333485,"{""type"":""MultiPoint"",""coordinates"":[]}",226.1923225596547,476.7727698199451,938.9336979947984,1241.0728307440877,1366.7915589176118,7.0
12,2021-08-22,-13.5,9.75,0.0,0.0,0.0,0.0,860256,,,0.0,2425_5,7.419221103191376,"{""type"":""MultiPoint"",""coordinates"":[]}",228.8277205079794,426.5467384830117,863.5696931742132,1178.1682083383203,1311.8069828487933,7.0
3,2021-08-22,-13.25,9.25,0.0,0.0,0.0,0.0,860256,,,0.0,2425_6,26.559012942016125,"{""type"":""MultiPoint"",""coordinates"":[]}",216.6449734941125,435.1251879706979,986.3017546012998,1402.9333097860217,1630.3380886092782,7.0
8,2021-08-22,-13.25,9.5,0.0,0.0,0.0,0.0,861184,,,0.0,2425_7,18.69832444936037,"{""type"":""MultiPoint"",""coordinates"":[]}",266.85173716396093,520.9566340781748,1019.9031261727214,1556.8052944727242,1905.7264258153737,7.0
13,2021-08-22,-13.25,9.75,0.0,0.0,0.0,0.0,860256,,,0.0,2425_8,13.00069224089384,"{""type"":""MultiPoint"",""coordinates"":[]}",248.77567309886217,437.77224235236645,863.9240926131606,1291.665578726679,1538.7969501316547,7.0
4,2021-08-22,-13.0,9.25,0.0,0.0,0.0,0.0,859329,,,0.0,2425_9,26.84336109086871,"{""type"":""MultiPoint"",""coordinates"":[]}",235.64323317259547,439.2337999306619,930.4312323220074,1373.1812187470496,1630.1089003682137,7.0
9,2021-08-22,-13.0,9.5,0.0,0.0,0.0,0.0,860256,,,0.0,2425_10,15.86017943918705,"{""type"":""MultiPoint"",""coordinates"":[]}",270.7464899867773,482.6885564252734,896.4630742557347,1400.2706385217607,1740.0716221891344,7.0
14,2021-08-22,-13.0,9.75,0.0,0.0,0.0,0.0,859329,,,0.0,2425_11,14.090984128415585,"{""type"":""MultiPoint"",""coordinates"":[]}",265.62831271439796,437.8545270301402,755.2303299307824,1153.6406059749424,1386.3745531998575,7.0
5,2021-08-22,-12.75,9.25,0.0,0.0,0.0,0.0,860256,,,0.0,2425_12,26.29619464278221,"{""type"":""MultiPoint"",""coordinates"":[]}",175.2959326840937,376.32965482771397,682.5261050835252,1023.3319345861673,1239.9810077622533,7.0
10,2021-08-22,-12.75,9.5,0.0,0.0,0.0,0.0,861184,,,0.0,2425_13,12.988203205168247,"{""type"":""MultiPoint"",""coordinates"":[]}",221.82550327852368,409.44511629641056,675.4571627825499,964.6143624559045,1162.076155655086,7.0
15,2021-08-22,-12.75,9.75,0.0,0.0,0.0,0.0,860256,,,0.0,2425_14,10.938286781311035,"{""type"":""MultiPoint"",""coordinates"":[]}",260.1069803349674,421.3571450673044,623.7970027141273,861.6435290314257,1002.8904867358506,7.0
1,2021-09-07,-13.75,9.25,0.0,0.0,0.0,0.0,859329,,,0.0,2441_0,34.940012730658054,"{""type"":""MultiPoint"",""coordinates"":[]}",112.08043061196804,266.9127113185823,741.5141128003597,1519.227103330195,1849.861734546721,6.0
6,2021-09-07,-13.75,9.5,0.0043072156231075,1.009812566938963,3705.3080830720414,3741.6666666666665,860256,0.4013203890050487,0.3297335934705934,0.0145386786568656,2441_1,34.06481724232435,"{""type"":""MultiPoint"",""coordinates"":[]}",117.06560757011175,264.5002366043627,769.7876999154687,1541.890354361385,1818.755270447582,6.0
11,2021-09-07,-13.75,9.75,0.1634362945377376,0.3479755431142202,140445.54754881954,48871.61568627451,859329,-0.1029251411439123,-0.4274102165785416,0.1866804711544577,2441_2,30.192434787750244,"{""type"":""MultiPoint"",""coordinates"":[]}",113.0435336381197,249.38084930181503,742.9791260510683,1439.2378479242325,1731.7123278044164,7.0
2,2021-09-07,-13.5,9.25,0.0,0.0,0.0,0.0,860256,,,0.0,2441_3,41.595861315727234,"{""type"":""MultiPoint"",""coordinates"":[]}",108.83157420903444,246.8112357892096,742.1746919862926,1485.8160512521863,1766.4338564500213,6.0
7,2021-09-07,-13.5,9.5,0.0,0.0,0.0,0.0,861184,,,0.0,2441_4,35.590956918895245,"{""type"":""MultiPoint"",""coordinates"":[]}",106.45422153174877,271.4802073314786,759.7261336632073,1373.4288420528173,1631.8216999061406,6.0
12,2021-09-07,-13.5,9.75,0.0,0.0,0.0,0.0,860256,,,0.0,2441_5,30.200982932001352,"{""type"":""MultiPoint"",""coordinates"":[]}",113.38264960795641,250.68991165608168,684.2437442392111,1253.243301063776,1547.001436818391,6.0
3,2021-09-07,-13.25,9.25,0.0,0.0,0.0,0.0,860256,,,0.0,2441_6,41.32032860070467,"{""type"":""MultiPoint"",""coordinates"":[]}",109.36403833329678,298.4360344707966,759.7008850425482,1508.228478487581,1921.878487803042,6.0
8,2021-09-07,-13.25,9.5,0.0,0.0,0.0,0.0,861184,,,0.0,2441_7,35.29248479753733,"{""type"":""MultiPoint"",""coordinates"":[]}",131.69193640351295,356.70240176841617,896.1668033152819,1624.8560016974807,2225.4445953294635,6.0
13,2021-09-07,-13.25,9.75,0.0,0.0,0.0,0.0,860256,,,0.0,2441_8,29.84922332689166,"{""type"":""MultiPoint"",""coordinates"":[]}",134.88345500081778,285.6427929364145,736.3888774998486,1344.4039304740727,1797.8204959072173,6.0
4,2021-09-07,-13.0,9.25,0.0,0.0,0.0,0.0,859329,,,0.0,2441_9,25.866687297821045,"{""type"":""MultiPoint"",""coordinates"":[]}",147.14710414409635,360.4278569109738,826.26032223925,1525.2888659015298,1958.9159204624593,6.0
9,2021-09-07,-13.0,9.5,0.0,0.0,0.0,0.0,860256,,,0.0,2441_10,25.961239356547598,"{""type"":""MultiPoint"",""coordinates"":[]}",154.25351867452267,393.7345603480935,892.1318771317601,1522.9392433539033,2064.8273243568838,7.0
14,2021-09-07,-13.0,9.75,0.0,0.0,0.0,0.0,859329,,,0.0,2441_11,17.57832244038582,"{""type"":""MultiPoint"",""coordinates"":[]}",185.4677153751254,342.9754711687565,794.6143266744913,1315.5228481628,1700.1049756072462,7.0
5,2021-09-07,-12.75,9.25,0.0,0.0,0.0,0.0,860256,,,0.0,2441_12,18.24729517102241,"{""type"":""MultiPoint"",""coordinates"":[]}",144.14827292785048,319.1113118082285,721.643733792007,1173.652355093509,1535.805456340313,6.0
10,2021-09-07,-12.75,9.5,0.0,0.0,0.0,0.0,861184,,,0.0,2441_13,15.228626318275928,"{""type"":""MultiPoint"",""coordinates"":[]}",169.5103608071804,351.89421800896525,774.146072100848,1173.300752416253,1477.5809668935835,6.0
15,2021-09-07,-12.75,9.75,0.0,0.0,0.0,0.0,860256,,,0.0,2441_14,7.638334296643734,"{""type"":""MultiPoint"",""coordinates"":[]}",225.07160995155573,343.610224314034,775.5923275835812,1109.6560661680996,1329.3623966164887,7.0
1,2021-09-16,-13.75,9.25,0.0307565325878177,0.7371748808728057,26429.98039215686,19483.517647058823,859329,0.531598898252675,0.2243864151633294,0.0897017590372093,2450_0,34.45401228964329,"{""type"":""MultiPoint"",""coordinates"":[]}",143.70105974376202,264.68638982623816,566.4378399960697,1498.2573920860887,1943.329787813127,7.0
6,2021-09-16,-13.75,9.5,0.1588922412881382,0.3048688151729309,136688.00392156863,41671.90980392157,860256,-0.0110447819054801,-0.2290915199001443,0.1736793765525044,2450_1,31.1894565820694,"{""type"":""MultiPoint"",""coordinates"":[]}",136.6653572767973,261.8644284084439,569.798348005861,1530.3805409930646,1905.3851179778576,7.0
11,2021-09-16,-13.75,9.75,0.1311171954087553,0.1452054503010479,112672.80841341028,16360.70588235294,859329,-0.1809077476704177,-0.4701774268034941,0.0592126986164983,2450_2,29.851583298295736,"{""type"":""MultiPoint"",""coordinates"":[]}",131.20732083916664,252.07263324409723,558.6509611457586,1444.8435776866972,1798.8422587513924,7.0
2,2021-09-16,-13.5,9.25,0.0834357241948224,0.2153971110918427,71776.08235294119,15460.360784313729,860256,-0.1156676061491285,-0.3831070805375027,0.0628367342471717,2450_3,37.10823133587837,"{""type"":""MultiPoint"",""coordinates"":[]}",176.3123399578035,300.3361555747688,588.1937593221664,1554.8301162198186,1906.4729241654277,7.0
7,2021-09-16,-13.5,9.5,0.1704344524856612,0.0296811190781979,146775.42352941172,4356.458823529412,861184,-0.3541061667801006,-0.5823857252600448,0.0155859630426811,2450_4,37.78326790779829,"{""type"":""MultiPoint"",""coordinates"":[]}",161.49897687137127,277.2399354726076,589.7404816932976,1453.2564668916166,1749.723143875599,7.0
12,2021-09-16,-13.5,9.75,0.1277357010892381,3.64015590855596e-05,109885.40327622366,4.0,860256,-0.4839575543128938,-0.703845593054783,1.1870149280952442e-05,2450_5,27.35049556940794,"{""type"":""MultiPoint"",""coordinates"":[]}",125.59140892699361,246.67477793991566,533.5427690297365,1307.1985463611782,1622.354120016098,7.0
3,2021-09-16,-13.25,9.25,0.1696030064557162,0.0082795298730055,145902.0039215686,1208.0,860256,-0.4545304164200489,-0.7030791668196137,0.0047233822865268,2450_6,33.0550828948617,"{""type"":""MultiPoint"",""coordinates"":[]}",186.81443855166435,318.0237589403987,669.633052777499,1590.4870377853513,2011.843465268612,7.0
8,2021-09-16,-13.25,9.5,0.0106290782885686,0.0,9153.592156862744,0.0,861184,-0.4298552446028749,-0.6961182863394458,0.0,2450_7,31.93079028278589,"{""type"":""MultiPoint"",""coordinates"":[]}",208.22846656665206,349.34628335759044,770.5532377585769,1689.3801018595695,2249.562213663012,7.0
13,2021-09-16,-13.25,9.75,0.0762706694015713,0.0009449447600077314,65612.30097671818,62.0,860256,-0.4881923560640979,-0.6889390407970247,0.0001780058469871419,2450_8,17.73043442517519,"{""type"":""MultiPoint"",""coordinates"":[]}",144.10805702209473,285.5594311840832,589.6711512468755,1370.1451672241092,1807.6097867451608,7.0
4,2021-09-16,-13.0,9.25,0.0695350697054714,0.0,59753.50191493304,0.0,859329,-0.4731932800760545,-0.7294238273535744,0.0,2450_9,28.487701900303364,"{""type"":""MultiPoint"",""coordinates"":[]}",159.1026252135634,311.20350677520037,713.2173795253038,1554.741081316024,2001.5591676346958,7.0
9,2021-09-16,-13.0,9.5,0.0090754380091507,0.0,7807.199999999997,0.0,860256,-0.435677786234992,-0.7225395236877123,0.0,2450_10,20.077094435691837,"{""type"":""MultiPoint"",""coordinates"":[]}",158.0362832173705,316.35252945125103,749.2445441894233,1536.9518790394068,2056.5320095047355,7.0
14,2021-09-16,-13.0,9.75,0.1737828229221594,0.00012722934315368458,149336.61943887634,19.0,859329,-0.5074204716947476,-0.7240622587852212,4.7454103182303816e-05,2450_11,15.065663494169712,"{""type"":""MultiPoint"",""coordinates"":[]}",133.00260622054338,315.14047645032406,615.8285685814917,1302.1125346422195,1705.5122670717537,7.0
5,2021-09-16,-12.75,9.25,0.0,0.0,0.0,0.0,860256,,,0.0,2450_12,20.225923508405685,"{""type"":""MultiPoint"",""coordinates"":[]}",120.42927322909236,263.76837585121393,582.938623148948,1203.281837515533,1560.1550280116498,7.0
10,2021-09-16,-12.75,9.5,0.0024013314637686,0.0,2067.988235294118,0.0,861184,-0.4359685592759472,-0.6910943576641294,0.0,2450_13,16.1456149071455,"{""type"":""MultiPoint"",""coordinates"":[]}",131.09459495171905,298.55728382244706,615.9092308953404,1217.362903058529,1517.0476073399186,7.0
15,2021-09-16,-12.75,9.75,0.281156236171357,0.0007118986228653171,241866.33910382693,172.1843137254902,860256,-0.5005548791486917,-0.7296575212136507,0.0004620715068458188,2450_14,12.785317376255987,"{""type"":""MultiPoint"",""coordinates"":[]}",104.8381901346147,320.29126631096005,549.721532035619,1114.2476294189692,1362.9035241901875,7.0
1,2021-10-18,-13.75,9.25,0.0333450696173207,0.702412554615219,28654.3853291826,20127.2,859329,0.5540540870605111,0.3662223783515834,0.0927320618984473,2482_0,4.595255479216576,"{""type"":""MultiPoint"",""coordinates"":[]}",37.13872004300356,77.89690094068646,214.73871124908328,761.0432375222445,1737.1255834586918,7.0
6,2021-10-18,-13.75,9.5,0.3431304327598147,0.3681591654488307,295180.0135642272,108673.2274509804,860256,0.0885718876484548,-0.049821519342969,0.4589842697077536,2482_1,6.166290491819382,"{""type"":""MultiPoint"",""coordinates"":[]}",44.6013156324625,82.27201923727988,218.49210746586323,745.7488966174424,1771.6023665852845,7.0
11,2021-10-18,-13.75,9.75,0.6681159202265468,0.1366850146661898,574131.3856123582,78475.15686274509,859329,-0.2602253229974742,-0.5361912416737797,0.3254943949159884,2482_2,8.751093409955502,"{""type"":""MultiPoint"",""coordinates"":[]}",63.991837203502655,108.73434599488974,230.49264028668404,727.9734793119133,1694.9076307937503,7.0
2,2021-10-18,-13.5,9.25,0.4851751881610435,0.2609997251636045,417374.8666666666,108934.72549019608,860256,-0.0509969222207594,-0.380739517749028,0.4731383908755587,2482_3,2.720491029322148,"{""type"":""MultiPoint"",""coordinates"":[]}",32.52901881933212,70.21682430058718,208.6310926824808,777.7285194024444,1793.3322247117758,6.0
7,2021-10-18,-13.5,9.5,0.6999002558811872,0.0581541286032011,602742.9019607843,35051.98823529412,861184,-0.3737380420519384,-0.5996913861965306,0.1237881862311351,2482_4,4.274736158549786,"{""type"":""MultiPoint"",""coordinates"":[]}",43.74834708869457,91.59126318991183,227.7750396169722,787.4717158265412,1712.7570528537035,7.0
12,2021-10-18,-13.5,9.75,0.7002552670790378,0.00023494956248176784,602398.7950363448,141.53333333333333,860256,-0.5473358127544853,-0.7009541253732372,0.0003258379252423957,2482_5,11.761866509914398,"{""type"":""MultiPoint"",""coordinates"":[]}",65.95501024276018,113.52293472737074,231.25709453597665,715.7655577175319,1557.5989792123437,7.0
3,2021-10-18,-13.25,9.25,0.5511036273643898,0.0504546327993851,474090.2020619805,23920.04705882353,860256,-0.4135391055501585,-0.6597742860821074,0.094689244077414,2482_6,4.088647663593292,"{""type"":""MultiPoint"",""coordinates"":[]}",65.00575225800276,133.6333411745727,327.50720903277397,984.5163063146174,1940.7193968072534,7.0
8,2021-10-18,-13.25,9.5,0.6608091814497797,0.0001107053293917688,569078.2941176471,63.0,861184,-0.522382975466698,-0.7247211993859077,0.0001304421451139614,2482_7,12.181784957647324,"{""type"":""MultiPoint"",""coordinates"":[]}",102.64083556830883,180.45703740790486,391.5416905656457,1125.5247527733445,2100.2615997567773,7.0
13,2021-10-18,-13.25,9.75,0.8159844533254892,0.0014448544071502,701955.5218799721,1014.2235294117648,860256,-0.557406969754412,-0.71101777610587,0.0032720127312387,2482_8,17.122749239206314,"{""type"":""MultiPoint"",""coordinates"":[]}",79.26364801824093,140.86979534476995,280.10608488693833,821.5349246747792,1659.5906144939363,7.0
4,2021-10-18,-13.0,9.25,0.6260667922293166,0.0030069322221105,537997.3504996264,1617.721568627451,859329,-0.5134356785507143,-0.7417588838979008,0.005161105144247,2482_9,8.165569975972176,"{""type"":""MultiPoint"",""coordinates"":[]}",71.83946948498485,136.87073718756437,344.6175744757056,1047.6887128315866,1909.4980540685356,7.0
9,2021-10-18,-13.0,9.5,0.5976600171184793,0.0,514140.61568627454,0.0,860256,-0.5310450926840025,-0.7379067966853908,0.0,2482_10,14.595306478440762,"{""type"":""MultiPoint"",""coordinates"":[]}",81.83926669880748,142.39551639184356,332.38827949389815,1053.5301524214447,1874.343243893236,7.0
14,2021-10-18,-13.0,9.75,0.6387185274949485,0.0048590798209566,548869.3535137066,2667.0,859329,-0.5343349851733409,-0.7175642296246303,0.0115752421187434,2482_11,9.40378475934267,"{""type"":""MultiPoint"",""coordinates"":[]}",44.05510425567627,90.16852313652635,217.99570228904486,798.1528360396624,1521.1920076981187,7.0
5,2021-10-18,-12.75,9.25,0.4821118233425983,0.0046182913024806,414739.5887014103,1915.3882352941173,860256,-0.5115541189240363,-0.7314099249281091,0.0071181899316054,2482_12,6.540201604366303,"{""type"":""MultiPoint"",""coordinates"":[]}",58.213782496750355,105.71546852588654,273.9296001382172,853.9678221568465,1480.7376433163881,7.0
10,2021-10-18,-12.75,9.5,0.7262929164310096,0.0059071388822995,625471.8389437225,3694.7490196078434,861184,-0.5165055365719732,-0.7253991312455712,0.0129175888771091,2482_13,9.967619553208351,"{""type"":""MultiPoint"",""coordinates"":[]}",34.89390201866627,73.08485545217991,196.16025406867266,797.3221531137824,1419.7821272537112,6.0
15,2021-10-18,-12.75,9.75,0.6701512885919781,0.0006195992492250668,576501.6669189808,357.2,860256,-0.5287389941590238,-0.7260639554404543,0.0011268065264422,2482_14,5.962851457297802,"{""type"":""MultiPoint"",""coordinates"":[]}",16.177386976778507,43.54189522564411,118.52333135902882,642.0407155528665,1236.5814289078116,6.0
1,2021-11-26,-13.75,9.25,0.0,0.0,0.0,0.0,859329,,,0.0,2521_0,0.185021199285984,"{""type"":""MultiPoint"",""coordinates"":[]}",2.897636964917183,22.436468861997128,110.67105224356055,386.57370395958424,854.4207094237208,1.0
6,2021-11-26,-13.75,9.5,0.0033283222989561,1.0027470162212635,2863.209227610803,2871.074509803921,860256,0.899909159133624,0.8033030531134587,0.0136251088585339,2521_1,0.5784798413515091,"{""type"":""MultiPoint"",""coordinates"":[]}",1.9564758986234663,20.61258628964424,113.36419777944684,392.8743959404528,838.9097373001277,0.0
11,2021-11-26,-13.75,9.75,0.0977723264997281,0.2043886935529366,84018.59555868486,17172.45098039216,859329,-0.1662466943737471,-0.3629740830112128,0.0786068660360288,2521_2,2.0288564264774323,"{""type"":""MultiPoint"",""coordinates"":[]}",2.2887103259563446,24.63421504944563,142.71490089595318,416.7887978255749,846.0337808355689,0.0
2,2021-11-26,-13.5,9.25,0.0,0.0,0.0,0.0,860256,,,0.0,2521_3,0.2348339185118675,"{""type"":""MultiPoint"",""coordinates"":[]}",3.3821482211351395,24.13600403815508,99.33248721063137,392.84989377483726,866.6554624214768,0.0
7,2021-11-26,-13.5,9.5,0.0,0.0,0.0,0.0,861184,,,0.0,2521_4,0.2777846530079841,"{""type"":""MultiPoint"",""coordinates"":[]}",2.9612267389893527,40.164089761674404,138.34250438958406,415.4046354815364,868.1010231375694,1.0
12,2021-11-26,-13.5,9.75,0.0,0.0,0.0,0.0,860256,,,0.0,2521_5,0.9851418435573578,"{""type"":""MultiPoint"",""coordinates"":[]}",1.0899761691689487,30.736936256289482,169.54861860722303,445.0079915113747,853.2343939878047,0.0
3,2021-11-26,-13.25,9.25,0.0,0.0,0.0,0.0,860256,,,0.0,2521_6,1.6482733190059662,"{""type"":""MultiPoint"",""coordinates"":[]}",5.6916410103440285,48.75670839101076,196.81181013584137,585.5474891141057,1088.243879377842,2.0
8,2021-11-26,-13.25,9.5,0.0,0.0,0.0,0.0,861184,,,0.0,2521_7,2.093884162604809,"{""type"":""MultiPoint"",""coordinates"":[]}",5.011058412492274,59.75747015327215,256.8905814550817,702.4520225822926,1269.3925029598176,3.0
13,2021-11-26,-13.25,9.75,0.0,0.0,0.0,0.0,860256,,,0.0,2521_8,0.3423560410737991,"{""type"":""MultiPoint"",""coordinates"":[]}",0.3103325143456455,38.442246150225394,225.2949820831418,555.2340825088322,1013.4107563644648,0.0
4,2021-11-26,-13.0,9.25,0.0,0.0,0.0,0.0,859329,,,0.0,2521_9,0.7588053122162819,"{""type"":""MultiPoint"",""coordinates"":[]}",1.9613811746239378,36.25792916864157,181.06888886541128,582.5166339054704,1094.061803072691,1.0
9,2021-11-26,-13.0,9.5,0.0,0.0,0.0,0.0,860256,,,0.0,2521_10,0.1872759312391281,"{""type"":""MultiPoint"",""coordinates"":[]}",0.3002602607011792,39.79492327198386,208.00028461962938,586.827976629138,1115.3734507970512,0.0
14,2021-11-26,-13.0,9.75,0.0,0.0,0.0,0.0,859329,,,0.0,2521_11,0.0728592276573181,"{""type"":""MultiPoint"",""coordinates"":[]}",0.10623037815093961,21.467423997819424,157.05606015399098,425.14908500015736,915.5854932032526,0.0
5,2021-11-26,-12.75,9.25,0.0,0.0,0.0,0.0,860256,,,0.0,2521_12,0.0666705891489982,"{""type"":""MultiPoint"",""coordinates"":[]}",0.28578471392393084,25.938692968338728,153.05321896448731,501.4132335782051,919.1460115835071,0.0
10,2021-11-26,-12.75,9.5,0.0,0.0,0.0,0.0,861184,,,0.0,2521_13,0.0192318111658096,"{""type"":""MultiPoint"",""coordinates"":[]}",0.0891424715518947,19.59859859198332,121.70732673257588,374.8262468725443,825.558113399893,0.0
15,2021-11-26,-12.75,9.75,0.0,0.0,0.0,0.0,860256,,,0.0,2521_14,0.0043697655200958,"{""type"":""MultiPoint"",""coordinates"":[]}",0.0554258003830906,8.248901925981045,77.31612306088209,251.34929735213518,695.64458867535,0.0
1,2021-12-21,-13.75,9.25,0.4033802404983757,0.9726094208826018,346636.33868722874,337141.768627451,859329,0.6843138199146541,0.6482479462282996,1.5844404401066967,2546_0,0.0034263357520103,"{""type"":""MultiPoint"",""coordinates"":[]}",1.5865033492445946,5.553066730499268,24.860884062945843,214.44273414090276,441.96620117872953,0.0
6,2021-12-21,-13.75,9.5,0.8163368586898456,0.480189910921193,702258.6807090918,337217.5333333333,860256,0.1766181903729531,0.0540951918569485,1.5584223342773091,2546_1,0.0115642324090003,"{""type"":""MultiPoint"",""coordinates"":[]}",0.9524105116724965,4.345683380961417,21.608599461615086,220.9144695661962,445.584446657449,0.0
11,2021-12-21,-13.75,9.75,0.9072423323728732,0.100655795005964,779619.6462356489,78473.23529411765,859329,-0.3246683616515587,-0.5135577906531483,0.3516142226917708,2546_2,0.0009853392839431765,"{""type"":""MultiPoint"",""coordinates"":[]}",0.2304492518305777,1.7364453524351118,15.990760177373886,242.93315270915627,472.92622551321983,0.0
2,2021-12-21,-13.5,9.25,0.6811375255008448,0.1879580524756856,585952.6431372548,110134.51764705882,860256,-0.1932384049272482,-0.3911529276439816,0.4751660714426574,2546_3,0.0,"{""type"":""MultiPoint"",""coordinates"":[]}",1.8204562366008756,5.948291160166264,20.980623550713062,191.24252069741488,440.7599954865873,0.0
7,2021-12-21,-13.5,9.5,0.8070640912429182,0.0480549189917551,695030.6823529413,33399.64313725491,861184,-0.347668840992859,-0.499128248702574,0.1110252252778171,2546_4,0.0,"{""type"":""MultiPoint"",""coordinates"":[]}",0.8816560730338094,3.276876173913479,12.455445714294909,224.0991177968681,459.3234844505787,0.0
12,2021-12-21,-13.5,9.75,0.8208638517252259,0.00012766770704037957,706153.053629736,90.15294117647058,860256,-0.5283377647850208,-0.5839448022170217,0.00021545950181104496,2546_5,0.0,"{""type"":""MultiPoint"",""coordinates"":[]}",0.020666979253291903,0.19830744713544796,8.04317370057106,257.22974445670843,494.63766952976584,0.0
3,2021-12-21,-13.25,9.25,0.8346755671020614,0.031424759524072,718034.664652951,22564.06666666667,860256,-0.4217298587304036,-0.5953119696040107,0.0706009470575962,2546_6,0.0,"{""type"":""MultiPoint"",""coordinates"":[]}",1.5651946887373924,4.745696671307087,24.61489662528038,301.24101508408785,650.2867471426725,0.0
8,2021-12-21,-13.25,9.5,0.9059880168625118,2.931793583958979e-05,780222.3843137254,22.87450980392157,861184,-0.5234356449263488,-0.6360533487605772,3.424048179943307e-05,2546_7,0.0,"{""type"":""MultiPoint"",""coordinates"":[]}",2.8496207669377327,4.176543094217777,30.637438409030437,393.4242008253932,787.524507381022,1.0
13,2021-12-21,-13.25,9.75,0.9507722016204052,0.0008081598557429518,817907.4910771634,661.0,860256,-0.5417376617983701,-0.6007103751149752,0.0007903459606229099,2546_8,0.0,"{""type"":""MultiPoint"",""coordinates"":[]}",1.4767795801162718,1.6825329512357707,13.859281316399573,335.10603569447994,615.1274391449988,0.0
4,2021-12-21,-13.0,9.25,0.8595753455676854,0.0004332180662936114,738658.0221313336,320.0,859329,-0.525349262346606,-0.6855868622895741,0.0003826383990058177,2546_9,0.0,"{""type"":""MultiPoint"",""coordinates"":[]}",0.9323069825768185,2.4720402434468265,13.3906751871109,283.55178516358137,661.118621006608,0.0
9,2021-12-21,-13.0,9.5,0.980565393028468,0.0,843537.2627450977,0.0,860256,-0.5356551210533768,-0.6480525027568319,0.0,2546_10,0.0,"{""type"":""MultiPoint"",""coordinates"":[]}",0.6638038903474807,0.9021637961268422,7.349746301770209,314.6628150716424,667.3768213950098,0.0
14,2021-12-21,-13.0,9.75,0.980741642086394,0.002249698138514,842779.7345524589,1896.0,859329,-0.55183845482025,-0.6234189361488998,0.0036563386501965,2546_11,0.0,"{""type"":""MultiPoint"",""coordinates"":[]}",0.37160236388444934,0.6189346313476555,4.872882738709448,263.06078070774674,485.69344682618976,0.0
5,2021-12-21,-12.75,9.25,0.9807292294319376,0.0015871212525153,843678.203994201,1339.0196078431372,860256,-0.5459865796473609,-0.6411687174293557,0.0018003994143347,2546_12,0.0,"{""type"":""MultiPoint"",""coordinates"":[]}",0.3995699808001515,1.0284380987286559,5.235685035586355,233.30599581822753,543.9578220248222,0.0
10,2021-12-21,-12.75,9.5,0.9795537885264508,0.0021133234164147,843576.049818363,1782.7490196078431,861184,-0.5406538446072792,-0.6053374954513794,0.0027335488195807,2546_13,0.0,"{""type"":""MultiPoint"",""coordinates"":[]}",0.1047123223543166,0.2986239269375799,1.9692424684762944,202.68584229052067,420.0933324173093,0.0
15,2021-12-21,-12.75,9.75,0.9797961779557376,0.00034191078198672224,842875.540863491,288.18823529411765,860256,-0.5360577926201943,-0.5794680048218042,0.0005612127336978747,2546_14,0.0,"{""type"":""MultiPoint"",""coordinates"":[]}",0.0004433095455169678,0.14116894453763948,1.2411372736096373,159.58845242857933,283.0771952867508,0.0
